CD_ISO,CD_ISO3,CD_NV_ISO,NB_PAIS,NU_RIESGO,NB_NIVEL_RIESGO,CD_PARAISO_FISC
DU,,786,DUBAI (UAE),10,RIESGO 10,
TP,,,EAST TIMOR,6,RIESGO 6,
EC,ECU,218,ECUADOR,6,RIESGO 6,
EG,EGY,818,EGIPTO,8,RIESGO 8,
SV,SLV,222,EL SALVADOR,8,RIESGO 8,
AE,ARE,784,EMIRATOS ARABES UNIDOS,10,RIESGO 10,SI
ER,ERI,232,ERITREA,6,RIESGO 6,
SK,SVK,703,ESLOVAQUIA,2,RIESGO 2,
SI,SVN,705,ESLOVENIA,2,RIESGO 2,
ES,ESP,724,ESPAÑA,2,RIESGO 2,
US,USA,840,ESTADOS UNIDOS DE AMERICA,2,RIESGO 2,
EE,EST,233,ESTONIA,8,RIESGO 8,
ET,ETH,231,ETIOPIA,6,RIESGO 6,
PH,PHL,608,FILIPINAS,10,RIESGO 10,
FI,FIN,246,FINLANDIA,2,RIESGO 2,
FJ,FJI,242,FIYI (ISLAS FIJI),10,RIESGO 10,
FR,FRA,250,FRANCIA,2,RIESGO 2,
GA,GAB,266,GABON,8,RIESGO 8,
GM,GMB,270,GAMBIA,6,RIESGO 6,
GE,GEO,268,GEORGIA,6,RIESGO 6,
GH,GHA,288,GHANA,8,RIESGO 8,
GI,GIB,292,GIBRALTAR,10,RIESGO 10,SI
GD,GRD,308,GRANADA,10,RIESGO 10,SI
GR,GRC,300,GRECIA,2,RIESGO 2,
EL,GRC,,GRECIA,2,RIESGO 2,
GL,,304,GROENLANDIA,8,RIESGO 8,SI
GP,,312,GUADALUPE,2,RIESGO 2,
GU,GUM,316,GUAM (ISLA),8,RIESGO 8,SI
GT,GTM,320,GUATEMALA,10,RIESGO 10,
GF,,254,GUAYANA FRANCESA,10,RIESGO 10,
GG,GGY,828,GUERNESEY,10,RIESGO 10,SI
GN,GIN,324,GUINEA,6,RIESGO 6,
GQ,GNQ,226,GUINEA ECUATORIAL,8,RIESGO 8,
GW,GNB,624,GUINEA-BISSAU,8,RIESGO 8,
GY,GUY,328,GUYANA (GEORGETOWN),8,RIESGO 8,SI
HT,HTI,332,HAITI,8,RIESGO 8,
HN,HND,340,HONDURAS,8,RIESGO 8,SI
HK,HKG,344,HONG-KONG,10,RIESGO 10,SI
HU,HUN,348,HUNGRIA,2,RIESGO 2,
IN,IND,356,INDIA,6,RIESGO 6,
ID,IDN,360,INDONESIA,6,RIESGO 6,
IR,IRN,364,IRAN,10,RIESGO 10,
IQ,IRQ,368,IRAQ,6,RIESGO 6,
IE,IRL,372,IRLANDA,2,RIESGO 2,SI
IM,IMN,830,ISLA DE MAN,10,RIESGO 10,SI
CX,,162,ISLA NAVIDAD (CHRISTMAS),8,RIESGO 8,SI
NF,,574,ISLA NORFOLK,8,RIESGO 8,SI
IS,ISL,352,ISLANDIA,2,RIESGO 2,
KY,CYM,136,ISLAS CAIMAN,10,RIESGO 10,SI
IC,,,ISLAS CANARIAS,8,RIESGO 8,SI
CC,,166,ISLAS COCOS (KEELING),8,RIESGO 8,SI
CK,COK,184,ISLAS COOK,10,RIESGO 10,SI
FO,,234,ISLAS FEROE (FAROE ISLANDS),6,RIESGO 6,
AX,,248,ISLAS GLAND,6,RIESGO 6,
HM,,334,ISLAS HEARD Y MCDONALD,2,RIESGO 2,
FK,FLK,238,ISLAS MALVINAS (FALKLANDS),10,RIESGO 10,SI
UM,,581,ISLAS MENORES DE EEUU,2,RIESGO 2,
SB,SLB,90,ISLAS SALOMON,10,RIESGO 10,SI
GS,,239,ISLAS SUR GEORGIA Y SUR SANDWICH,6,RIESGO 6,
TK,,772,ISLAS TOKELAU,8,RIESGO 8,SI
IL,ISR,376,ISRAEL,8,RIESGO 8,
IT,ITA,380,ITALIA,2,RIESGO 2,
JM,JAM,388,JAMAICA,8,RIESGO 8,
JP,JPN,392,JAPON,2,RIESGO 2,
JE,JEY,832,JERSEY,10,RIESGO 10,SI
JO,JOR,400,JORDANIA,10,RIESGO 10,SI
KZ,KAZ,398,KAZAJISTAN,8,RIESGO 8,
KE,KEN,404,KENIA (KENYA),8,RIESGO 8,
KG,KGZ,417,KIRGUIZISTAN,6,RIESGO 6,
KI,KIR,296,KIRIBATI (ANT.ISLAS GILBERT),8,RIESGO 8,SI
XK,,,KOSOVO,8,RIESGO 8,
KW,KWT,414,KUWAIT,8,RIESGO 8,SI
LA,LAO,418,LAOS,8,RIESGO 8,
LS,LSO,426,LESOTHO,6,RIESGO 6,
LV,LVA,428,LETONIA,2,RIESGO 2,
LB,LBN,422,LIBANO,10,RIESGO 10,SI
LR,LBR,430,LIBERIA,10,RIESGO 10,SI
LY,LBY,434,LIBIA (JAMAHIRIYA ARABE),8,RIESGO 8,
LI,LIE,438,LIECHTENSTEIN,10,RIESGO 10,SI
LT,LTU,440,LITUANIA,2,RIESGO 2,
LU,LUX,442,LUXEMBURGO,2,RIESGO 2,SI
MO,MAC,446,MACAO,10,RIESGO 10,SI
MK,MKD,807,MACEDONIA (ANT. REP DE YUGOESLAVIA),6,RIESGO 6,
MG,MDG,450,MADAGASCAR,8,RIESGO 8,
MY,MYS,458,MALASIA,6,RIESGO 6,
MW,MWI,454,MALAWI,6,RIESGO 6,
MV,MDV,462,MALDIVAS,8,RIESGO 8,SI
ML,MLI,466,MALI,8,RIESGO 8,
MT,MLT,470,MALTA,8,RIESGO 8,SI
MP,MNP,580,MARIANAS DEL NORTE (ISLAS),10,RIESGO 10,
MA,MAR,504,MARRUECOS,6,RIESGO 6,
MH,MHL,584,MARSHALL ISLAS,10,RIESGO 10,SI
MQ,,474,MARTINICA,2,RIESGO 2,
MU,MUS,480,MAURICIO,10,RIESGO 10,SI
MR,MRT,478,MAURITANIA,6,RIESGO 6,
YT,,175,MAYOTTE,2,RIESGO 2,
MX,MEX,484,MEXICO,2,RIESGO 2,
FM,FSM,583,MICRONESIA (FED. DE ESTADOS),6,RIESGO 6,
MD,MDA,498,MOLDAVIA (REP. MOLDOVA),6,RIESGO 6,
MC,MCO,492,MONACO,10,RIESGO 10,SI
MN,MNG,496,MONGOLIA,6,RIESGO 6,
ME,MNE,,MONTENEGRO,6,RIESGO 6,
MS,MSR,500,MONTSERRAT,10,RIESGO 10,SI
MZ,MOZ,508,MOZAMBIQUE,8,RIESGO 8,
MM,MMR,104,MYANMAR (BIRMANIA),10,RIESGO 10,
NR,NRU,520,NAURU,10,RIESGO 10,SI
NP,NPL,524,NEPAL,6,RIESGO 6,
NI,NIC,558,NICARAGUA,8,RIESGO 8,
NE,NER,562,NIGER,6,RIESGO 6,
NG,NGA,566,NIGERIA,8,RIESGO 8,
NU,,570,NIUE,10,RIESGO 10,SI
NO,NOR,578,NORUEGA,2,RIESGO 2,
NC,,540,NUEVA CALEDONIA,6,RIESGO 6,
NZ,NZL,554,NUEVA ZELANDA,2,RIESGO 2,SI
XA,,810,OCEANIA AMERICANA,8,RIESGO 8,
OA,,892,OCEANIA AUSTRALIANA,4,RIESGO 4,
ON,,896,OCEANIA NEOZELANDESA,6,RIESGO 6,
OM,OMN,512,OMAN,10,RIESGO 10,SI
NL,NLD,528,PAISES BAJOS,2,RIESGO 2,
PK,PAK,586,PAKISTAN,6,RIESGO 6,
PW,PLW,585,PALAOS (PALAU),8,RIESGO 8,
PA,PAN,591,PANAMA,10,RIESGO 10,SI
PZ,,594,PANAMA CANAL ZONE,8,RIESGO 8,
PG,PNG,598,PAPUA-NUEVA GUINEA,6,RIESGO 6,
PY,PRY,600,PARAGUAY,6,RIESGO 6,
PE,PER,604,PERU,6,RIESGO 6,
PN,,612,PITCAIRN (ISLAS),8,RIESGO 8,SI
PF,,258,POLINESIA FRANCESA,8,RIESGO 8,SI
PL,POL,616,POLONIA,2,RIESGO 2,
PT,PRT,620,PORTUGAL,2,RIESGO 2,
PR,PRI,630,PUERTO RICO,8,RIESGO 8,SI
QA,QAT,634,QATAR,8,RIESGO 8,SI
RP,,898,REGIONES POLARES,4,RIESGO 4,
GB,GBR,826,REINO UNIDO,2,RIESGO 2,SI
UK,GBR,,REINO UNIDO,2,RIESGO 2,SI
CD,COD,180,REP.DEM.CONGO (ANT.ZAIRE),8,RIESGO 8,
DO,DOM,214,REP.DOMINICANA,6,RIESGO 6,
CZ,CZE,203,REPUBLICA CHECA,2,RIESGO 2,
RE,,638,REUNION,2,RIESGO 2,
RW,RWA,646,RUANDA (RWANDA),6,RIESGO 6,
RO,ROU,642,RUMANIA,6,RIESGO 6,
RU,,643,RUSIA (FEDERACION DE),8,RIESGO 8,
EH,,732,SAHARA OCCIDENTAL (WESTERN),8,RIESGO 8,
WS,WSM,882,SAMOA (OCCIDENTAL),10,RIESGO 10,SI
AS,,16,SAMOA AMERICANA,8,RIESGO 8,SI
KN,KNA,659,SAN CRISTOBAL Y NEVIS,10,RIESGO 10,SI
SM,SMR,674,SAN MARINO,10,RIESGO 10,SI
PM,,666,SAN PEDRO Y MIQUELON,8,RIESGO 8,SI
VC,VCT,670,SAN VICENTE Y GRANADINAS,10,RIESGO 10,SI
SH,,654,SANTA ELENA,8,RIESGO 8,SI
LC,LCA,662,SANTA LUCIA,10,RIESGO 10,SI
VA,VAT,336,SANTA SEDE (VATICANO),6,RIESGO 6,
ST,STP,678,SANTO TOME Y PRINCIPE,6,RIESGO 6,
SN,SEN,686,SENEGAL,8,RIESGO 8,
RS,SRB,,SERBIA,6,RIESGO 6,
CS,,891,SERBIA Y MONTENEGRO,8,RIESGO 8,
SC,SYC,690,SEYCHELLES,10,RIESGO 10,SI
SL,SLE,694,SIERRA LEONA,10,RIESGO 10,
SG,SGP,702,SINGAPUR,2,RIESGO 2,SI
SX,,,SINT MAARTEN,8,RIESGO 8,
SY,SYR,760,SIRIA,10,RIESGO 10,
SO,SOM,706,SOMALIA,8,RIESGO 8,
SS,SSD,,South Sudan,8,RIESGO 8,
LK,LKA,144,SRI LANKA,8,RIESGO 8,SI
MF,MAF,,St. Maarten,6,RIESGO 6,
SZ,SWZ,748,SUAZILANDIA (SWAZILAND),8,RIESGO 8,SI
ZA,ZAF,710,SUDAFRICA,8,RIESGO 8,
SD,SDN,736,SUDAN,10,RIESGO 10,
SE,SWE,752,SUECIA,2,RIESGO 2,
CH,CHE,756,SUIZA,6,RIESGO 6,SI
SR,SUR,740,SURINAM,8,RIESGO 8,
SJ,,744,SVALBARD AND JAN MAYEN ISLANDS (NORG,8,RIESGO 8,SI
TH,THA,764,TAILANDIA,6,RIESGO 6,
TW,TWN,158,TAIWAN,6,RIESGO 6,
TJ,TJK,762,TAJIKISTAN (TAYIKISTAN),8,RIESGO 8,
TZ,TZA,834,TANZANIA (REPUBLICA DE ),8,RIESGO 8,
BQ,BES,11,TERRITORIO BRITANICO DEL ANTARTICO,6,RIESGO 6,
IO,,86,TERRITORIO BRITANICO OCE.INDICO,2,RIESGO 2,
TF,,260,TIERRAS AUSTRALES FRANCESAS,2,RIESGO 2,
TL,TLS,626,TIMOR LESTE,6,RIESGO 6,
TG,TGO,768,TOGO,6,RIESGO 6,
TO,TON,776,TONGA,8,RIESGO 8,SI
TT,TTO,780,TRINIDAD Y TOBAGO,10,RIESGO 10,SI
TA,,,TRISTAN DE CUNHA,8,RIESGO 8,SI
TN,TUN,788,TUNEZ,8,RIESGO 8,SI
TC,TCA,796,TURCAS Y CAICOS (ISLAS),10,RIESGO 10,SI
TM,TKM,795,TURKMENISTAN,10,RIESGO 10,
TR,TUR,792,TURQUIA,8,RIESGO 8,
TV,TUV,798,TUVALU,8,RIESGO 8,SI
UA,UKR,804,UCRANIA,8,RIESGO 8,
UG,,800,UGANDA,8,RIESGO 8,
UY,URY,858,URUGUAY,8,RIESGO 8,SI
UZ,UZB,860,UZBEKISTAN,6,RIESGO 6,
VU,VUT,548,VANUATU,10,RIESGO 10,SI
VE,VEN,862,VENEZUELA,8,RIESGO 8,
VN,VNM,704,VIETNAM,8,RIESGO 8,
VG,VGB,92,VIRGENES BRITANICAS (ISLAS),10,RIESGO 10,SI
VI,VIR,850,VIRGENES DE EEUU.(ISLAS),10,RIESGO 10,SI
WK,,875,WAKE (ISLA),4,RIESGO 4,
WF,,876,WALLIS Y FORTUNA,6,RIESGO 6,
YE,YEM,887,YEMEN,8,RIESGO 8,SI
YU,,,YUGOSLAVIA,6,RIESGO 6,
ZM,ZMB,894,ZAMBIA,6,RIESGO 6,
ZW,ZWE,716,ZIMBABWE,6,RIESGO 6,
AB,,782,ABU DABI (UAE),10,RIESGO 10,
AF,AFG,4,AFGANISTAN,10,RIESGO 10,
AL,ALB,8,ALBANIA,8,RIESGO 8,SI
DE,DEU,276,ALEMANIA,2,RIESGO 2,
AD,AND,20,ANDORRA,10,RIESGO 10,SI
AO,AGO,24,ANGOLA,8,RIESGO 8,SI
AI,AIA,660,ANGUILA (ANGUILLA),10,RIESGO 10,SI
AQ,,10,ANTARTIDA (ANTARCTICA),6,RIESGO 6,
AG,ATG,28,ANTIGUA Y BARBUDA,10,RIESGO 10,SI
AN,,530,ANTILLAS NEERLANDESAS,10,RIESGO 10,SI
SA,SAU,682,ARABIA SAUDITA,2,RIESGO 2,
DZ,DZA,12,ARGELIA,8,RIESGO 8,
AR,ARG,32,ARGENTINA,6,RIESGO 6,
AM,ARM,51,ARMENIA,6,RIESGO 6,
AW,ABW,533,ARUBA,10,RIESGO 10,SI
AC,,,ASCENSION,8,RIESGO 8,SI
AU,AUS,36,AUSTRALIA,2,RIESGO 2,
AT,AUT,40,AUSTRIA,2,RIESGO 2,
PS,PSE,973,AUTONOMIA PALESTINA,8,RIESGO 8,
AZ,AZE,31,AZERBAIYAN,6,RIESGO 6,
BS,BHS,44,BAHAMAS,8,RIESGO 8,SI
BH,BHR,48,BAHREIN (BAHRAIN),10,RIESGO 10,SI
BD,BGD,50,BANGLADESH,6,RIESGO 6,
BB,BRB,52,BARBADOS,10,RIESGO 10,SI
BE,BEL,56,BELGICA,2,RIESGO 2,
BZ,BLZ,84,BELICE (BELIZE),10,RIESGO 10,SI
BJ,BEN,204,BENIN,6,RIESGO 6,
BM,BMU,60,BERMUDAS,10,RIESGO 10,SI
BY,BLR,112,BIELORRUSIA (BELARUS),8,RIESGO 8,
BO,BOL,68,BOLIVIA,6,RIESGO 6,
BA,BIH,70,BOSNIA-HERZEGOVINA,6,RIESGO 6,
BW,BWA,72,BOTSUANA (BOTSWANA),6,RIESGO 6,
BV,,74,BOUVET ISLAND (NORUEGA),2,RIESGO 2,
BR,BRA,76,BRASIL,6,RIESGO 6,
BN,BRN,96,BRUNEI DARUSSALAM,10,RIESGO 10,SI
BG,BGR,100,BULGARIA,8,RIESGO 8,
BF,BFA,854,BURKINA FASO,8,RIESGO 8,
BI,BDI,108,BURUNDI,8,RIESGO 8,
BT,BTN,64,BUTAN (BHUTAN),6,RIESGO 6,
CV,CPV,132,CABO VERDE (CAPE),8,RIESGO 8,SI
KH,KHM,116,CAMBOYA (CAMBODIA- KAMPUCHEA),6,RIESGO 6,
CM,CMR,120,CAMERUN (CAMEROON),8,RIESGO 8,
CA,CAN,124,CANADA,2,RIESGO 2,
CF,CAF,140,CENTROAFRICANA (REP),6,RIESGO 6,
TD,TCD,148,CHAD (TCHAD),8,RIESGO 8,
CL,CHL,152,CHILE,6,RIESGO 6,
CN,CHN,156,CHINA,10,RIESGO 10,
CY,CYP,196,CHIPRE (CYPRUS),10,RIESGO 10,SI
GZ,,625,CISJORDANIA Y GAZA (T.P.O),4,RIESGO 4,
CP,,,CLIPPERTON,8,RIESGO 8,
CO,COL,170,COLOMBIA,6,RIESGO 6,
KM,COM,174,COMORES (COMOROS),8,RIESGO 8,
CG,COG,178,CONGO,8,RIESGO 8,
KP,PRK,408,COREA DEL NORTE(REP.POP.DEMOCRATICA),10,RIESGO 10,
KR,KOR,410,COREA DEL SUR (REPUBLICA DE ),2,RIESGO 2,
CI,CIV,384,COSTA DE MARFIL (COTE D'AVOIRE),6,RIESGO 6,
CR,CRI,188,COSTA RICA,10,RIESGO 10,SI
HR,HRV,191,CROACIA (CROATIA-HRVATSKA),8,RIESGO 8,
CU,CUB,192,CUBA,10,RIESGO 10,
CW,CUW,,CURACAO,6,RIESGO 6,
XD,,802,DAGUISTAN,4,RIESGO 4,
DK,DNK,208,DINAMARCA,2,RIESGO 2,
DJ,DJI,262,DJIBUTI (DJIBOUTI),8,RIESGO 8,SI
DM,DMA,212,DOMINICA,10,RIESGO 10,SI
NQ,,216,DRONNING MAUD LAND (NORUEGA),4,RIESGO 4,