CD_PARAMETRO,NU_PARAMETRO,NB_PARAMETRO,NB_VALOR_INI,NB_VALOR_FIN,ST_PARAMETRO
16,3,TC0263,CONSEJERO,C,A
16,4,TC0263,DIRECTIVO,D,A
16,5,TC0263,EMPLEADO OP,E,A
16,6,TC0263,EMP F BANCOMER,F,A
16,7,TC0263,EMP.DEL GPO.F.,G,A
16,8,TC0263,PROVEEDOR,H,A
16,9,TC0263,INVERSION,I,A
16,10,TC0263,DIRVO. FILIAL,J,A
16,11,TC0263,FAMILIAR DE ACC,K,A
16,12,TC0263,EMPC/PART P.REL,L,A
16,13,TC0263,PDES/HIJOS ACCS,M,A
16,14,TC0263,EXEMPL BANCO OP,N,A
16,15,TC0263,EXEMPLEADO FIL.,O,A
16,16,TC0263,PRESCRIPTOR,P,A
16,17,TC0263,PG BBVA BCOMER,Q,A
16,18,TC0263,FAM. CONSEJERO,R,A
16,19,TC0263,SIN RELACION,S,A
16,20,TC0263,AG BBVA BCOMER,T,A
16,21,TC0263,JUBILADO BCO OP,U,A
16,22,TC0263,JUBILADO FILIAL,V,A
16,23,TC0263,PROSPECTO,W,A
16,24,TC0263,FAM EMP BCO OP,X,A
16,25,TC0263,CONY. CONS/ACC,Y,A
16,26,TC0263,FAM EMP FILIAL,Z,A
16,27,TC0263,FILIAL GF BCMER,0,A
16,28,TC0263,FAM EXEMPLE OP,1,A
16,29,TC0263,FAM EXEMPL FIL,2,A
16,30,TC0263,HONORARIOS,3,A
16,31,TC0263,EMPLE EN EL EXT,4,A
16,32,TC0263,FAM EMP EN EXT,5,A
16,33,TC0263,SOCIOS NEGOCIO,6,A
16,34,TC0263,FILIAL BBVA,7,A
16,35,TC0263,EMPL FALLECIDO,8,A
16,36,TC0263,CTE FALLECIDO,9,A
18,1,TC0259,AREA INFLUENCIA,A,A
18,2,TC0259,BANORIE,B,A
18,3,TC0259,REFERIDO X CTE,C,A
18,4,TC0259,BENEF. PUROS,D,A
18,5,TC0259,BECARIOS FUNDAC,E,A
18,6,TC0259,REFERIDO X FUN,F,A
18,7,TC0259,CONTACTO EJECUT,G,A
18,8,TC0259,TOMA DECISIONES,H,A
18,9,TC0259,C.IUSACELL,I,A
18,10,TC0259,C.EJE Y T.DECIS,J,A
18,11,TC0259,PRESCRIPTOR,K,A
18,12,TC0259,TARJ DEB EMP,L,A
18,13,TC0259,BANCOMER,M,A
18,14,TC0259,NOMINA AJENA,N,A
18,15,TC0259,PROMEX,O,A
18,16,TC0259,PROMOCION,P,A
18,17,TC0259,VENDEDOR,Q,A
18,18,TC0259,CREMI,R,A
18,19,TC0259,P. BDA NO CTE,S,A
18,20,TC0259,LUGAR TRABAJO,T,A
18,21,TC0259,PUBLICIDAD,U,A
18,22,TC0259,VALORES,V,A
16,2,TC0263,P.O HIJOS CONS,B,A
16,1,TC0263,ACCIONISTA,A,A
7,1,TIPOLOGIA RP BLOQUEO,R8,,A
7,2,TIPOLOGIA RP BLOQUEO,R9,,A
7,3,TIPOLOGIA RP BLOQUEO,RV,,A
7,4,TIPOLOGIA RP BLOQUEO,DS,,A
6,1,TIPO REPORTE TC,MENSUAL,,A
6,2,TIPO REPORTE TC,ANUAL,,A
1,1,NACIONALIDAD,MEXICANO RADICA EN MEXICO,,A
1,2,NACIONALIDAD,MEXICANO Y RADICA EN EXTRANJERO,,A
1,3,NACIONALIDAD,EXTRANJERO Y RADICA EN MEXICO,,A
1,4,NACIONALIDAD,EXTRANJERO RADICADO EN EL EXTRANJERO,,A
2,1,OPINION FUNCIONARIO,NORMALES Y POR UNICA VEZ,NV,A
2,2,OPINION FUNCIONARIO,NORMALES Y RECURRENTES,NR,A
2,3,OPINION FUNCIONARIO,ES INUSUAL YA QUE NO CONCUERDA CON SU ACTIVIDAD,IN,I
3,1,GRADO KYC,No lo conozco,,A
3,2,GRADO KYC,Lo conozco solo de nombre,,A
3,3,GRADO KYC,Conozco su domicilio(s),,A
3,4,GRADO KYC,Conozco su empresa o lugar de trabajo,,A
18,23,TC0259,FDR MIGRACION,W,A
18,24,TC0259,OTROS,X,A
18,25,TC0259,P. BDA. CLIENTE,Y,A
18,26,TC0259,MIGFDR,Z,A
18,27,TC0259,RESER CAL DAT 7,0,A
18,28,TC0259,ILOC CRITICO CO,1,A
18,29,TC0259,ILOC TEL COBRAN,2,A
18,30,TC0259,ILOC AGE COBRAN,3,A
18,31,TC0259,RESER CAL DAT 1,4,A
18,32,TC0259,RESER CAL DAT 2,5,A
18,33,TC0259,RESER CAL DAT 3,6,A
18,34,TC0259,RESER CAL DAT 4,7,A
18,35,TC0259,RESER CAL DAT 5,8,A
18,36,TC0259,PEMEX,9,A
19,1,INDCTE,CLIENTE,S,A
19,2,INDCTE,NO CLIENTE,N,A
19,3,INDCTE,FUE CLIENTE,X,A
20,1,TC0394,"PATRIMONIAL A",A,A
20,2,TC0394,"PATRIMONIAL B",B,A
20,3,TC0394,"PATRIMONIAL C",C,A
4,1,ESTATUS CUESTIONARIO,PENDIENTE,,A
4,2,ESTATUS CUESTIONARIO,EN REVISION DE PLD,,A
4,3,ESTATUS CUESTIONARIO,CERRADO CON RESPUESTA FUNCIONARIO,,A
4,4,ESTATUS CUESTIONARIO,CERRADO SIN RESPUESTA FUNCIONARIO,,A
5,1,DIAS DE REVISION,15,,A
5,2,DIAS LIBERAC SIA,20,,A
5,3,DIAS REP AUTORIDAD,59,,A
8,1,ESTADOS,AGUASCALIENTES,AG,A
8,2,ESTADOS,BAJA CALIFORNIA NTE,BN,A
8,3,ESTADOS,BAJA CALIFORNIA SUR,BS,A
8,4,ESTADOS,CAMPECHE,CA,A
8,5,ESTADOS,CHIHUAHUA,CH,A
8,6,ESTADOS,COLIMA,CO,A
8,7,ESTADOS,CHIAPAS,CS,A
8,8,ESTADOS,COAHUILA,CU,A
8,9,ESTADOS,CIUDAD DE MEXICO,DF,A
8,10,ESTADOS,DURANGO,DU,A
8,11,ESTADOS,ESTADO DE MEXICO,EM,A
8,12,ESTADOS,GUERRERO,GO,A
8,13,ESTADOS,GUANAJUATO,GU,A
8,14,ESTADOS,HIDALGO,HI,A
8,15,ESTADOS,JALISCO,JA,A
8,16,ESTADOS,MICHOACAN,MI,A
8,17,ESTADOS,MORELOS,MO,A
8,18,ESTADOS,NAYARIT,NA,A
8,19,ESTADOS,NUEVO LEON,NL,A
8,20,ESTADOS,OAXACA,OA,A
8,21,ESTADOS,PUEBLA,PU,A
8,22,ESTADOS,QUINTANA ROO,QR,A
8,23,ESTADOS,QUERETARO,QU,A
8,24,ESTADOS,SINALOA,SI,A
8,25,ESTADOS,SAN LUIS POTOSI,SL,A
8,26,ESTADOS,SONORA,SO,A
8,27,ESTADOS,TABASCO,TA,A
8,28,ESTADOS,TLAXCALA,TL,A
8,29,ESTADOS,TAMAULIPAS,TM,A
8,30,ESTADOS,VERACRUZ,VE,A
8,31,ESTADOS,YUCATAN,YU,A
8,32,ESTADOS,ZACATECAS,ZA,A
25,1,TIPO CUESTIONARIO,CUESTIONARIO,,A
25,2,TIPO CUESTIONARIO,CUESTIONARIO GENERICO,,A
25,3,TIPO CUESTIONARIO,CUESTIONARIO IFI,,A
25,6,TIPO CUESTIONARIO,CUESTIONARIO FIDUCIARIO,,A
15,1,CLIENTE,S,,A
15,2,NO CLIENTE,N,,A
9,1,NUEVA NOTIFICACION,,R9,A
9,2,NUEVA NOTIFICACION,,DS,A
9,3,NUEVA NOTIFICACION,,MD,A
9,4,NUEVA NOTIFICACION,,C8,A
9,5,NUEVA NOTIFICACION,,MS,A
9,6,NUEVA NOTIFICACION,,MF,A
25,0,TIPO CUESTIONARIO,SIN CUESTIONARIO,,A
27,1,TIPO DE MOVIMIENTO,CARGO,D,A
27,2,TIPO DE MOVIMIENTO,ABONO,H,A
28,1,TIPO DE MOVIMIENTO,DEPOSITOS,1,A
14,1,NUMERO MESES,,24,A
20,4,TC0394,EMPRESARIAL,E,A
20,5,TC0394,CORPORATIVO,F,A
20,6,TC0394,GUBERNAMENTAL,G,A
20,7,TC0394,PREFERENTE PLUS,I,A
20,8,TC0394,PREFERENTES,J,A
20,9,TC0394,POTENCIALES,K,A
20,10,TC0394,PREFERENTE NEGOCIOS S/CARTERA,N,A
20,11,TC0394,MAQUILAS MUNICIPIOS Y GOB.,O,A
20,12,TC0394,MAQUILAS CORP. Y EMPRESARIAL,P,A
20,13,TC0394,PREFERENTE CON CARTERA,Q,A
20,14,TC0394,FISICA CON ACT. EMPRESARIAL,R,A
20,15,TC0394,CUENTA VOSTRO,V,A
20,16,TC0394,PROSPECTO BLOQUEO AR,Y,A
20,17,TC0394,PROSPECTO BLOQUEO AR,Z,A
20,18,TC0394,NORMAL,0,A
20,19,TC0394,SOBREGIROS EN LAS CUENTAS,1,A
20,20,TC0394,MORATORIA,2,A
20,21,TC0394,CONGELACION,3,A
20,22,TC0394,SUSPENSION DE PAGOS,4,A
20,23,TC0394,QUIEBRA,5,A
20,24,TC0394,INSOLVENCIA,6,A
20,25,TC0394,CALIFICADO,7,A
20,26,TC0394,CTE BLOQUEO ARCO1,8,A
20,27,TC0394,CTE BLOQUEO ARCO2,9,A
21,1,TC0443,PERSONALIZADO X HIPOTECARIO,BA,A
21,2,TC0443,BANCARIO TARJETA,BB,A
21,3,TC0443,PERSONALIZADO X TARJETA,BC,A
21,4,TC0443,BANCARIO FINANZIA,BF,A
21,5,TC0443,BANCARIO FISICAS,B1,A
21,6,TC0443,BANCARIO INTERMEDIO REVIRE,B2,A
21,7,TC0443,BANCARIO EMPRESAS,B3,A
21,8,TC0443,BANCARIO FIS A PERSONALIZAR,B4,A
21,9,TC0443,NEGOCIO FCAE,B5,A
21,10,TC0443,NEGOCIO MORALES,B6,A
21,16,TC0443,MICRONEGOCIO FISICAS,D1,A
21,17,TC0443,NOMINA SIN CEDULA,D2,A
21,18,TC0443,RESIDUAL SIN CEDULA,D3,A
21,19,TC0443,BANCARIO FIS PERS SIN CEDULA,D4,A
21,20,TC0443,PREFERENTE PLUS SIN CEDULA,D7,A
21,21,TC0443,PREFERENTE ORO SIN CEDULA,D8,A
21,22,TC0443,PREFERENTE LEAL SIN CEDULA,D9,A
21,23,TC0443,EMPRESAS,E0,A
21,24,TC0443,CORPO EMP,E1,A
21,25,TC0443,EMPRESARIA,E2,A
21,26,TC0443,MED EMP,E3,A
21,27,TC0443,RESIDENTES EXTRANJEROS,FE,A
21,28,TC0443,MICRONEGOICIO BAJO,FF,A
21,29,TC0443,RESIDENTES PERSONAS MORALES,FM,A
21,30,TC0443,BANCA PERSONAL,F1,A
21,31,TC0443,PYME FCAE,F2,A
21,32,TC0443,PYME MORALES,F3,A
21,33,TC0443,RETO PREFERENTE,F4,A
21,34,TC0443,BANCARIO ALTO REVIRE,F5,A
21,35,TC0443,BANCARIO BAJO REVIRE,F6,A
21,36,TC0443,BANCA PERSONAL,F7,A
21,37,TC0443,BANCA PERSONAL,F8,A
21,38,TC0443,PERSONAL,F9,A
21,39,TC0443,GOBIERNO,G0,A
21,40,TC0443,FEDERAL,G1,A
21,41,TC0443,GDES CTAS,G2,A
21,42,TC0443,GOB RESTO,G3,A
21,43,TC0443,PREFERENTE X HIPOTECARIO,H1,A
21,44,TC0443,NOMINA,N1,A
21,45,TC0443,PATRIMONIAL UHN,P0,A
21,46,TC0443,PRIVADO,P1,A
21,47,TC0443,PATRIMONIAL B,P2,A
21,48,TC0443,PATRIMONIAL C,P3,A
21,49,TC0443,PATRIMONIAL MAYOR LIM PLAZA,P4,A
21,50,TC0443,PATRIMONIAL MENOR LIM PLAZA,P5,A
21,51,TC0443,CONSEJEROS EN BCA PRIVADA,P6,A
21,52,TC0443,CONSEJEROS EN BCA PATRIMONIAL,P7,A
21,53,TC0443,PATRIMONIAL EMPLEADOS,P8,A
21,54,TC0443,PATRIMONIAL CUENTAS ESPECIALES,P9,A
21,55,TC0443,PERSONAL PLUS,Q1,A
21,56,TC0443,RESIDUAL FISICA,R1,A
21,57,TC0443,RESIDUAL FISICA CON ACT EMPRESARIAL,R2,A
21,58,TC0443,RESIDUAL EMPRESAS,R3,A
21,59,TC0443,RECOLOCACION APOYO CLIENTE,R4,A
21,60,TC0443,MICRONEGOCIO FCAE,R5,A
21,61,TC0443,MICRONEGOCIO MORALES,R6,A
21,62,TC0443,SIN/SGTO/CTE/NVO,SS,A
21,63,TC0443,SIN/SEGMENTO/CTE/EXISTENTE,S0,A
21,64,TC0443,SIN/SEGMENTO/CTE/NVO,S1,A
21,65,TC0443,PREFERENTE X TARJETA,T1,A
21,66,TC0443,PREFERENTE X CREDITO,U1,A
21,67,TC0443,CONTRATOS CON OPERATIVA BAJA,X1,A
21,68,TC0443,CONTRATOS CON OPERATIVA MEDIA,X2,A
21,69,TC0443,CONTRATOS CON OPERATIVA MUY BAJA,X3,A
21,70,TC0443,CONTRATOS CON OPERATIVA ALTA,X4,A
21,71,TC0443,CONTRATOS CON OPERATIVA MUY ALTA,X5,A
21,72,TC0443,PREFENTE PYME PERSONAS MORALES,Y1,A
21,73,TC0443,PREFERENTE PYME PERSONAS FIS ACT EMP,Y2,A
22,1,CUEST DIAS RECORDAT,5,,A
22,2,CUEST DIAS VENCIMIEN,10,,A
24,1,FECHA INTEGRACION,31/12/2030,,A
23,2,TIPO ALERTA,MULTIALERTA,,A
23,1,TIPO ALERTA,MONOALERTA,,A
10,1,NUMERO,UMBRAL NUMERO ALERTAS E INEPAS,20,A
11,1,MONTO PF,UMBRAL MONTO ALERTAS E INEPAS PF,1000000,A
12,1,MONTO PM,UMBRAL MONTO ALERTAS E INEPAS PM,2000000,A
13,1,NUMERO MESES,LOOKBACK PERIOD,24,A
26,1,TIPO TIPOLOGIA,ALERTA,D,A
26,2,TIPO TIPOLOGIA,NOTIFICACION,N,A
26,3,TIPO TIPOLOGIA,INEPA,I,A
28,2,TIPO DE MOVIMIENTO,RETIROS,2,A
4,5,ESTATUS CUESTIONARIO,PENDIENTE INVESTIGACIÓN,,A
4,6,ESTATUS CUESTIONARIO,CERRADO CON RESPUESTA FUNCIONARIO INVESTIGACIÓN,,A
4,7,ESTATUS CUESTIONARIO,CERRADO SIN RESPUESTA FUNCIONARIO INVESTIGACIÓN,,A
29,1,TIPO DE OPERACION,MEDIANAS,M,A
29,2,TIPO DE OPERACION,RELEVANTES,R,A
30,1,PERIODO,2016,2016,A
30,2,PERIODO,2017,2017,A
32,1,ULTIMO PERIODO,ULTIMO TRIMESTRE,4,A
25,5,TIPO CUESTIONARIO,NOTIFICACION,,I
34,4,TIPO DE ASIGNACION,BACKUP 2,,A
34,1,TIPO DE ASIGNACION,PRIMARIA,,A
34,2,TIPO DE ASIGNACION,SECUNDARIA,,A
34,3,TIPO DE ASIGNACION,BACKUP 1,,A
35,1,MATRIZ BDTT,RIESGO PAIS,,A
35,2,MATRIZ BDTT,MONTO TOTAL USD,,A
35,3,MATRIZ BDTT,NUMERO TOTAL TRANSFERENCIAS ENVIADAS,,A
35,4,MATRIZ BDTT,PEP,,A
35,5,MATRIZ BDTT,NUMERO DE BANCOS NACIONALES,,A
36,1,BUSCAR CAMPO TIF/MTS,CUENTA,nuCuenta,A
36,2,BUSCAR CAMPO TIF/MTS,MONEDA,cdMoneda,A
36,3,BUSCAR CAMPO TIF/MTS,IMPORTE,imTipoCambio,A
36,4,BUSCAR CAMPO TIF/MTS,TIPO DE CAMBIO,tpTransferencia,A
36,5,BUSCAR CAMPO TIF/MTS,ORDENANTE NORMALIZADO,nbOrNormaliz,A
36,6,BUSCAR CAMPO TIF/MTS,ORDENANTE,nbOr,A
36,7,BUSCAR CAMPO TIF/MTS,CUENTA DEL ORDENANTE,nuCtaRealOr,A
36,8,BUSCAR CAMPO TIF/MTS,NOMBRE ORDENANTE,nbRealOr,A
36,9,BUSCAR CAMPO TIF/MTS,DIRECCION ORDENANTE,nbL2OrDomicilio,A
36,10,BUSCAR CAMPO TIF/MTS,BANCO EMISOR,nbBcoEmisor,A
36,11,BUSCAR CAMPO TIF/MTS,BANCO ORDENANTE,nbBcoOriginante,A
36,12,BUSCAR CAMPO TIF/MTS,PAIS ORIGEN,cdPaisOr,A
36,13,BUSCAR CAMPO TIF/MTS,CORRESPONSAL ORIGEN,nbCorresponsalOr,A
36,14,BUSCAR CAMPO TIF/MTS,CORRESPONSAL BENEFICIARIO,nbCorresponsalBe,A
36,15,BUSCAR CAMPO TIF/MTS,BANCO INTERMEDIARIO,nbBicInterm,A
36,16,BUSCAR CAMPO TIF/MTS,BANCO BENEFICIARIO,nbBcoBe,A
36,17,BUSCAR CAMPO TIF/MTS,PAIS DESTINO,cdPaisBe,A
36,18,BUSCAR CAMPO TIF/MTS,BENEFICIARIO NORMALIZADO,nbBeNormaliz,A
36,19,BUSCAR CAMPO TIF/MTS,BENEFICIARIO,nbBe,A
36,20,BUSCAR CAMPO TIF/MTS,CUENTA DEL BENEFICIARIO,nbRealBe,A
36,21,BUSCAR CAMPO TIF/MTS,DIRECCION BENEFICIARIO,nbL2BeDomicilio,A
36,23,BUSCAR CAMPO TIF/MTS,INFORMACION DEL MENSAJE 1,nbL1BbInforma,A
36,24,BUSCAR CAMPO TIF/MTS,INFORMACION DEL MENSAJE 2,nbL2BbInforma,A
36,25,BUSCAR CAMPO TIF/MTS,REFERENCIA,cdReferencia,A
36,26,BUSCAR CAMPO TIF/MTS,TODOS,TODOS,I
37,1,TIPOLOGIA PS,PS,GORAPR.TSCA140_DET_PS,A
37,2,TIPOLOGIA MT,MT,GORAPR.TSCA148_DET_MT,A
37,3,TIPOLOGIA M4CTE,M4CTE,GORAPR.TSCA138_DET_CTE_M4,A
37,4,TIPOLOGIA M4USR,M4USR,GORAPR.TSCA139_DET_USR_M4,A
17,1,ATEN CTE CUEST,MENOS DE 1 AÑO,,A
17,2,ATEN CTE CUEST,ENTRE 1 - 3 AÑOS,,A
17,3,ATEN CTE CUEST,ENTRE 4 - 6 AÑOS,,A
17,4,ATEN CTE CUEST,MAS DE 6 AÑOS,,A
37,5,TIPOLOGIA R7,R7,GORAPR.TSCA160_DET_R7,A
2,4,OPINION FUNCIONARIO,NORMAL,NO,I
2,5,OPINION FUNCIONARIO,NORMAL ÚNICA VEZ,NU,I
2,6,OPINION FUNCIONARIO,INUSUAL,IN,A
40,1,ESCENARIO B5,8040,B5,A
40,2,ESCENARIO B6,8050,B6,A
40,3,ESCENARIO B8,8090,B8,A
41,1,PAISES OFICIOS,AFGANISTAN,AF,A
41,2,PAISES OFICIOS,ARGELIA,DZ,A
41,3,PAISES OFICIOS,EGIPTO,EG,A
41,4,PAISES OFICIOS,IRAK,IQ,A
41,5,PAISES OFICIOS,LIBANO,LB,A
41,6,PAISES OFICIOS,MARRUECOS,MA,A
41,7,PAISES OFICIOS,NIGERIA,NG,A
41,8,PAISES OFICIOS,PAQUISTAN,PK,A
41,9,PAISES OFICIOS,SIRIA,SY,A
41,10,PAISES OFICIOS,SUDAN,SD,A
41,11,PAISES OFICIOS,TUNEZ,TN,A
41,12,PAISES OFICIOS,LIBIA,LY,A
41,13,PAISES OFICIOS,TURQUIA,TR,A
41,14,PAISES OFICIOS,YEMEN,YE,A
49,17,ESTADOS BTS,Kentucky,KY,A
49,18,ESTADOS BTS,Luisiana,LA,A
49,19,ESTADOS BTS,Maine,ME,A
49,20,ESTADOS BTS,Maryland,MD,A
49,21,ESTADOS BTS,Massachusetts,MA,A
49,22,ESTADOS BTS,Michigan,MI,A
49,23,ESTADOS BTS,Minnesota,MN,A
49,24,ESTADOS BTS,Misisipí,MS,A
49,25,ESTADOS BTS,Misuri,MO,A
49,26,ESTADOS BTS,Montana,MT,A
49,27,ESTADOS BTS,Nebraska,NE,A
49,28,ESTADOS BTS,Nevada,NV,A
49,29,ESTADOS BTS,Nueva Hampshire,NH,A
49,30,ESTADOS BTS,Nueva Jersey,NJ,A
49,31,ESTADOS BTS,Nuevo México,NM,A
45,1,PRIORIDAD,1,,A
45,2,PRIORIDAD,2,,A
45,3,PRIORIDAD,3,,A
45,4,PRIORIDAD,4,,A
44,3,FISICA ACTIVIDAD,F33,A,A
44,2,FISICA,F43,F,A
44,1,FISICA,F32,F,A
42,0,TODAS,0,,A
47,1,INICIO ASIGNACION,1,,A
42,6,PYME,6,PYME,A
42,5,USUARIOS,5,,A
43,1,,7694,2,A
43,2,,1805,2,A
42,1,COMERCIAL,1,BACOM,A
42,2,BEYG,2,BEYG,A
42,3,CORPORATIVA,3,TBAGE,A
42,4,PATRIMONIAL/UHN,4,BAPAT,A
43,3,,7697,2,A
43,4,,828,2,A
43,5,,1835,2,A
43,6,,830,2,A
43,7,,714,2,A
43,8,,810,2,A
43,9,,829,2,A
43,10,,7703,2,A
43,11,,1796,2,A
43,12,,1800,2,A
43,13,,7709,2,A
43,14,,682,2,A
43,15,,683,2,A
43,16,,7682,2,A
43,17,,7684,2,A
43,18,,7692,2,A
43,19,,710,2,A
43,20,,7686,2,A
43,21,,7691,2,A
43,22,,837,2,A
43,23,,1852,2,A
43,24,,1853,2,A
43,25,,1851,2,A
43,26,,812,2,A
43,27,,822,2,A
43,28,,826,2,A
43,29,,827,2,A
43,30,,838,2,A
43,31,,1814,2,A
43,32,,1816,2,A
43,33,,1818,2,A
43,34,,1821,2,A
43,35,,1824,2,A
43,36,,1825,2,A
43,37,,6922,2,A
43,38,,1841,2,A
43,39,,811,2,A
43,40,,824,2,A
43,41,,825,2,A
43,42,,835,2,A
43,43,,839,2,A
43,44,,843,2,A
43,45,,844,2,A
43,46,,1121,2,A
43,47,,1815,2,A
43,48,,1817,2,A
43,49,,1819,2,A
43,50,,1820,2,A
43,51,,1822,2,A
43,52,,1823,2,A
43,53,,1846,2,A
43,54,,1850,2,A
43,55,,1849,2,A
43,56,,842,2,A
43,57,,2239,2,A
43,58,,1826,2,A
43,59,,686,2,A
43,60,,713,2,A
43,61,,813,2,A
43,62,,815,2,A
43,63,,821,2,A
43,64,,831,2,A
43,65,,832,2,A
43,66,,7711,2,A
43,67,,840,2,A
43,68,,846,2,A
43,69,,1827,2,A
43,70,,1838,2,A
43,71,,7698,2,A
43,72,,1842,2,A
43,73,,685,2,A
43,74,,1829,2,A
43,75,,711,2,A
43,76,,818,2,A
43,77,,819,2,A
43,78,,833,2,A
43,79,,845,2,A
43,80,,1794,2,A
43,81,,7696,2,A
43,82,,1797,2,A
43,83,,1798,2,A
43,84,,1799,2,A
43,85,,1801,2,A
43,86,,1830,2,A
43,87,,1837,2,A
43,88,,1839,2,A
43,89,,7702,2,A
43,90,,1843,2,A
43,91,,723,2,A
43,92,,687,2,A
43,93,,814,2,A
43,94,,820,2,A
43,95,,836,2,A
43,96,,1844,2,A
43,97,,1793,2,A
43,98,,1795,2,A
43,99,,7699,2,A
43,100,,1802,2,A
43,101,,1833,2,A
43,102,,7701,2,A
43,103,,7716,2,A
43,104,,7693,2,A
43,105,,817,2,A
43,106,,688,2,A
43,107,,1803,2,A
43,108,,715,2,A
43,109,,816,2,A
43,110,,834,2,A
43,111,,1804,2,A
43,112,,1808,2,A
43,113,,1812,2,A
43,114,,7714,2,A
43,115,,1845,2,A
43,116,,7695,2,A
43,117,,1806,2,A
43,118,,841,2,A
43,119,,7715,2,A
43,120,,7681,2,A
43,121,,1810,2,A
43,122,,1807,2,A
43,123,,1809,2,A
43,124,,7712,2,A
43,125,,1813,2,A
43,126,,1840,2,A
43,127,,7708,2,A
43,128,,7710,2,A
43,129,,1848,2,A
43,130,,732,2,A
43,131,,758,2,A
43,132,,95,3,A
43,133,,950,3,A
43,134,,952,3,A
43,135,,953,3,A
43,136,,956,3,A
43,137,,957,3,A
43,138,,959,3,A
43,139,,2101,3,A
43,140,,7605,3,A
43,141,,7608,3,A
43,142,,7609,3,A
43,143,,7707,3,A
43,144,,6384,4,A
43,145,,6366,4,A
43,146,,6365,4,A
43,147,,6405,4,A
43,148,,6372,4,A
43,149,,6388,4,A
43,150,,6390,4,A
43,151,,6391,4,A
43,152,,6345,4,A
43,153,,6398,4,A
43,154,,6342,4,A
43,155,,6400,4,A
43,156,,6340,4,A
43,157,,6358,4,A
43,158,,6379,4,A
43,159,,680,4,A
43,160,,4214,4,A
43,161,,4221,4,A
43,162,,6356,4,A
43,163,,6343,4,A
43,164,,6385,4,A
43,165,,6393,4,A
43,166,,6341,4,A
43,167,,6402,4,A
43,168,,6357,4,A
43,169,,6371,4,A
43,170,,6411,4,A
43,171,,6348,4,A
43,172,,6354,4,A
43,173,,6386,4,A
43,174,,6396,4,A
43,175,,6401,4,A
43,176,,708,4,A
43,177,,6404,4,A
43,178,,6337,4,A
43,179,,6338,4,A
43,180,,6406,4,A
43,181,,6392,4,A
43,182,,6375,4,A
43,183,,6339,4,A
43,184,,6403,4,A
43,185,,707,4,A
43,186,,6346,4,A
43,187,,6389,4,A
43,188,,6364,4,A
43,189,,6387,4,A
43,190,,6373,4,A
43,191,,6369,4,A
43,192,,6368,4,A
43,193,,6353,4,A
43,194,,6383,4,A
43,195,,6349,4,A
43,196,,6367,4,A
43,197,,6397,4,A
43,198,,6355,4,A
43,199,,6359,4,A
43,200,,6351,4,A
43,201,,6399,4,A
43,202,,6350,4,A
43,203,,6395,4,A
43,204,,6336,4,A
54,46,PS,TSCA129_ALRTS_SP,NU_CTE,A
59,2,ASIGNACION COMITE,EXCLUIR,B5,A
97,27,,ENVIO DE DINERO,imMontoMinDet,1
59,3,ASIGNACION COMITE,EXCLUIR,LZ,A
59,6,ASIGNACION COMITE,EXCLUIR,AI,A
49,32,ESTADOS BTS,Nueva York,NY,A
49,33,ESTADOS BTS,Carolina del Norte,NC,A
49,34,ESTADOS BTS,Dakota del Norte,ND,A
49,35,ESTADOS BTS,Ohio,OH,A
49,36,ESTADOS BTS,Oklahoma,OK,A
49,37,ESTADOS BTS,Oregón,OR,A
49,38,ESTADOS BTS,Pensilvania,PA,A
49,39,ESTADOS BTS,Rhode Island,RI,A
49,40,ESTADOS BTS,Carolina del Sur,SC,A
49,41,ESTADOS BTS,Dakota del Sur,SD,A
49,42,ESTADOS BTS,Tennessee,TN,A
49,43,ESTADOS BTS,Texas,TX,A
49,44,ESTADOS BTS,Utah,UT,A
49,45,ESTADOS BTS,Vermont,VT,A
49,46,ESTADOS BTS,Virgina,VA,A
49,47,ESTADOS BTS,Washington,WA,A
49,48,ESTADOS BTS,Virginia Occidental,WV,A
49,49,ESTADOS BTS,Wisconsin,WI,A
49,50,ESTADOS BTS,Wyoming,WY,A
49,1,ESTADOS BTS,Alabama,AL,A
49,2,ESTADOS BTS,Alaska,AK,A
49,3,ESTADOS BTS,Arizona,AZ,A
49,4,ESTADOS BTS,Arkansas,AR,A
49,5,ESTADOS BTS,California,CA,A
49,6,ESTADOS BTS,Colorado,CO,A
49,7,ESTADOS BTS,Connecticut,CT,A
49,8,ESTADOS BTS,Delaware,DE,A
49,9,ESTADOS BTS,Florida,FL,A
49,10,ESTADOS BTS,Georgia,GA,A
49,11,ESTADOS BTS,Hawaii,HI,A
49,12,ESTADOS BTS,Idaho,ID,A
49,13,ESTADOS BTS,Illinois,IL,A
49,14,ESTADOS BTS,Indiana,IN,A
49,15,ESTADOS BTS,Iowa,IA,A
49,16,ESTADOS BTS,Kansas,KS,A
98,88,NA,DEP.CHEQUES DE OTRO BANCO,,A
98,193,CA,CHEQUE PAGADO,,A
98,195,SPEI ENVIADO,SPEI ENVIADO,,A
97,28,,ENVIO DE DINERO,imMontoMaxDet,1
52,2,PAR CUEST PERFIL,INVESTIGACION,2,A
52,1,PAR CUEST PERFIL,ANALISIS,1,A
51,3,PAR CUEST PERFIL,TITULAR SUCURSAL,118,A
51,4,PAR CUEST PERFIL,TITULAR,8,A
51,5,PAR CUEST PERFIL,GESTOR,292,A
51,6,PAR CUEST PERFIL,GERENTE,168,A
51,7,PAR CUEST PERFIL,DIRECTOR BCA GOB,67,A
51,8,PAR CUEST PERFIL,DIRECTOR CORP GOB,89,A
51,9,PAR CUEST PERFIL,DIRECTOR BCA EMP,22,A
51,10,PAR CUEST PERFIL,GERENTE BCA CORP,38,A
51,11,PAR CUEST PERFIL,DIRECTOR PAT,41,A
51,12,PAR CUEST PERFIL,APODERADO PAT,42,A
51,13,PAR CUEST PERFIL,DIR JURIDICO,297,A
51,2,PAR CUEST PERFIL,APODERADO COMERCIAL,2,A
51,1,PAR CUEST PERFIL,DIRECTOR,1,A
51,14,PAR CUEST PERFIL,FULANITO,91829281903,I
50,1,PAR CUEST TIPO,ANALISIS,1,A
50,2,PAR CUEST TIPO,INVESTIGACION,2,A
55,1,PROP REAL,100,ADMINISTRADOR/PROP.,A
55,2,PROP REAL,101,ACCIONISTA /PROP. RE,A
98,11,SPEI RECIBIDO,SPEI RECIBIDO,,A
98,1,CPE,CHEQUE PAGADO,,A
46,21,TIPOLOGIA,A9,,A
99,1,OC,100,,A
99,2,DIRECTOR,20,,A
99,3,JURIDICO,200,,A
99,4,OTRO,100,,A
95,1,CA,CHEQUE ABONADO,CHEQUE PAGADO,A
95,2,CPE,CHEQUE PAGADO EN EFECTIVO,CHEQUE PAGADO,A
96,1,1,CHEQUE NEGOCIADO EN,CHEQUE PAGADO,A
96,2,2,DEPOSITO CON CHEQUE DE,DEP.CHEQUES DE OTRO BANCO,A
50,3,PAR CUEST TIPO,AMBAS,3,A
46,16,TIPOLOGIA,D1,,A
46,17,TIPOLOGIA,IP,,A
46,18,TIPOLOGIA,FW,,A
53,1,PAR TIF/MTS,MTS,1,A
53,2,PAR TIF/MTS,TIF,2,A
53,3,PAR TIF/MTS,TIF/MTS,3,A
10,2,TIPO,ALERTAS,D,A
10,3,TIPO,INEPAS,I,A
10,4,TIPO,NOTIFICACION,N,A
10,5,BACKLOG,A PARTIR DE (CUANTOS MESES),1,A
10,6,AÑOS,HASTA CUANTOS MESES,24,A
40,4,ESCENARIO BW,8091,BW,A
40,5,ESCENARIO BW,8092,BW,A
46,5,TIPOLOGIA,G1,,A
40,6,ESCENARIO B1,8093,B1,A
59,5,ASIGNACION COMITE,EXCLUIR,RX,A
46,19,TIPOLOGIA,AI,,A
46,20,TIPOLOGIA,AA,,A
48,1,BANCAS REPORTES,BACOM,-1,A
48,2,BANCAS REPORTES,BAPAT,-1,A
48,3,BANCAS REPORTES,PYME,-1,A
48,4,BANCAS REPORTES,BEYG,-2,A
46,14,TIPOLOGIA,DN,,A
46,10,TIPOLOGIA,L3,,A
46,11,TIPOLOGIA,L9,,A
46,12,TIPOLOGIA,LR,,A
46,13,TIPOLOGIA,L8,,A
46,9,TIPOLOGIA,O3,,A
46,1,TIPOLOGIA,A2,,A
46,2,TIPOLOGIA,A3,,A
46,3,TIPOLOGIA,P1,,A
46,4,TIPOLOGIA,PM,,A
59,4,ASIGNACION COMITE,EXCLUIR,LT,A
46,6,TIPOLOGIA,G2,,A
46,7,TIPOLOGIA,PB,,A
46,8,TIPOLOGIA,L5,,A
54,1,I1,TSCA079_ALRTS_I1,,A
54,2,R5,TSCA080_ALRTS_R5,NU_CTE,A
54,3,B1,TSCA176_TMP_ALTS_BTS,CD_CTE,A
54,4,E8,TSCA077_ALRTS_E8,,A
54,5,TC,TSCA081_ALRTS_TC,NU_CTE,A
54,6,R7,TSCA082_ALRTS_R7,NU_CTE,A
54,7,M4,TSCA083_ALRTS_M4,NU_CTE,A
54,8,RP,TSCA084_ALRTS_RP,NU_CTE,A
54,9,R8,TSCA085_NTFS_R8,NU_CTE,A
54,10,R9,TSCA086_ALRTS_R9_MNSL,CD_CLIENTE,A
54,11,R9,TSCA087_ALRTS_R9_DR,CD_CLIENTE,A
54,12,RV,TSCA088_ALRTS_RV_MNSL,CD_CLIENTE,A
54,13,RV,TSCA089_ALRTS_RV_DR,CD_CLIENTE,A
54,14,DS,TSCA090_NTFS_DS,CD_CLIENTE,A
54,15,DM,TSCA091_NTFS_DM,CD_CLIENTE,A
54,16,MD,TSCA092_NTFS_MD_DL,NU_CTE,A
54,17,MD,TSCA093_NTFS_MD_PS,NU_CTE,A
54,18,M2,TSCA094_ALRTS_M2,NU_CTE,A
54,19,F1,TSCA095_ALRTS_F1,NU_CTE,A
54,20,MT,TSCA096_ALRTS_MT,NU_CTE,A
54,21,C8,TSCA097_NTFS_C8,NU_CLIENTE,A
54,22,MS,TSCA098_NTFS_MS,NU_CLIENTE,A
54,23,MF,TSCA099_NTFS_MF,NU_CLIENTE,A
54,24,E3,TSCA077_ALRTS_E8,,A
54,25,E1,TSCA077_ALRTS_E8,,A
54,26,AI,TSCA077_ALRTS_E8,,A
54,27,IP,TSCA077_ALRTS_E8,,A
54,28,C1,TSCA077_ALRTS_E8,,A
54,29,C7,TSCA077_ALRTS_E8,,A
54,30,C6,TSCA077_ALRTS_E8,,A
54,31,RM,TSCA077_ALRTS_E8,,A
54,32,SZ,TSCA077_ALRTS_E8,,A
54,33,SW,TSCA077_ALRTS_E8,,A
54,34,DP,TSCA077_ALRTS_E8,,A
54,35,NP,TSCA077_ALRTS_E8,,A
54,36,B2,TSCA078_ALRTS_BTS,,A
54,37,B3,TSCA078_ALRTS_BTS,,A
54,38,B4,TSCA078_ALRTS_BTS,,A
54,39,B5,TSCA078_ALRTS_BTS,,A
54,40,B6,TSCA078_ALRTS_BTS,,A
54,41,B7,TSCA078_ALRTS_BTS,,A
54,42,B8,TSCA078_ALRTS_BTS,,A
54,43,B9,TSCA078_ALRTS_BTS,,A
54,44,BX,TSCA078_ALRTS_BTS,,A
54,45,BW,TSCA176_TMP_ALTS_BTS,CD_CTE,A
98,196,TEF RECIBIDO,TEF RECIBIDO,,A
56,1,ASIGNACION NORMAL,11,BANCA,A
56,21,ASIGNACION COMITE,14,SEGMENTO,A
56,42,ASIGNACION COMITE,13,BANCA,A
57,4,ASIGNACION COMITE,DIRECTOR,9679833,A
57,3,ASIGNACION COMITE,DIRECTOR,9423687,A
57,2,ASIGNACION COMITE,JURIDICO,124409,A
57,1,ASIGNACION COMITE,OC,8182060,A
98,197,TEF ENVIADO,TEF ENVIADO,,A
58,7,ASIGNACION COMITE,EXCLUIR,8452257,A
58,5,ASIGNACION COMITE,EXCLUIR,9425971,A
59,1,ASIGNACION COMITE,EXCLUIR,FZ,A
93,1,VISA DEBITO DLLS,4101,77,A
45,5,PRIORIDAD,5,,A
93,2,T BCMR PLATINUM,4101,81,A
93,3,VISA DEBITO,4152,31,A
93,4,T BMR VISA INFIN,4555,4,A
93,5,T ORO BCMR,4555,5,A
93,6,VISA CHEQUES,4555,10,A
93,7,T ORO BCMR,4555,29,A
93,8,T ORO BCMR,4555,40,A
93,9,T AZUL BCMR,4555,45,A
93,10,IPN,4772,10,A
93,11,BCMR ORO INTERN,4772,13,A
93,12,TARJETA PLATINUM,4772,14,A
93,13,BMR CLASICA VISA,4772,91,A
93,14,TDC DIG AFFLUENT,4815,14,A
93,15,TDC DIG BANC,4815,15,A
93,16,T AZUL BCMR,4931,61,A
93,17,VIVE BBVA,5358,75,A
93,18,VIVE BBVA,5420,15,A
93,19,CREDITO UNAM,5546,29,A
92,1,DIAS VEN ROJO,R,0,A
92,2,DIAS VEN NAR,N,4,A
92,3,DIAS VEN AMA,A,7,A
92,4,DIAS VEN VER,V,10,A
97,2,NA,CHEQUE PAGADO,nbTpPersonaMues,1
97,3,NA,CHEQUE PAGADO,nbClienteMues,1
97,4,NA,CHEQUE PAGADO,nbApePaternoMues,1
97,5,NA,CHEQUE PAGADO,nbApeMaternoMues,1
97,6,NA,CHEQUE PAGADO,stClienteMues,1
97,13,CPE,CHEQUE PAGADO,imMontoMinDet,1
97,7,NA,CHEQUE PAGADO,cdClienteMues,1
97,8,NA,CHEQUE PAGADO,fhRepAutDet,1
97,9,NA,CHEQUE PAGADO,nbReportesPrevDet,1
97,10,NA,CHEQUE PAGADO,stCuentaDet,1
97,11,NA,CHEQUE PAGADO,cdRFCDet,1
97,12,NA,CHEQUE PAGADO,nbActividadRegDet,1
97,14,CPE,CHEQUE PAGADO,imMontoMaxDet,1
97,25,,PAGO DE NOMINA,imMontoMinDet,1
97,26,,PAGO DE NOMINA,imMontoMaxDet,1
94,1,TSCA661_DET_AML,CD_CASO_SAS,CD_CASO_SAS,A
94,2,TSCA661_DET_AML,CD_ALERTA,CD_ALERTA,A
94,3,TSCA661_DET_AML,CD_SISTEMA,CD_SISTEMA,A
94,4,TSCA661_DET_AML,IM_OPER,IM_OPER,A
94,5,TSCA661_DET_AML,IM_ORIGEN,IM_ORIGEN,A
94,6,TSCA661_DET_AML,IM_MXP,IM_MXP,A
94,7,TSCA661_DET_AML,CD_PAIS_ORG,CD_PAIS_ORG,A
94,8,TSCA661_DET_AML,NU_IDENT_BEN,NU_IDENT_BEN,A
94,9,TSCA661_DET_AML,FH_EJECUCION,FH_EJECUCION,A
94,10,TSCA661_DET_AML,FH_VALOR,FH_VALOR,A
94,11,TSCA661_DET_AML,CD_DIVISA,CD_DIVISA,A
94,12,TSCA661_DET_AML,NU_RIESGO,NU_RIESGO,A
94,13,TSCA661_DET_AML,TP_TRASPASO,TP_TRASPASO,A
94,14,TSCA661_DET_AML,CD_ORD2,CD_ORD2,A
94,15,TSCA661_DET_AML,CD_BEN2,CD_BEN2,A
94,16,TSCA661_DET_AML,IM_REAL_ORG,IM_REAL_ORG,A
94,17,TSCA661_DET_AML,IM_REAL_DLL,IM_REAL_DLL,A
94,18,TSCA661_DET_AML,IM_REAL_MXP,IM_REAL_MXP,A
94,19,TSCA661_DET_AML,TP_CAMBIO,TP_CAMBIO,A
94,20,TSCA661_DET_AML,CD_DIVISA_OPER,CD_DIVISA_OPER,A
94,21,TSCA661_DET_AML,NU_CUENTA,NU_CUENTA,A
94,22,TSCA661_DET_AML,CD_TRANSACCION,CD_TRANSACCION,A
94,23,TSCA661_DET_AML,CD_CANAL,CD_CANAL,A
94,24,TSCA661_DET_AML,CD_REMESA,CD_REMESA,A
94,25,TSCA661_DET_AML,CD_BTS,CD_BTS,A
94,26,TSCA661_DET_AML,CD_CUATRILLAVE,CD_CUATRILLAVE,A
94,27,TSCA661_DET_AML,CD_ORDEN_ENV,CD_ORDEN_ENV,A
94,28,TSCA661_DET_AML,FH_ORDEN_ENV,FH_ORDEN_ENV,A
94,29,TSCA661_DET_AML,NU_OPERACION,NU_OPERACION,A
94,30,TSCA661_DET_AML,NU_MOVIMIENTO,NU_MOVIMIENTO,A
94,31,TSCA661_DET_AML,CD_OPERACION,CD_OPERACION,A
94,32,TSCA661_DET_AML,CD_PAIS_ORGFON,CD_PAIS_ORGFON,A
94,33,TSCA661_DET_AML,NB_NOR_ORG,NB_NOR_ORG,A
94,34,TSCA661_DET_AML,CD_ENTBANC_ORG,CD_ENTBANC_ORG,A
94,35,TSCA661_DET_AML,CD_PAIS_DESFON,CD_PAIS_DESFON,A
94,36,TSCA661_DET_AML,NB_NORM_REC,NB_NORM_REC,A
94,37,TSCA661_DET_AML,CD_ENTBANC_REC,CD_ENTBANC_REC,A
94,38,TSCA661_DET_AML,CD_IDEN_BENE,CD_IDEN_BENE,A
94,39,TSCA661_DET_AML,NU_CTA_ABONO,NU_CTA_ABONO,A
94,40,TSCA661_DET_AML,CD_DIVISA_TRAN,CD_DIVISA_TRAN,A
94,41,TSCA661_DET_AML,FH_LIQ_CHEQUE,FH_LIQ_CHEQUE,A
94,42,TSCA661_DET_AML,CD_ENTID_LIQCH,CD_ENTID_LIQCH,A
94,43,TSCA661_DET_AML,CD_OFI_OPER,CD_OFI_OPER,A
94,44,TSCA661_DET_AML,NU_CTA_CARGO,NU_CTA_CARGO,A
94,45,TSCA661_DET_AML,CD_IDEN_ORD,CD_IDEN_ORD,A
94,46,TSCA661_DET_AML,CD_IDBENEF,CD_IDBENEF,A
94,47,TSCA661_DET_AML,NB_NORM_BEN,NB_NORM_BEN,A
94,48,TSCA661_DET_AML,CD_EJECUCION,CD_EJECUCION,A
94,49,TSCA661_DET_AML,CD_ENTID_PROP,CD_ENTID_PROP,A
94,50,TSCA661_DET_AML,TP_TRANSACCION,TP_TRANSACCION,A
94,51,TSCA661_DET_AML,NU_CLIENTE,NU_CLIENTE,A
94,52,TSCA661_DET_AML,FH_PROCESO,FH_PROCESO,A
0,2,GEOLOCALIZACION,<NB_PAIS> <NB_ASEN_CORMEX> <NB_ENTIDAD> EN,,A
0,1,GEOLOCALIZACION,CON OPERATIVA EN <NB_CATALOGO> DESTACANDO,,A
0,3,GEOLOCALIZACION,<TP_ASEN_CORMEX> <NB_MUNI_CORMEX> <NB_EDO_CORMEX>,,A
0,4,GEOLOCALIZACION,EN <NB_MUNICIPIO>,,A
89,1,COMPLEJIDAD CASO A,THUNDER TRACK,A,A
89,2,COMPLEJIDAD CASO B,THUNDER TRACK,B,A
89,3,COMPLEJIDAD CASO C,NORMAL,C,A
31,11,SOL BANCA/EJECUTIVO,ACTUALIZAR KYC,Renovar actividad o perfil transaccional,A
31,12,SOL BANCA/EJECUTIVO,REPORTE DE VISITA PRESENCIAL,Clientes PM o PFAE,A
31,13,SOL BANCA/EJECUTIVO,CAMBIOS DE RÉGIMEN FISCAL DE LA CUENTA,Cliente registrado como PF que opera como PFAE,A
31,14,SOL BANCA/EJECUTIVO,UNIFICAR NÚMEROS DE CLIENTE,Unificación de múltiples números de cliente,A
31,15,SOL BANCA/EJECUTIVO,SOLICITUD DE CONTRATO DE FIDEICOMISO,SOLICITUD DE CONTRATO DE FIDEICOMISO,A
33,16,SOL BANCA/EJECUTIVO,CÉDULA DE IDENTIFICACIÓN FISCAL,CÉDULA DE IDENTIFICACIÓN FISCAL,A
33,17,SOL BANCA/EJECUTIVO,ÚLTIMA DECLARACIÓN DE IMPUESTOS,ÚLTIMA DECLARACIÓN DE IMPUESTOS,A
33,18,SOL BANCA/EJECUTIVO,ESTADOS FINANCIEROS DEL ÚLTIMO AÑO,PFAE y PM con actividad formal registrada en SAT,A
33,19,SOL BANCA/EJECUTIVO,ESCRITURAS O CONTRATO DE LA COMPRA/VENTA INMUEBLE,ESCRITURAS O CONTRATO DE LA COMPRA/VENTA DEL INMUE,A
90,1,Usuario Robotics,9554705,,A
46,22,TIPOLOGIA,CN,,A
21,74,TC0443,CORPORATIV,C0,A
88,1,CLASIFICA PRODUCT TT,CUENTA DE CHEQUE,,A
94,53,TSCA661_DET_AML,CD_CAT_GEO,CD_CAT_GEO,A
94,54,TSCA661_DET_AML,CD_LONGITUD,CD_LONGITUD,A
94,55,TSCA661_DET_AML,CD_LATITUD,CD_LATITUD,A
94,56,TSCA661_DET_AML,NB_CATALOGO,NB_CATALOGO,A
94,57,TSCA661_DET_AML,NB_PAIS,NB_PAIS,A
94,58,TSCA661_DET_AML,CD_LOCALIDAD,CD_LOCALIDAD,A
94,59,TSCA661_DET_AML,NB_ASEN_CORMEX,NB_ASEN_CORMEX,A
94,60,TSCA661_DET_AML,TP_ASEN_CORMEX,TP_ASEN_CORMEX,A
94,61,TSCA661_DET_AML,NB_MUNI_CORMEX,NB_MUNI_CORMEX,A
94,62,TSCA661_DET_AML,NB_EDO_CORMEX,NB_EDO_CORMEX,A
94,63,TSCA661_DET_AML,NB_ENTIDAD,NB_ENTIDAD,A
94,64,TSCA661_DET_AML,NB_MUNICIPIO,NB_MUNICIPIO,A