TP_OPERAC,NB_OPERAC
1,DEPOSITO
2,RETIRO
3,COMPRA DIVISAS
4,VENTA DIVISAS
5,CHEQUES DE CAJA
6,GIROS
7,ORDENES DE PAGO
8,OTORGAMIENTO DE CREDITO
9,PAGO DE CREDITO
10,PAGO DE PRIMAS
11,APORTACIONES A UN CONTRATO/FIDEICOMISO
12,DEPOSITOS EN GARANTIA
13,SALVAMENTOS
14,DEPOSITO PATRONAL
15,DEPOSITO DE TRABAJADOR
17,REPARTOS Y PRESTAMOS SOBRE VALORES
18,COMPRA DE VALORES
19,VENTA DE VALORES
20,DEPOSITOS DE APORTACION VOLUNTARIA
21,DISPOSICION DE APORTACION VOLUNTARIA
22,ALMACENAMIENTO DE BIENES O MERCANCIAS
23,EMPAQUE Y ENVASADO DE BIENES Y MERCANCIAS
24,GESTION DE GARANTIAS
25,SERVICIOS DE DEPOSITO FISCAL
26,CONTRATACION DE ARRENDAMIENTO FINANCIERO
27,PAGO DE RENTAS DE ARENDAMIENTO FINANCIERO
28,VENTA DE BIENES ARRENDADOS
29,ADQUISICION DE BIENES DEL FUTURO ARRENDATARIO
30,RECEPCION DE PRESTAMOS
31,ADQUISICION DE DOCUMENTOS
32,"""CONTRATACION"
33,PROMOCION DE ORGANIZACION Y ADMINISTRACION DE EMPRESAS
34,COMPRA Y VENTA DE FRUTOS O PRODUCTOS
35,CONTRATOS DE FACTORAJE FINANCIERO
36,SERVICIOS DE ADMINISTRACION Y COBRANZA DE CREDITOS
16,PRESTAMOS A CREDITOS PARA LA ADQUISICION DE VALORES CON GARANTIA