CD_ACTIVIDAD_KYC,NB_ACTIVIDAD_KYC,CD_RIESGO,NU_PUNTAJE
1,BARES Y CANTINAS,M,6
2,CENTROS NOCTURNOS,M,6
3,JOYERIAS,M,6
4,AGENTES INMOBILIARIOS,M,6
5,COMPRA VENTA DE ANTIGUEDADES Y OBJETOS DE ARTE,M,6
6,COMPRA VENTA DE METALES PRECIOSOS Y PIEDRAS PREC,M,6
7,CASINOS LOTERIA O JUEGOS DE AZAR,M,6
8,AGENTES O AGENCIA ADUANALES,M,6
9,ARMAS Y/O PROD. MILITARES,M,6
10,ORGANIZACIONES DE CARIDAD,M,6
11,NOTARIAS,M,6
12,DISPERSORES DE FONDOS,M,6
13,CENTROS CAMBIARIOS(EMPRESAS),M,6
14,CASAS CAMBISTAS INDEPENDIENTES (PERSONAS),M,6
15,CAJAS DE AHORRO Y PRESTAMO,M,6
16,RESTAURANTES,M,6
17,GASOLINERAS,M,6
18,COMERCIO INFORMAL,M,6
19,AGENCIAS AUTOMOTRICES,M,6
20,POLICIAS DE CUALQUIER TIPO,M,6
21,EMPLEADOS(ASALARIADOS) Y/O PENSIONADOS,B,3
22,CASAS DE EMPEÑO,B,3
23,AMAS DE CASA,B,3
24,ESTUDIANTES,B,3
25,ASEGURADORAS,B,3
27,AGRICULTORES,M,6
28,ADMON ACTIVOS Y/O PATRIMONIOS,M,6
29,FIDEICOMISOS RIESGO BAJO,B,3
30,FIDEICOMISOS RIESGO MEDIO,M,6
31,FIDEICOMISOS RIESGO ALTO,M,6
32,SOFOM ENR,M,6
999,OTRAS,B,3