CD_PAIS_UIF,CD_PAIS_PU,NB_PAIS
CH,SUI,SUIZA
SR,SUR,SURINAM
TH,THA,TAILANDIA
TW,TAI,TAIWAN
TZ,TAN,TANZANIA
TJ,TAY,TAYIKISTAN
IO,TBI,TERRITORIO BRITANICO DEL OCEANO INDICO
TG,TOG,TOGO
TO,TON,TONGA
TT,TTO,TRINIDAD Y TOBAGO
TN,TUN,TUNEZ
TM,TUM,TURKMENISTAN
TR,TUR,TURQUIA
TV,TUV,TUVALU
UA,UCR,UCRANIA
UG,UGA,UGANDA
UY,URU,URUGUAY
UZ,UZB,UZBEKISTAN
VU,VAN,VANUATU
VE,VEN,VENEZUELA
VN,VIE,VIETNAM
WF,IWF,WALLIS Y FUTUNA
YE,YEM,YEMEN
ZM,ZAM,ZAMBIA
ZW,ZIM,ZIMBABUE
GB,GB,UNITED KINGDOM
AF,AFG,AFGANISTAN
AL,ALB,ALBANIA
DE,ALE,ALEMANIA
AD,AND,ANDORRA
AO,ANG,ANGOLA
AI,ANL,ANGUILA
AQ,ANT,ANTARTIDA
AG,ABA,ANTIGUA Y BARBUDA
AN,ANE,ANTILLAS NEERLANDESAS
SA,ASA,ARABIA SAUDI
DZ,ARG,ARGELIA
AR,ARN,ARGENTINA
AM,ARM,ARMENIA
AW,ARU,ARUBA
AU,AUS,AUSTRALIA
AT,AUT,AUSTRIA
AZ,AZE,AZERBAIYAN
BS,BAH,BAHAMAS
BH,BAR,BAHREIN
BD,BAN,BANGLADESH
BB,BAB,BARBADOS
BY,BIE,BELARUS
BE,BEL,BELGICA
BZ,BEZ,BELICE
BJ,BEN,BENIN
BM,BER,BERMUDAS
BT,BHO,BHUTAN
BO,BOL,BOLIVIA
BA,BHE,BOSNIA Y HERZEGOVINA
BW,BOT,BOTSUANA
BR,BRA,BRASIL
BN,BRU,BRUNEI
BG,BUL,BULGARIA
BF,BFA,BURKINA FASO
BI,BUR,BURUNDI
CV,RCV,CABO VERDE
KH,KAM,CAMBOYA
CM,CAM,CAMERUN
CA,CAN,CANADA
TD,CHD,CHAD
CZ,CHE,CHEQUIA
CL,CHI,CHILE
CN,CHN,CHINA
CY,CHP,CHIPRE
VA,CVA,SANTA SEDE / ESTADO DE LA CIUDAD DEL VAT
CO,COL,COLOMBIA
KM,COM,COMORAS
CG,CON,CONGO
KP,CNO,COREA DEL NORTE
KR,CSU,COREA DEL SUR
CI,CMA,COSTA DE MARFIL
CR,CRI,COSTA RICA
HR,CRO,CROACIA
CU,CUB,CUBA
DK,DIN,DINAMARCA
DM,DOM,DOMINICA
EC,ECU,ECUADOR
EG,EGI,EGIPTO
SV,ESA,EL SALVADOR
AE,EAR,EMIRATOS ARABES UNIDOS
ER,ERI,ERITREA
SK,ESV,ESLOVAQUIA
SI,ESL,ESLOVENIA
ES,ESP,ESPA?A
US,EUA,ESTADOS UNIDOS
EE,EST,ESTONIA
ET,ETI,ETIOPIA
FJ,FID,FIYI
PH,FIL,FILIPINAS
FI,FIN,FINLANDIA
FR,FRA,FRANCIA
GA,GAB,GABON
GM,GAM,GAMBIA
GE,GEO,GEORGIA
GH,GHA,GHANA
GI,GIB,GIBRALTAR
GD,GRA,GRANADA
EL,GRE,GRECIA
GL,GRO,GROENLANDIA
GP,GUA,GUADALUPE
GT,GUT,GUATEMALA
GG,GUE,GUERNESEY
GN,GUI,GUINEA
GQ,GEC,GUINEA ECUATORIAL
GW,GBI,GUINEA-BISSAU
GY,GUY,GUYANA
GF,GFR,GUAYANA FRANCESA
HT,HAI,HAITI
HN,HON,HONDURAS
HK,HKO,HONG KONG
HU,HUN,HUNGRIA
IN,IND,INDIA
ID,INN,INDONESIA
IQ,IRK,IRAQ
IR,IRA,IRAN
IE,IRL,IRLANDA
IM,IDM,ISLA DE MAN
NF,INO,ISLA NORFOLK
IS,ISL,ISLANDIA
KY,ICA,ISLAS CAIMAN
CK,ICO,ISLAS COOK
FO,IFE,ISLAS FEROE
MV,IMA,MALDIVAS
FK,IML,ISLAS MALVINAS
MP,IMN,ISLAS MARIANAS DEL NORTE
MH,IMR,ISLAS MARSHALL
PN,IPI,ISLAS PITCAIRN
SB,ISA,ISLAS SALOMON
TC,ITC,ISLAS TURCAS Y CAICOS
VG,IVB,ISLAS VIRGENES BRITANICAS
VI,IVA,ISLAS VIRGENES DE LOS ESTADOS UNIDOS
IL,ISR,ISRAEL
IT,ITA,ITALIA
JM,JAM,JAMAICA
JP,JAP,JAPON
JE,JER,JERSEY
JO,JOR,JORDANIA
KZ,KAZ,KAZAJSTAN
KE,KEN,KENIA
KG,KIG,KIRGUISTAN
KI,KIR,KIRIBATI
KW,KUW,KUWAIT
LA,LAO,LAOS
LS,LES,LESOTHO
LV,LET,LETONIA
LB,LIB,LIBANO
LR,LIR,LIBERIA
LY,LII,LIBIA
LI,LIE,LIECHTENSTEIN
LT,LIT,LITUANIA
LU,LUX,LUXEMBURGO
MO,MAC,MACAO
MG,MAD,MADAGASCAR
MY,MAL,MALASIA
MW,MAW,MALAWI
ML,MAI,MALI
MT,MLT,MALTA
MA,MAR,MARRUECOS
MQ,MAT,MARTINICA
MU,MAU,MAURICIO
MR,MAN,MAURITANIA
YT,MAY,MAYOTTE
MX,MEX,MEXICO
FM,MIC,MICRONESIA
MD,MOL,MOLDOVA
MC,MOC,MONACO
MN,MON,MONGOLIA
MS,MOT,MONTSERRAT
MZ,MOZ,MOZAMBIQUE
NR,NAU,NAURU
NP,NEP,NEPAL
NI,NIC,NICARAGUA
NE,NIG,NIGER
NG,NIR,NIGERIA
NU,NIU,NIUE
NO,NOR,NORUEGA
NC,NCA,NUEVA CALEDONIA
NZ,NZE,NUEVA ZELANDA
OM,OMA,OMAN
NL,PBA,PAISES BAJOS
PK,PAK,PAKISTAN
PW,PAL,PALAOS
PA,PAN,PANAMA
PG,PNG,PAPUA NUEVA GUINEA
PY,PAR,PARAGUAY
PE,PER,PERU
PF,PFR,POLINESIA FRANCESA
PL,POL,POLONIA
PT,POR,PORTUGAL
PR,PRI,PUERTO RICO
QA,QAT,QATAR
UK,RUN,REINO UNIDO
CF,RCA,REPUBLICA CENTROAFRICANA
CD,COD,REPUBLICA DEMOCRATICA DEL CONGO
DO,RDO,REPUBLICA DOMINICANA
RE,REU,REUNION
RW,RWA,RUANDA
RO,RUM,RUMANIA
RU,RUS,RUSIA
EH,WSA,SAHARA OCCIDENTAL
WS,SOC,SAMOA
KN,SCN,SAN CRISTOBAL Y NIEVES
SM,SMA,SAN MARINO
PM,SPM,SAN PEDRO Y MIQUELON
VC,SVI,SAN VICENTE Y LAS GRANADINAS
SH,SHD,SANTA ELENA
LC,SLU,SANTA LUCIA
ST,STP,SANTO TOME Y PRINCIPE
SN,SEN,SENEGAL
SC,SDE,SEYCHELLES
SL,SLE,SIERRA LEONA
SG,SIN,SINGAPUR
SY,SIR,SIRIA
SO,SOM,SOMALIA
LK,SLA,SRI LANKA
SZ,SWA,SUAZILANDIA
ZA,SUD,SUDAFRICA
SD,SUN,SUDAN
SE,SUE,SUECIA