CD_SISTEMA,NB_SISTEMA
SPI,SISTEMA DE TRANSFERENCIAS EN DOLARES (SPID)
BZN,BUZON
RED,ALERTAS REDES
MDE,OPERATIVA CON CLIENTES MENORES DE EDAD
SMD,ALERTAS C1
ISC,INVESTIGACIONES DE BANCOS EXTRANJEROS SIN CONVENIO (IFI)
CHQ,CHEQUES DE CAJA
ATM,RETIROS EN ATM DEL EXTRANJERO
CBI,OPERATIVA TRASPASOS CLIENTES DICTAMINADOS CANCELAR
COM,COMPRAS EN COMERCIOS
EFB,OPERACIONES CON BANCOS
ETV,OPERATIVA CON EMPRESAS DE TRASLADO DE VALORES
MDO,OPERATIVA EN CUENTA CONCENTRADORA DE BBVA EN BANAMEX
REX,REMESAS DEL EXTRANJERO
SND,OPERATIVA DE CLIENTES RELACIONADOS CON UN SINDICATO
SPE,OPERATIVA SPEI
TRA,OPERATIVA TRASPASOS
CCC,RESOLUCION DEL COMITÉ DE COMUNICACIÓN Y CONTROL
MNM,SISTEMA DE MONITOREO DE OPERACIONES INUSUALES (MANTAS)
MTS,MONITOR DE TRANSFERENCIAS SWIFT (MTS)
CRE,CREDITO
TDC,TARJETA DE CREDITO
EFE,EFECTIVO
EST,ESTRUCTURADAS
PAR,PERFIL ANTICIPATORIO
FID,FIDEICOMISOS
IFI,INVESTIGACIONES DE BANCOS EXTRANJEROS (IFI)
SIA,SISTEMA DE INVESTIGACION DE ALERTAS
SAS,STATISTICAL ANALYSIS SYSTEM
CI1,CONVENIO INTERCAMBIO
BTS,BANCOMER TRANSFER SERVICE
CPA,CASOS PRIORIDAD ALTA
AML,ANTI-MONEY LAUNDERING
SCA,SICA
MNR,PERFIL ANTICIPATORIO RETIROS