CD_ESTADO,NB_ESTADO,CD_RIESGO
AG,AGUASCALIENTES,0
BN,BAJA CALIFORNIA NTE,1
BS,BAJA CALIFORNIA SUR,1
CA,CAMPECHE,0
CH,CHIHUAHUA,2
CO,COLIMA,2
CS,CHIAPAS,1
CU,COAHUILA,1
DF,CIUDAD DE MEXICO,2
DU,DURANGO,0
EM,MEXICO,2
GO,GUERRERO,1
GU,GUANAJUATO,1
HI,HIDALGO,0
JA,JALISCO,2
MI,MICHOACAN,2
MO,MORELOS,0
NL,NUEVO LEON,2
OA,OAXACA,0
PU,PUEBLA,2
QR,QUINTANA ROO,1
QU,QUERETARO,0
SI,SINALOA,2
SL,SAN LUIS POTOSI,1
SO,SONORA,2
TA,TABASCO,1
TL,TLAXCALA,1
TM,TAMAULIPAS,0
VE,VERACRUZ,2
YU,YUCATAN,1
ZA,ZACATECAS,0