CD_PRODUCTO,CD_SUBPRODUCTO,NB_PRODUCTO,NB_SUBPRODUCTO,ST_PERMITIR,FH_EMISION,FH_CARGA,NB_PRODCLASIFICA
4,7,CUENTA DE CHEQUES,VERSATIL,,,8/19/2024,
4,9,CUENTA DE CHEQUES,VERSATIL DOLARES,,,8/19/2024,
4,10,CUENTA DE CHEQUES,MAESTRA,,,8/19/2024,
4,12,CUENTA DE CHEQUES,CRED. GTIA. LIQUIDA PESOS,,,8/19/2024,
4,15,CUENTA DE CHEQUES,PROGRESIVA EMPRESARIAL,,,8/19/2024,
4,17,CUENTA DE CHEQUES,MAESTRA NOMINA,,,8/19/2024,
4,29,CUENTA DE CHEQUES,REC. IMPUESTOS FEDERALES M.N.,,,8/19/2024,
4,47,CUENTA DE CHEQUES,VERSATIL NEGOCIOS,,,8/19/2024,
4,62,CUENTA DE CHEQUES,ARTICULO 61,,,8/19/2024,
4,101,CUENTA DE CHEQUES,MAESTRA PARTICULARES,,,8/19/2024,
4,102,CUENTA DE CHEQUES,MEMBRESIA BP,,,8/19/2024,
4,104,CUENTA DE CHEQUES,MAESTRA NOMINA BASICA,,,8/19/2024,
4,106,CUENTA DE CHEQUES,NOMINA ELITE,,,8/19/2024,
4,108,CUENTA DE CHEQUES,MAESTRA DOLARES FRONTERA,,,8/19/2024,
4,109,CUENTA DE CHEQUES,MAESTRA PATRIMONIAL DLLS FRONT,,,8/19/2024,
4,111,CUENTA DE CHEQUES,VERSATIL PARTICULARES,,,8/19/2024,
4,114,CUENTA DE CHEQUES,VERSATIL EDUCACION,,,8/19/2024,
4,115,CUENTA DE CHEQUES,VERSATIL COM,,,8/19/2024,
4,118,CUENTA DE CHEQUES,VERSATIL DOLARES FRONTERA,,,8/19/2024,
4,121,CUENTA DE CHEQUES,MAESTRA NEGOCIOS,,,8/19/2024,
4,131,CUENTA DE CHEQUES,VERSATIL NEGOCIOS,,,8/19/2024,
4,133,CUENTA DE CHEQUES,CUENTA VERSATIL GASOLINEROS,,,8/19/2024,
4,138,CUENTA DE CHEQUES,VERSATIL DOLARES NEGOCIOS,,,8/19/2024,
4,139,CUENTA DE CHEQUES,EDICION LIMITADA DLLS,,,8/19/2024,
4,200,CUENTA DE CHEQUES,MAESTRA GRUPO EMP.Y GOB. M.N.,,,8/19/2024,
4,201,CUENTA DE CHEQUES,MAESTRA NEGOCIOS EMP MN,,,8/19/2024,
4,211,CUENTA DE CHEQUES,VERSATIL NEGOCIOS EMP MN,,,8/19/2024,
4,213,CUENTA DE CHEQUES,CUENTA CHEQUES PROMOTOR M.N.,,,8/19/2024,
4,214,CUENTA DE CHEQUES,CUENTA CHEQUES PROMOTOR DLS,,,8/19/2024,
4,216,CUENTA DE CHEQUES,CHEQUES PAQUETE GASOLINERO DLS,,,8/19/2024,
4,218,CUENTA DE CHEQUES,VERSATIL ESC Y UNIVERSIDADES M,,,8/19/2024,
4,220,CUENTA DE CHEQUES,CUENTA MAESTRA DE RANGO,,,8/19/2024,
4,225,CUENTA DE CHEQUES,MAESTRA CASH EMPRESARIAL DLLS,,,8/19/2024,
4,236,CUENTA DE CHEQUES,CTA COMERCIO EMPRESARIAL DLLS,,,8/19/2024,
4,251,CUENTA DE CHEQUES,CASH MANAGEMENT GOBIERNO MN,,,8/19/2024,
4,262,CUENTA DE CHEQUES,VERSATIL PROG.ESC DE CAL.(PEC),,,8/19/2024,
1,2,CUENTA DE CHEQUES,CUENTA COMERCIO,,,8/19/2024,
1,4,CUENTA DE CHEQUES,MAESTRA,,,8/19/2024,
1,5,CUENTA DE CHEQUES,MAESTRA,,,8/19/2024,
1,7,CUENTA DE CHEQUES,LIBRETON 2.0,,,8/19/2024,
1,8,CUENTA DE CHEQUES,MAESTRA DOLARES,,,8/19/2024,
1,10,CUENTA DE CHEQUES,MAESTRA,,,8/19/2024,
1,12,CUENTA DE CHEQUES,CRED. GTIA. LIQUIDA PESOS,,,8/19/2024,
1,15,CUENTA DE CHEQUES,PROGRESIVA EMPRESARIAL,,,8/19/2024,
1,17,CUENTA DE CHEQUES,MAESTRA NOMINA,,,8/19/2024,
1,21,CUENTA DE CHEQUES,CARTERA BURSATIL INVEX HIPO,,,8/19/2024,
1,22,CUENTA DE CHEQUES,FOBAPROA 2 DOLARES,,,8/19/2024,
1,24,CUENTA DE CHEQUES,FOBAPROA 2 MONEDA DOLARES,,,8/19/2024,
1,25,CUENTA DE CHEQUES,FOBAPROA III MONEDA NACIONAL,,,8/19/2024,
1,26,CUENTA DE CHEQUES,MEXDER FOREX MONEDA NAL,,,8/19/2024,
4,275,CUENTA DE CHEQUES,MAESTRA CASH GOBIERNO DLLS,,,8/19/2024,
4,300,CUENTA DE CHEQUES,CASH MANAGEMENT M.N. C/INT.,,,8/19/2024,
4,301,CUENTA DE CHEQUES,CASH MANAGEMENT M.N. S/INT.,,,8/19/2024,
4,302,CUENTA DE CHEQUES,CASH MANAGEMENT DLLS C/INT.,,,8/19/2024,
4,303,CUENTA DE CHEQUES,CASH MANAGEMENT DLLS. S/INT.,,,8/19/2024,
4,305,CUENTA DE CHEQUES,PRODUCTIVA EMPRESARIAL,,,8/19/2024,
4,306,CUENTA DE CHEQUES,PRODUCTIVA DOLARES,,,8/19/2024,
4,311,CUENTA DE CHEQUES,CTA. CASH PERIFERICA S/INT M.N,,,8/19/2024,
4,312,CUENTA DE CHEQUES,CASH CENTRALIZADORA DLLS C/INT,,,8/19/2024,
4,314,CUENTA DE CHEQUES,CASH COBEL GASOLINEROS M.N.,,,8/19/2024,
4,315,CUENTA DE CHEQUES,CASH COBEL DISTRIBUIDORES M.N.,,,8/19/2024,
4,317,CUENTA DE CHEQUES,CENTRALIZADORA DEBITO EMPR C/I,,,8/19/2024,
4,318,CUENTA DE CHEQUES,CENTRALIZADORA DEBITO EMPR S/I,,,8/19/2024,
4,401,CUENTA DE CHEQUES,AREAS CENTRALES,,,8/19/2024,
4,500,CUENTA DE CHEQUES,LIBRETON DOLARES,,,8/19/2024,
5,0,TARJETA COMERCIAL,TARJETA COMERCIAL,,,8/19/2024,
6,0,COMERCIO EXTERIOR,,,,8/19/2024,
7,0,CREDITOS COMERCIALES,,,,8/19/2024,
8,1,ESPERA GIROS NACIONA,GIROS NACIONALES M.N.,,,8/19/2024,
9,0,CHEQUES DE CAJA,,,,8/19/2024,
9,1,CHEQUES DE CAJA,CHEQUES DE CAJA M.N.,,,8/19/2024,
10,1,CHQ. PATRIM,EFECTIVO VIRTUAL PATRIMONIAL,,,8/19/2024,
10,2,CHQ. PATRIM,CUENTA COBRANZA CED,,,8/19/2024,
10,3,CHQ. PATRIM,CUENTA COBRANZA FIDUCIARIO,,,8/19/2024,
10,100,CHQ. PATRIM,CHECKING ACCOUNT NO INTEREST,,,8/19/2024,
10,687,CHQ. PATRIM,NOW ACCOUNT,,,8/19/2024,
11,0,AHORRO,,,,8/19/2024,
11,61,AHORRO,ARTICULO 61,,,8/19/2024,
11,201,AHORRO,LINK CARD,,,8/19/2024,
11,202,AHORRO,LIBRETON MENORES DE EDAD,,,8/19/2024,
11,203,AHORRO,LIBRETON EMPLEADOS,,,8/19/2024,
11,205,AHORRO,LIBRETON COM,,,8/19/2024,
11,206,AHORRO,TARJETA DE CREDITO,,,8/19/2024,
11,208,AHORRO,LIBRETON DOLARES FRONTERA,,,8/19/2024,
11,209,AHORRO,LIBRETON CREDITOS Y SEG,,,8/19/2024,
11,211,AHORRO,LIBRETON GRUPAL,,,8/19/2024,
11,212,AHORRO,LIBRETON INDIVIDUAL,,,8/19/2024,
11,213,AHORRO,LIBRETON DESTINO HIPOTECARIO,,,8/19/2024,
11,220,AHORRO,COLECTIVOS II,,,8/19/2024,
11,225,AHORRO,LIBRETON NOMINA,,,8/19/2024,
11,230,AHORRO,TARJETA NOMINA BASICA BBVA,,,8/19/2024,
11,235,AHORRO,TARJETA NOMINA PENSIONADOS,,,8/19/2024,
11,240,AHORRO,TARJETA NOMINA VENTANILLA,,,8/19/2024,
11,250,AHORRO,CONTIGO BBVA,,,8/19/2024,
11,251,AHORRO,TARJETA INFONAVIT,,,8/19/2024,
11,253,AHORRO,LIBRETON MANCOMUNADO,,,8/19/2024,
11,255,AHORRO,TARJETA OMNI LIFE,,,8/19/2024,
11,260,AHORRO,CUENTA EXPRESS BANCOMER,,,8/19/2024,
11,261,AHORRO,CONTIGO BANCOMER,,,8/19/2024,
11,262,AHORRO,SOLUCION PERSONAL,,,8/19/2024,
11,264,AHORRO,CONTIGO BANCOMER,,,8/19/2024,
11,265,AHORRO,UNIVERSAL DE NOMINA SIN CHEQUE,,,8/19/2024,
11,280,AHORRO,TARJETA GARANTIZADA,,,8/19/2024,
11,291,AHORRO,ENVIOS DE DINERO,,,8/19/2024,
11,300,AHORRO,PERIFERICA DEBITO EMPRESARIAL,,,8/19/2024,
11,311,AHORRO,LIBRETON PLAZO,,,8/19/2024,
11,312,AHORRO,INVERSION LIQUIDA PERSONAL,,,8/19/2024,
12,0,AHORRO,,,,8/19/2024,
12,61,AHORRO,ARTICULO 61,,,8/19/2024,
12,62,AHORRO,ARTICULO 61,,,8/19/2024,
12,201,AHORRO,LINK CARD,,,8/19/2024,
12,203,AHORRO,LIBRETON EMPLEADOS,,,8/19/2024,
1,28,CUENTA DE CHEQUES,FOBAPROA V MONEDA NACIONAL,,,8/19/2024,
1,30,CUENTA DE CHEQUES,TESORERIA BANCA DE GOBIERNO,,,8/19/2024,
1,31,CUENTA DE CHEQUES,TESORERIA BANCA DE GOBIERNO,,,8/19/2024,
1,47,CUENTA DE CHEQUES,LA GALLINA H. DE ORO,,,8/19/2024,
1,61,CUENTA DE CHEQUES,ARTICULO 61,,,8/19/2024,
1,63,CUENTA DE CHEQUES,ARTICULO 61,,,8/19/2024,
1,101,CUENTA DE CHEQUES,MAESTRA PARTICULARES,,,8/19/2024,
1,102,CUENTA DE CHEQUES,MEMBRESIA BP,,,8/19/2024,
1,104,CUENTA DE CHEQUES,MAESTRA NOMINA BASICA,,,8/19/2024,
1,106,CUENTA DE CHEQUES,NOMINA ELITE,,,8/19/2024,
1,107,CUENTA DE CHEQUES,VERSATIL PAGOS ESCUELA,,,8/19/2024,
1,108,CUENTA DE CHEQUES,MAESTRA DOLARES FRONTERA,,,8/19/2024,
1,109,CUENTA DE CHEQUES,MAESTRA PATRIMONIAL DLLS FRONT,,,8/19/2024,
1,110,CUENTA DE CHEQUES,MAESTRA EMPLEADOS,,,8/19/2024,
1,111,CUENTA DE CHEQUES,VERSATIL PARTICULARES,,,8/19/2024,
1,112,CUENTA DE CHEQUES,VERSATIL HIPOTECA,,,8/19/2024,
1,113,CUENTA DE CHEQUES,VERSATIL CONVENIOS,,,8/19/2024,
1,114,CUENTA DE CHEQUES,VERSATIL EDUCACION,,,8/19/2024,
1,115,CUENTA DE CHEQUES,VERSATIL COM,,,8/19/2024,
1,116,CUENTA DE CHEQUES,LIBRETON CON CHEQUERA,,,8/19/2024,
1,118,CUENTA DE CHEQUES,VERSATIL DOLARES FRONTERA,,,8/19/2024,
1,121,CUENTA DE CHEQUES,MAESTRA NEGOCIOS,,,8/19/2024,
1,128,CUENTA DE CHEQUES,MAESTRA DOLARES NEGOCIOS,,,8/19/2024,
1,131,CUENTA DE CHEQUES,VERSATIL NEGOCIOS,,,8/19/2024,
1,132,CUENTA DE CHEQUES,VERSATIL COMERCIO,,,8/19/2024,
1,133,CUENTA DE CHEQUES,CUENTA VERSATIL GASOLINEROS,,,8/19/2024,
1,134,CUENTA DE CHEQUES,VERSATIL NEGOCIOS MUNICIPIOS,,,8/19/2024,
1,138,CUENTA DE CHEQUES,VERSATIL DOLARES NEGOCIOS,,,8/19/2024,
1,139,CUENTA DE CHEQUES,EDICION LIMITADA DLLS,,,8/19/2024,
1,140,CUENTA DE CHEQUES,VERSATIL COMERCIO DLLS,,,8/19/2024,
1,150,CUENTA DE CHEQUES,CASH MANAGEMENT RED M.N. C/INT,,,8/19/2024,
1,151,CUENTA DE CHEQUES,CASH MANAGEMENT RED M.N. S/INT,,,8/19/2024,
1,152,CUENTA DE CHEQUES,CASH MANAGEMENT RED DLLS C/INT,,,8/19/2024,
1,153,CUENTA DE CHEQUES,CASH MANAGEMENT RED DLLS S/INT,,,8/19/2024,
1,166,CUENTA DE CHEQUES,UNIVERSAL NOMINA CON CHEQUERA,,,8/19/2024,
1,167,CUENTA DE CHEQUES,SOLUCION PERSONAL,,,8/19/2024,
1,168,CUENTA DE CHEQUES,LIBRETON MOVIL,,,8/19/2024,
1,200,CUENTA DE CHEQUES,MAESTRA GRUPO EMP.Y GOB. M.N.,,,8/19/2024,
1,201,CUENTA DE CHEQUES,MAESTRA NEGOCIOS EMP MN,,,8/19/2024,
1,202,CUENTA DE CHEQUES,CUENTA CREDITO GOBIERNO MN,,,8/19/2024,
1,203,CUENTA DE CHEQUES,CREDITO EMPRESAS Y CORP MN,,,8/19/2024,
1,204,CUENTA DE CHEQUES,MAESTRA ESC Y UNIVERSIDADES MN,,,8/19/2024,
1,205,CUENTA DE CHEQUES,SINDICATOS EMP MN,,,8/19/2024,
1,209,CUENTA DE CHEQUES,MAESTRA PYME BBVA MN,,,8/19/2024,
1,211,CUENTA DE CHEQUES,VERSATIL NEGOCIOS EMP MN,,,8/19/2024,
1,212,CUENTA DE CHEQUES,CUENTA COMERCIO EMPRESARIAL,,,8/19/2024,
1,213,CUENTA DE CHEQUES,CUENTA CHEQUES PROMOTOR M.N.,,,8/19/2024,
1,214,CUENTA DE CHEQUES,CUENTA CHEQUES PROMOTOR DLS,,,8/19/2024,
1,215,CUENTA DE CHEQUES,CHEQUES PAQUETE GASOLINERO M.N,,,8/19/2024,
1,216,CUENTA DE CHEQUES,CHEQUES PAQUETE GASOLINERO DLS,,,8/19/2024,
1,218,CUENTA DE CHEQUES,VERSATIL ESC Y UNIVERSIDADES M,,,8/19/2024,
1,219,CUENTA DE CHEQUES,MAESTRA DOLARES PYME BBVA,,,8/19/2024,
1,220,CUENTA DE CHEQUES,CUENTA MAESTRA DE RANGO,,,8/19/2024,
1,223,CUENTA DE CHEQUES,CREDITO EMP Y CORP DOLARES,,,8/19/2024,
1,224,CUENTA DE CHEQUES,MAESTRA ESC Y UNIVS DLLS,,,8/19/2024,
1,225,CUENTA DE CHEQUES,MAESTRA CASH EMPRESARIAL DLLS,,,8/19/2024,
1,234,CUENTA DE CHEQUES,VERSATIL ESC Y UNIVS DLLS,,,8/19/2024,
1,235,CUENTA DE CHEQUES,VERSATIL CASH EMPRESARIAL DLLS,,,8/19/2024,
1,236,CUENTA DE CHEQUES,CTA COMERCIO EMPRESARIAL DLLS,,,8/19/2024,
1,245,CUENTA DE CHEQUES,EUROS EMP.Y GOB. C/INTS.,,,8/19/2024,
1,246,CUENTA DE CHEQUES,EUROS EMP.Y GOB. S/INTS.,,,8/19/2024,
1,250,CUENTA DE CHEQUES,TESOFE REC. DE IMPUESTOS FED.,,,8/19/2024,
1,251,CUENTA DE CHEQUES,CASH MANAGEMENT GOBIERNO MN,,,8/19/2024,
1,261,CUENTA DE CHEQUES,CASH MANAGEMENT GOB MN S/INT,,,8/19/2024,
1,262,CUENTA DE CHEQUES,VERSATIL PROG.ESC DE CAL.(PEC),,,8/19/2024,
1,274,CUENTA DE CHEQUES,CUENTA VERSATIL MUNICIPIOS DLL,,,8/19/2024,
1,275,CUENTA DE CHEQUES,MAESTRA CASH GOBIERNO DLLS,,,8/19/2024,
1,300,CUENTA DE CHEQUES,CASH MANAGEMENT M.N. C/INT.,,,8/19/2024,
1,301,CUENTA DE CHEQUES,CASH MANAGEMENT M.N. S/ INT.,,,8/19/2024,
1,303,CUENTA DE CHEQUES,CASH MANAGEMENT DLLS S/INT.,,,8/19/2024,
1,304,CUENTA DE CHEQUES,CASH MANAGEMENT M.N. C/INT GPO,,,8/19/2024,
1,305,CUENTA DE CHEQUES,PRODUCTIVA EMPRESARIAL,,,8/19/2024,
1,306,CUENTA DE CHEQUES,PRODUCTIVA DOLARES,,,8/19/2024,
1,310,CUENTA DE CHEQUES,CTA CASH CENTRALIZADORA C/INT.,,,8/19/2024,
1,311,CUENTA DE CHEQUES,CTA. CASH PERIFERICA S/INT M.N,,,8/19/2024,
1,312,CUENTA DE CHEQUES,CASH CENTRALIZADORA DLLS C/INT,,,8/19/2024,
1,313,CUENTA DE CHEQUES,CTA CASH PERIFERICA DLLS S/INT,,,8/19/2024,
1,314,CUENTA DE CHEQUES,CASH COBEL GASOLINEROS M.N.,,,8/19/2024,
1,315,CUENTA DE CHEQUES,CASH COBEL DISTRIBUIDORES M.N.,,,8/19/2024,
1,316,CUENTA DE CHEQUES,PRODUCTIVA EMPRESARIAL COBEL,,,8/19/2024,
1,317,CUENTA DE CHEQUES,CENTRALIZADORA DEBITO EMPR C/I,,,8/19/2024,
1,318,CUENTA DE CHEQUES,CENTRALIZADORA DEBITO EMPR S/I,,,8/19/2024,
1,319,CUENTA DE CHEQUES,CASH MANAGEMENT EUROS C/INTS.,,,8/19/2024,
1,320,CUENTA DE CHEQUES,CASH MANAGEMENT EUROS S/INTS.,,,8/19/2024,
1,321,CUENTA DE CHEQUES,CASH MANAGEMENT BANCO EXPRESS,,,8/19/2024,
1,322,CUENTA DE CHEQUES,CASH MANAGEMENT ENERGIA ELECTR,,,8/19/2024,
1,400,CUENTA DE CHEQUES,AREAS CENTRALES,,,8/19/2024,
1,401,CUENTA DE CHEQUES,AREAS CENTRALES,,,8/19/2024,
1,2003,CUENTA DE CHEQUES,CASH MANAGEMENT EURO S / INT,,,8/19/2024,
2,0,CONVENIO CIE/DIE,CONVENIO CIE/DIE,,,8/19/2024,
4,0,CUENTA DE CHEQUES,,,,8/19/2024,
4,2,CUENTA DE CHEQUES,CUENTA COMERCIO,,,8/19/2024,
4,4,CUENTA DE CHEQUES,MAESTRA,,,8/19/2024,
4,5,CUENTA DE CHEQUES,MAESTRA,,,8/19/2024,
12,204,AHORRO,LIBRETON,,,8/19/2024,
12,205,AHORRO,LIBRETON COM,,,8/19/2024,
12,206,AHORRO,TARJETA DE CREDITO,,,8/19/2024,
12,207,AHORRO,LIBRETON,,,8/19/2024,
12,209,AHORRO,LIBRETON CREDITOS Y SEG,,,8/19/2024,
12,210,AHORRO,LIBRETON NOMINA,,,8/19/2024,
12,211,AHORRO,LIBRETON GRUPAL,,,8/19/2024,
12,212,AHORRO,LIBRETON INDIVIDUAL,,,8/19/2024,
12,213,AHORRO,LIBRETON DESTINO HIPOTECARIO,,,8/19/2024,
12,215,AHORRO,LIBRETON FUNDACION,,,8/19/2024,
12,216,AHORRO,LIBRETON NOMINA,,,8/19/2024,
12,220,AHORRO,COLECTIVOS II,,,8/19/2024,
12,225,AHORRO,LIBRETON NOMINA,,,8/19/2024,
12,231,AHORRO,TARJETA BASICA BBVA,,,8/19/2024,
12,235,AHORRO,TARJETA NOMINA PENSIONADOS,,,8/19/2024,
12,240,AHORRO,TARJETA NOMINA VENTANILLA,,,8/19/2024,
12,250,AHORRO,CONTIGO BBVA,,,8/19/2024,
12,251,AHORRO,TARJETA INFONAVIT,,,8/19/2024,
12,253,AHORRO,LIBRETON MANCOMUNADO,,,8/19/2024,
12,255,AHORRO,TARJETA OMNI LIFE,,,8/19/2024,
12,260,AHORRO,CUENTA EXPRESS BANCOMER,,,8/19/2024,
12,261,AHORRO,CONTIGO BANCOMER,,,8/19/2024,
12,263,AHORRO,LIBRETON MOVIL,,,8/19/2024,
12,264,AHORRO,CONTIGO BANCOMER,,,8/19/2024,
12,265,AHORRO,UNIVERSAL DE NOMINA SIN CHEQUE,,,8/19/2024,
12,280,AHORRO,TARJETA GARANTIZADA,,,8/19/2024,
12,291,AHORRO,ENVIOS DE DINERO,,,8/19/2024,
12,300,AHORRO,PERIFERICA DEBITO EMPRESARIAL,,,8/19/2024,
12,311,AHORRO,LIBRETON PLAZO,,,8/19/2024,
13,300,INVERSIONES,PAGARE LIQUIDABLE AL VENC. M N,,,8/19/2024,
13,302,INVERSIONES,PAGARE LIQUIDABLE AL VENC. UDI,,,8/19/2024,
13,303,INVERSIONES,CERTIFICADO DE DEPOSITO M.N.,,,8/19/2024,
13,304,INVERSIONES,CEDE TASA AJUSTABLE % TIIE PAT,,,8/19/2024,
13,305,INVERSIONES,CEDE TASA AJUSTABLE M.N.,,,8/19/2024,
13,307,INVERSIONES,CEDE TASA AJUSTABLE % TIIE,,,8/19/2024,
13,308,INVERSIONES,PAGARE NEGOCIOS,,,8/19/2024,
13,309,INVERSIONES,PAGARE PATRIMONIAL,,,8/19/2024,
13,310,INVERSIONES,CEDES MESA DE DINERO,,,8/19/2024,
13,312,INVERSIONES,INV PERSONAL NOTA ESTRUCTURADA,,,8/19/2024,
13,315,INVERSIONES,PLAZO PLAN LEALTAD,,,8/19/2024,
13,317,INVERSIONES,PLAN BANCARIO,,,8/19/2024,
13,318,INVERSIONES,PLAN LEALTAD 7/91,,,8/19/2024,
13,320,INVERSIONES,PLAZO PLAN FLEXIBLE MN,,,8/19/2024,
13,321,INVERSIONES,PLAZO PLAN FLEXIBLE,,,8/19/2024,
13,330,INVERSIONES,CEDE TASA AJUSTABLE % CETE,,,8/19/2024,
14,61,AHORRO,ARTICULO 61,,,8/19/2024,
14,201,AHORRO,LINK CARD,,,8/19/2024,
14,202,AHORRO,LIBRETON MENORES DE EDAD,,,8/19/2024,
14,203,AHORRO,LIBRETON EMPLEADOS,,,8/19/2024,
14,205,AHORRO,LIBRETON COM,,,8/19/2024,
14,206,AHORRO,TARJETA DE CREDITO,,,8/19/2024,
14,207,AHORRO,LIBRETON,,,8/19/2024,
14,208,AHORRO,LIBRETON DOLARES FRONTERA,,,8/19/2024,
14,209,AHORRO,LIBRETON CREDITOS Y SEG,,,8/19/2024,
14,210,AHORRO,LIBRETON NOMINA,,,8/19/2024,
14,211,AHORRO,LIBRETON GRUPAL,,,8/19/2024,
14,212,AHORRO,LIBRETON INDIVIDUAL,,,8/19/2024,
14,213,AHORRO,LIBRETON DESTINO HIPOTECARIO,,,8/19/2024,
14,215,AHORRO,LIBRETON FUNDACION,,,8/19/2024,
14,216,AHORRO,LIBRETON NOMINA,,,8/19/2024,
14,220,AHORRO,COLECTIVOS II,,,8/19/2024,
14,225,AHORRO,LIBRETON NOMINA,,,8/19/2024,
14,230,AHORRO,TARJETA NOMINA BASICA BBVA,,,8/19/2024,
14,231,AHORRO,TARJETA BASICA BBVA,,,8/19/2024,
14,235,AHORRO,TARJETA NOMINA PENSIONADOS,,,8/19/2024,
14,240,AHORRO,TARJETA NOMINA VENTANILLA,,,8/19/2024,
14,250,AHORRO,CONTIGO BBVA,,,8/19/2024,
14,251,AHORRO,TARJETA INFONAVIT,,,8/19/2024,
14,252,AHORRO,TARJETAS MICROFINANCIERAS,,,8/19/2024,
14,253,AHORRO,LIBRETON MANCOMUNADO,,,8/19/2024,
14,255,AHORRO,TARJETA OMNI LIFE,,,8/19/2024,
14,260,AHORRO,CUENTA EXPRESS BANCOMER,,,8/19/2024,
14,261,AHORRO,BLUE ACCES BANCARIO O,,,8/19/2024,
14,262,AHORRO,SOLUCION PERSONAL,,,8/19/2024,
14,263,AHORRO,LIBRETON MOVIL,,,8/19/2024,
14,264,AHORRO,CONTIGO BANCOMER,,,8/19/2024,
14,265,AHORRO,UNIVERSAL DE NOMINA SIN CHEQUE,,,8/19/2024,
14,280,AHORRO,TARJETA GARANTIZADA,,,8/19/2024,
14,290,AHORRO,ENVIOS DE DINERO,,,8/19/2024,
14,291,AHORRO,ENVIOS DE DINERO,,,8/19/2024,
14,300,AHORRO,PERIFERICA DEBITO EMPRESARIAL,,,8/19/2024,
14,311,AHORRO,LIBRETON PLAZO,,,8/19/2024,
14,312,AHORRO,INVERSION LIQUIDA PERSONAL,,,8/19/2024,
15,0,AHORRO,,,,8/19/2024,
15,10,AHORRO,FOBAPROA M.N.,,,8/19/2024,
15,11,AHORRO,FOBAPROA DOLARES,,,8/19/2024,
15,12,AHORRO,RECAUDACION IMSS INFONAVIT,,,8/19/2024,
15,61,AHORRO,ARTICULO 61,,,8/19/2024,
15,62,AHORRO,ARTICULO 61,,,8/19/2024,
15,201,AHORRO,LINK CARD,,,8/19/2024,
15,202,AHORRO,LIBRETON MENORES DE EDAD,,,8/19/2024,
15,203,AHORRO,LIBRETON EMPLEADOS,,,8/19/2024,
15,204,AHORRO,LIBRETON,,,8/19/2024,
15,205,AHORRO,BBVA BASICO ADOLESCENTES,,,8/19/2024,
15,206,AHORRO,TARJETA DE CREDITO,,,8/19/2024,
15,207,AHORRO,LIBRETON,,,8/19/2024,
15,208,AHORRO,LIBRETON DOLARES FRONTERA,,,8/19/2024,
15,209,AHORRO,LIBRETON CREDITOS Y SEG,,,8/19/2024,
15,210,AHORRO,LIBRETON NOMINA,,,8/19/2024,
15,211,AHORRO,LIBRETON GRUPAL,,,8/19/2024,
15,212,AHORRO,LIBRETON INDIVIDUAL,,,8/19/2024,
15,213,AHORRO,LIBRETON DESTINO HIPOTECARIO,,,8/19/2024,
15,215,AHORRO,LIBRETON EDUCACION,,,8/19/2024,
15,216,AHORRO,LIBRETON NOMINA,,,8/19/2024,
15,220,AHORRO,COLECTIVOS II,,,8/19/2024,
15,225,AHORRO,LIBRETON NOMINA,,,8/19/2024,
15,230,AHORRO,TARJETA NOMINA BASICA BBVA,,,8/19/2024,
15,231,AHORRO,TARJETA BASICA BBVA,,,8/19/2024,
15,235,AHORRO,TARJETA NOMINA PENSIONADOS,,,8/19/2024,
15,240,AHORRO,TARJETA NOMINA VENTANILLA,,,8/19/2024,
15,250,AHORRO,CONTIGO BBVA,,,8/19/2024,
15,251,AHORRO,TARJETA INFONAVIT,,,8/19/2024,
15,252,AHORRO,TARJETAS MICROFINANCIERAS,,,8/19/2024,
15,253,AHORRO,LIBRETON MANCOMUNADO,,,8/19/2024,
15,255,AHORRO,TARJETA OMNI LIFE,,,8/19/2024,
15,260,AHORRO,CUENTA EXPRESS BANCOMER,,,8/19/2024,
15,261,AHORRO,CONTIGO BANCOMER,,,8/19/2024,
15,262,AHORRO,SOLUCION PERSONAL,,,8/19/2024,
15,263,AHORRO,LIBRETON MOVIL,,,8/19/2024,
15,264,AHORRO,CONTIGO BANCOMER,,,8/19/2024,
15,265,AHORRO,UNIVERSAL DE NOMINA SIN CHEQUE,,,8/19/2024,
15,280,AHORRO,TARJETA GARANTIZADA,,,8/19/2024,
15,290,AHORRO,ENVIOS DE DINERO,,,8/19/2024,
15,291,AHORRO,ENVIOS DE DINERO,,,8/19/2024,
15,300,AHORRO,PERIFERICA DEBITO EMPRESARIAL,,,8/19/2024,
15,311,AHORRO,LIBRETON PLAZO,,,8/19/2024,
15,312,AHORRO,CUENTA INVISIBLE,,,8/19/2024,
15,500,AHORRO,LIBRETON BASICO CUENTA DIGITAL,,,8/19/2024,
16,0,TARJETA PREPAGADA,,,,8/19/2024,
16,245,TARJETA PREPAGADA,TARJETA DE PAGOS,,,8/19/2024,
16,246,TARJETA PREPAGADA,MI DESPENSA,,,8/19/2024,
16,247,TARJETA PREPAGADA,TARJETA PREPAGADA CORRESPONSAL,,,8/19/2024,
16,260,TARJETA PREPAGADA,TARJETA EXPRESS,,,8/19/2024,
16,261,TARJETA PREPAGADA,T40 ROSA,,,8/19/2024,
16,262,TARJETA PREPAGADA,T40 AZUL,,,8/19/2024,
16,263,TARJETA PREPAGADA,TARJETA REGALO,,,8/19/2024,
16,264,TARJETA PREPAGADA,TARJETA PPI,,,8/19/2024,
16,265,TARJETA PREPAGADA,WALMART TARJETA ENVIOS DE DINE,,,8/19/2024,
16,266,TARJETA PREPAGADA,VTM DOLARES,,,8/19/2024,
16,267,TARJETA PREPAGADA,VTM EUROS,,,8/19/2024,
16,268,TARJETA PREPAGADA,TARJETA DE PAGOS,,,8/19/2024,
16,269,TARJETA PREPAGADA,MI DESPENSA,,,8/19/2024,
17,0,ORD. PAGO NACIONAL,,,,8/19/2024,
17,1,ORD. PAGO NACIONAL,ORDEN DE PAGO NACIONAL M.N.,,,8/19/2024,
18,0,CHEQUES CERTIFICADOS,,,,8/19/2024,
18,1,CHEQUES CERTIFICADOS,CHEQUES CERTIFICADOS,,,8/19/2024,
18,2,CHEQUES CERTIFICADOS,CHEQUES CERTIFICADOS USD,,,8/19/2024,
19,0,CUENTAS DE ESPERA,,,,8/19/2024,
19,1,CUENTAS DE ESPERA,OTRAS CUENTAS DE ESPERA,,,8/19/2024,
19,2,CUENTAS DE ESPERA,CUENTA ADUANERA,,,8/19/2024,
19,3,CUENTAS DE ESPERA,CUENTA META SEGURA,,,8/19/2024,
20,0,SOCIEDADES DE INVERS,SOCIEDADES DE INVERS,,,8/19/2024,
21,0,PATRIMONIAL,,,,8/19/2024,
22,0,BURSATIL BANCOMER,,,,8/19/2024,
23,0,META AHORRO,META AHORRO,,,8/19/2024,
23,1,META AHORRO,META AHORRO,,,8/19/2024,
23,2,META AHORRO,META AHORRO PERSONAL,,,8/19/2024,
23,3,META AHORRO,BBVA PLAN,,,8/19/2024,
24,0,FACTORAJE(FACT),FACTORAJE(FACT&CONF),,,8/19/2024,
25,0,CAJAS DE SEGURIDAD,,,,8/19/2024,
26,0,AHORRO,,,,8/19/2024,
26,61,AHORRO,ARTICULO 61,,,8/19/2024,
26,62,AHORRO,ARTICULO 61,,,8/19/2024,
26,201,AHORRO,LINK CARD,,,8/19/2024,
26,202,AHORRO,LIBRETON MENORES DE EDAD,,,8/19/2024,
26,203,AHORRO,LIBRETON EMPLEADOS,,,8/19/2024,
26,204,AHORRO,LIBRETON,,,8/19/2024,
26,205,AHORRO,LIBRETON COM,,,8/19/2024,
26,206,AHORRO,TARJETA DE CREDITO,,,8/19/2024,
26,207,AHORRO,LIBRETON,,,8/19/2024,
26,208,AHORRO,LIBRETON DOLARES FRONTERA,,,8/19/2024,
26,209,AHORRO,LIBRETON CREDITOS Y SEG,,,8/19/2024,
26,210,AHORRO,LIBRETON NOMINA,,,8/19/2024,
26,211,AHORRO,LIBRETON GRUPAL,,,8/19/2024,
26,212,AHORRO,LIBRETON INDIVIDUAL,,,8/19/2024,
26,215,AHORRO,LIBRETON FUNDACION,,,8/19/2024,
26,216,AHORRO,LIBRETON NOMINA,,,8/19/2024,
26,220,AHORRO,COLECTIVOS II,,,8/19/2024,
26,225,AHORRO,LIBRETON NOMINA,,,8/19/2024,
26,230,AHORRO,TARJETA NOMINA BASICA BBVA,,,8/19/2024,
26,231,AHORRO,TARJETA BASICA BBVA,,,8/19/2024,
26,235,AHORRO,TARJETA NOMINA PENSIONADOS,,,8/19/2024,
26,240,AHORRO,TARJETA NOMINA VENTANILLA,,,8/19/2024,
26,250,AHORRO,CONTIGO BBVA,,,8/19/2024,
26,251,AHORRO,TARJETA INFONAVIT,,,8/19/2024,
26,252,AHORRO,TARJETAS MICROFINANCIERAS,,,8/19/2024,
26,255,AHORRO,TARJETA OMNI LIFE,,,8/19/2024,
26,261,AHORRO,CONTIGO BANCOMER,,,8/19/2024,
26,262,AHORRO,SOLUCION PERSONAL,,,8/19/2024,
26,264,AHORRO,CONTIGO BANCOMER,,,8/19/2024,
26,280,AHORRO,TARJETA GARANTIZADA,,,8/19/2024,
26,290,AHORRO,ENVIOS DE DINERO,,,8/19/2024,
26,291,AHORRO,ENVIOS DE DINERO,,,8/19/2024,
26,300,AHORRO,PERIFERICA DEBITO EMPRESARIAL,,,8/19/2024,
26,311,AHORRO,LIBRETON PLAZO,,,8/19/2024,
26,312,AHORRO,INVERSION LIBRETON,,,8/19/2024,
27,0,AHORRO,,,,8/19/2024,
27,61,AHORRO,ARTICULO 61,,,8/19/2024,
27,62,AHORRO,ARTICULO 61,,,8/19/2024,
27,201,AHORRO,LINK CARD,,,8/19/2024,
27,202,AHORRO,LIBRETON MENORES DE EDAD,,,8/19/2024,
27,203,AHORRO,LIBRETON EMPLEADOS,,,8/19/2024,
27,204,AHORRO,LIBRETON,,,8/19/2024,
27,205,AHORRO,LIBRETON COM,,,8/19/2024,
27,206,AHORRO,TARJETA DE CREDITO,,,8/19/2024,
27,207,AHORRO,LIBRETON,,,8/19/2024,
27,208,AHORRO,LIBRETON DOLARES FRONTERA,,,8/19/2024,
27,209,AHORRO,LIBRETON CREDITOS Y SEG,,,8/19/2024,
27,210,AHORRO,LIBRETON NOMINA,,,8/19/2024,
27,211,AHORRO,LIBRETON GRUPAL,,,8/19/2024,
27,212,AHORRO,LIBRETON INDIVIDUAL,,,8/19/2024,
27,213,AHORRO,LIBRETON DESTINO HIPOTECARIO,,,8/19/2024,
27,215,AHORRO,LIBRETON FUNDACION,,,8/19/2024,
27,216,AHORRO,LIBRETON NOMINA,,,8/19/2024,
27,220,AHORRO,COLECTIVOS II,,,8/19/2024,
27,225,AHORRO,LIBRETON NOMINA,,,8/19/2024,
27,230,AHORRO,TARJETA NOMINA BASICA BBVA,,,8/19/2024,
27,231,AHORRO,TARJETA BASICA BBVA,,,8/19/2024,
27,235,AHORRO,TARJETA NOMINA PENSIONADOS,,,8/19/2024,
27,240,AHORRO,TARJETA NOMINA VENTANILLA,,,8/19/2024,
27,250,AHORRO,CONTIGO BBVA,,,8/19/2024,
27,251,AHORRO,TARJETA INFONAVIT,,,8/19/2024,
27,252,AHORRO,TARJETAS MICROFINANCIERAS,,,8/19/2024,
27,253,AHORRO,LIBRETON MANCOMUNADO,,,8/19/2024,
27,255,AHORRO,TARJETA OMNI LIFE,,,8/19/2024,
27,260,AHORRO,CUENTA EXPRESS BANCOMER,,,8/19/2024,
27,261,AHORRO,BLUE ACCES BANCARIO,,,8/19/2024,
27,262,AHORRO,SOLUCION PERSONAL,,,8/19/2024,
27,263,AHORRO,LIBRETON MOVIL,,,8/19/2024,
27,264,AHORRO,CONTIGO BANCOMER,,,8/19/2024,
27,265,AHORRO,UNIVERSAL DE NOMINA SIN CHEQUE,,,8/19/2024,
27,280,AHORRO,TARJETA GARANTIZADA,,,8/19/2024,
27,290,AHORRO,ENVIOS DE DINERO,,,8/19/2024,
27,291,AHORRO,ENVIOS DE DINERO,,,8/19/2024,
27,300,AHORRO,PERIFERICA DEBITO EMPRESARIAL,,,8/19/2024,
27,311,AHORRO,LIBRETON PLAZO,,,8/19/2024,
28,0,AHORRO,,,,8/19/2024,
28,61,AHORRO,ARTICULO 61,,,8/19/2024,
28,62,AHORRO,ARTICULO 61,,,8/19/2024,
28,201,AHORRO,LINK CARD,,,8/19/2024,
28,202,AHORRO,LIBRETON MENORES DE EDAD,,,8/19/2024,
28,203,AHORRO,LIBRETON EMPLEADOS,,,8/19/2024,
28,204,AHORRO,LIBRETON,,,8/19/2024,
28,205,AHORRO,LIBRETON COM,,,8/19/2024,
28,206,AHORRO,TARJETA DE CREDITO,,,8/19/2024,
28,207,AHORRO,LIBRETON,,,8/19/2024,
28,208,AHORRO,LIBRETON DOLARES FRONTERA,,,8/19/2024,
28,209,AHORRO,LIBRETON CREDITOS Y SEG,,,8/19/2024,
28,210,AHORRO,LIBRETON NOMINA,,,8/19/2024,
28,211,AHORRO,LIBRETON GRUPAL,,,8/19/2024,
28,212,AHORRO,LIBRETON INDIVIDUAL,,,8/19/2024,
28,213,AHORRO,LIBRETON DESTINO HIPOTECARIO,,,8/19/2024,
28,215,AHORRO,LIBRETON FUNDACION,,,8/19/2024,
28,216,AHORRO,LIBRETON NOMINA,,,8/19/2024,
28,220,AHORRO,COLECTIVOS II,,,8/19/2024,
28,225,AHORRO,LIBRETON NOMINA,,,8/19/2024,
28,230,AHORRO,TARJETA NOMINA BASICA BBVA,,,8/19/2024,
28,231,AHORRO,TARJETA BASICA BBVA,,,8/19/2024,
28,235,AHORRO,TARJETA NOMINA PENSIONADOS,,,8/19/2024,
28,240,AHORRO,TARJETA NOMINA VENTANILLA,,,8/19/2024,
28,250,AHORRO,CONTIGO BBVA,,,8/19/2024,
28,251,AHORRO,TARJETA INFONAVIT,,,8/19/2024,
28,252,AHORRO,TARJETAS MICROFINANCIERAS,,,8/19/2024,
28,253,AHORRO,LIBRETON MANCOMUNADO,,,8/19/2024,
28,255,AHORRO,TARJETA OMNI LIFE,,,8/19/2024,
28,260,AHORRO,CUENTA EXPRESS BBVA,,,8/19/2024,
28,261,AHORRO,CONTIGO BANCOMER,,,8/19/2024,
28,262,AHORRO,SOLUCION PERSONAL,,,8/19/2024,
28,263,AHORRO,LIBRETON MOVIL,,,8/19/2024,
28,264,AHORRO,CONTIGO BANCOMER,,,8/19/2024,
28,265,AHORRO,UNIVERSAL DE NOMINA SIN CHEQUE,,,8/19/2024,
28,280,AHORRO,TARJETA GARANTIZADA,,,8/19/2024,
28,290,AHORRO,ENVIOS DE DINERO,,,8/19/2024,
28,291,AHORRO,PAISANO A PAISANO,,,8/19/2024,
28,300,AHORRO,PERIFERICA DEBITO EMPRESARIAL,,,8/19/2024,
28,311,AHORRO,LIBRETON PLAZO,,,8/19/2024,
28,312,AHORRO,INVERSION LIQUIDA PERSONAL,,,8/19/2024,
29,0,AHORRO,,,,8/19/2024,
29,12,AHORRO,SIN CHEQUERA,,,8/19/2024,
29,61,AHORRO,ARTICULO 61,,,8/19/2024,
29,62,AHORRO,ARTICULO 61,,,8/19/2024,
29,201,AHORRO,LINK CARD,,,8/19/2024,
29,202,AHORRO,LIBRETON MENORES DE EDAD,,,8/19/2024,
29,203,AHORRO,LIBRETON EMPLEADOS,,,8/19/2024,
29,204,AHORRO,LIBRETON,,,8/19/2024,
29,205,AHORRO,LIBRETON COM,,,8/19/2024,
29,206,AHORRO,TARJETA DE CREDITO,,,8/19/2024,
29,207,AHORRO,LIBRETON,,,8/19/2024,
29,208,AHORRO,LIBRETON DOLARES FRONTERA,,,8/19/2024,
29,209,AHORRO,LIBRETON CREDITOS Y SEG,,,8/19/2024,
29,210,AHORRO,LIBRETON NOMINA,,,8/19/2024,
29,211,AHORRO,LIBRETON GRUPAL,,,8/19/2024,
29,212,AHORRO,LIBRETON INDIVIDUAL,,,8/19/2024,
29,213,AHORRO,LIBRETON DESTINO HIPOTECARIO,,,8/19/2024,
29,215,AHORRO,LIBRETON FUNDACION,,,8/19/2024,
29,216,AHORRO,LIBRETON NOMINA,,,8/19/2024,
29,220,AHORRO,COLECTIVOS II,,,8/19/2024,
29,225,AHORRO,LIBRETON NOMINA,,,8/19/2024,
29,230,AHORRO,TARJETA NOMINA BASICA BBVA,,,8/19/2024,
29,231,AHORRO,TARJETA BASICA BBVA,,,8/19/2024,
29,235,AHORRO,TARJETA NOMINA PENSIONADOS,,,8/19/2024,
29,240,AHORRO,TARJETA NOMINA VENTANILLA,,,8/19/2024,
29,250,AHORRO,CONTIGO BBVA,,,8/19/2024,
29,251,AHORRO,TARJETA INFONAVIT,,,8/19/2024,
29,252,AHORRO,TARJETAS MICROFINANCIERAS,,,8/19/2024,
29,253,AHORRO,LIBRETON MANCOMUNADO,,,8/19/2024,
29,255,AHORRO,TARJETA OMNI LIFE,,,8/19/2024,
29,260,AHORRO,CUENTA EXPRESS BBVA,,,8/19/2024,
29,261,AHORRO,CONTIGO BANCOMER,,,8/19/2024,
29,262,AHORRO,SOLUCION PERSONAL,,,8/19/2024,
29,263,AHORRO,LIBRETON MOVIL,,,8/19/2024,
29,264,AHORRO,CONTIGO BANCOMER,,,8/19/2024,
29,265,AHORRO,UNIVERSAL DE NOMINA SIN CHEQUE,,,8/19/2024,
29,280,AHORRO,TARJETA GARANTIZADA,,,8/19/2024,
29,290,AHORRO,ENVIOS DE DINERO,,,8/19/2024,
29,291,AHORRO,ENVIOS DE DINERO,,,8/19/2024,
29,300,AHORRO,PERIFERICA DEBITO EMPRESARIAL,,,8/19/2024,
29,311,AHORRO,LIBRETON PLAZO,,,8/19/2024,
29,312,AHORRO,INVERSION LIQUIDA PERSONAL,,,8/19/2024,
30,0,SIVA,,,,8/19/2024,
32,0,MERCADOS,MERCADOS,,,8/19/2024,
39,0,SEGUROS,SEGUROS(3),,,8/19/2024,
40,0,SEGUROS,,,,8/19/2024,
41,0,SEGUROS (2),SEGUROS (2),,,8/19/2024,
42,0,CONTRATO NOMINA,CONTRATO NOMINA,,,8/19/2024,
43,0,TARJETA DEBITO,TARJETA DEBITO,,,8/19/2024,
44,0,TARJETA DEBITO,TARJETA DEBITO,,,8/19/2024,
45,0,TARJETA DEBITO EMPR.,TARJETA DEBITO EMPR.,,,8/19/2024,
50,0,TARJETA (CReDITO/DEB,,,,8/19/2024,
51,0,CONTRATO TPV,,,,8/19/2024,
52,0,FOLIO DE TARJETA,,,,8/19/2024,
53,0,TARJ. DEBITO LIBRETO,,,,8/19/2024,
54,0,TARJ. DEBITO MAESTRO,,,,8/19/2024,
55,0,TARJETA DE CREDITO,,,,8/19/2024,
56,0,TARJ. DEBITO BCMR. L,,,,8/19/2024,
57,0,TARJ. DEBITO BCMR. M,,,,8/19/2024,
58,0,TARJ. DEBITO BCMR.,,,,8/19/2024,
59,0,TARJ. CREDITO BCMR.,,,,8/19/2024,
60,0,BCA TELEFONICA,,,,8/19/2024,
61,0,CANALES BANCOMER,,,,8/19/2024,
62,0,TARJ. DEBITO LIBRETO,,,,8/19/2024,
63,0,TDC FINANZIA,,,,8/19/2024,
64,0,TARJ. DEBITO LIBRETO,TARJ. DEBITO LIBRETO,,,8/19/2024,
65,0,TARJ. DEBITO LIBRETO,TARJ. DEBITO LIBRETO,,,8/19/2024,
66,0,TARJETA DEB MAESTRO,TARJETA DEB MAESTRO,,,8/19/2024,
67,0,TARJ. DEBITO MAESTRO,TARJ. DEBITO MAESTRO,,,8/19/2024,
68,0,TARJETA MINI TAG,TARJETA MINI TAG,,,8/19/2024,
69,0,FINANC,FINANC,,,8/19/2024,
70,0,AGENCIAS CAPTACION,,,,8/19/2024,
71,0,TDC FINANZIA-MP,TDC FINANZIA-MP,,,8/19/2024,
72,0,TDC FINANZIA PU,TDC FINANZIA PU,,,8/19/2024,
73,AC,TARJETA (CREDITO),AZUL,,,8/19/2024,
73,AG,TARJETA (CREDITO),CONGELADA,,,8/19/2024,
73,AP,TARJETA (CREDITO),PLATINUM,,,8/19/2024,
73,AR,TARJETA (CREDITO),RAYADOS,,,8/19/2024,
73,AV,TARJETA (CREDITO),ORO,,,8/19/2024,
73,PN,TARJETA (CREDITO),IPN,,,8/19/2024,
73,TB,TARJETA (CREDITO),MI PRIMER TARJETA,,,8/19/2024,
73,TE,TARJETA (CREDITO),EDUCACION,,,8/19/2024,
73,UM,TARJETA (CREDITO),UNAM,,,8/19/2024,
73,V4,TARJETA (CREDITO),INFINITE,,,8/19/2024,
74,0,TARJETA (CREDITO),TARJETA (CREDITO),,,8/19/2024,
75,CV,TARJETA EMPRESARIAL,VISA NEGOCIO,,,8/19/2024,
76,0,TARJETA (CREDITO),TARJETA (CREDITO),,,8/19/2024,
77,0,ARRENDADORA,,,,8/19/2024,
78,0,FACTORAJE,,,,8/19/2024,
79,0,AVALUOS,,,,8/19/2024,
80,0,FIDUCIARIO,,,,8/19/2024,
80,687,FIDUCIARIO,NOW ACCOUNT,,,8/19/2024,
81,0,LEASING,,,,8/19/2024,
85,0,GARANTIAS GM,,,,8/19/2024,
91,0,FINANZIA AUTO,,,,8/19/2024,
93,0,PRECALIFICACION CART,PRECALIFICACION CART,,,8/19/2024,
95,0,GARANTIAS,,,,8/19/2024,
96,0,CARTERA,,,,8/19/2024,
97,0,AGENCIAS COLOCACION,,,,8/19/2024,
98,0,CARTERA,CARTERA,,,8/19/2024,
99,0,CARTERA TEMPORAL BAN,,,,8/19/2024,
73,0,TARJETA (CREDITO),,,,8/19/2024,
75,0,TARJETA EMPRESARIAL,,,,8/19/2024,
55,AP,TARJETA DE CREDITO,PLATINUM,,,8/19/2024,
39,3,SEGUROS,META SEGURA,,,8/19/2024,
17,61,ORD. PAGO NACIONAL,CONCENTRADORA ART 61,,,,
23,4,META AHORRO,PLAN,,,,
1,402,CUENTA DE CHEQUES,AREAS CENTRALES,,,8/19/2024,
1,252,CUENTA DE CHEQUES,SINDICATOS Y PART. POLITICOS,,,8/19/2024,
1,264,CUENTA DE CHEQUES,CUENTA VERSATIL MUNICIPIOS MN,,,8/19/2024,
1,285,CUENTA DE CHEQUES,VERSATIL CASH GOBIERNO DLLS,,,8/19/2024,
1,302,CUENTA DE CHEQUES,CASH MANAGEMENT DLLS C/INT.,,,8/19/2024,
1,6,CUENTA DE CHEQUES,MAESTRA EMPLEADOS,,,8/19/2024,
1,9,CUENTA DE CHEQUES,VERSATIL DOLARES,,,8/19/2024,
1,11,CUENTA DE CHEQUES,VERSATIL,,,8/19/2024,
1,13,CUENTA DE CHEQUES,CRED. GTIA. LIQ. DOLARES,,,8/19/2024,
1,20,CUENTA DE CHEQUES,CONCENTRADORA TIME DEPOSIT,,,8/19/2024,
1,23,CUENTA DE CHEQUES,CARTERA BURSATIL INVEX AUTO,,,8/19/2024,
1,27,CUENTA DE CHEQUES,MEXDER FOREX USD,,,8/19/2024,
1,29,CUENTA DE CHEQUES,REC. DE IMPUESTOS FED. M.N.,,,8/19/2024,
1,41,CUENTA DE CHEQUES,MAESTRA NEGOCIOS,,,8/19/2024,
1,62,CUENTA DE CHEQUES,ARTICULO 61,,,8/19/2024,
1,70,CUENTA DE CHEQUES,CUENTA CONCENTADORA CARTERA,,,8/19/2024,
1,103,CUENTA DE CHEQUES,MAESTRA NOMINA,,,8/19/2024,
1,105,CUENTA DE CHEQUES,MAESTRA COLECTIVOS II,,,8/19/2024,
1,0,CUENTA DE CHEQUES,,,,8/19/2024,
1,1,CUENTA DE CHEQUES,MAESTRA,,,8/19/2024,
1,3,CUENTA DE CHEQUES,PROGRESIVA TESORERIA,,,8/19/2024,
3,0,PEND.CORAL AMML,PEND.CORAL AMML,,,8/19/2024,
4,134,CUENTA DE CHEQUES,VERSATIL NEGOCIOS MUNICIPIOS,,,8/19/2024,
4,167,CUENTA DE CHEQUES,SOLUCION PERSONAL,,,8/19/2024,
4,209,CUENTA DE CHEQUES,MAESTRA PYME BBVA MN,,,8/19/2024,
4,212,CUENTA DE CHEQUES,CUENTA COMERCIO EMPRESARIAL,,,8/19/2024,
4,215,CUENTA DE CHEQUES,CHEQUES PAQUETE GASOLINERO M.N,,,8/19/2024,
4,219,CUENTA DE CHEQUES,MAESTRA DOLARES PYME BBVA,,,8/19/2024,
4,235,CUENTA DE CHEQUES,VERSATIL CASH EMPRESARIAL DLLS,,,8/19/2024,
4,261,CUENTA DE CHEQUES,CASH MANAGEMENT GOB MN S/INT,,,8/19/2024,
4,1,CUENTA DE CHEQUES,MAESTRA,,,8/19/2024,
4,3,CUENTA DE CHEQUES,PROGRESIVA TESORERIA,,,8/19/2024,
4,6,CUENTA DE CHEQUES,MAESTRA EMPLEADOS,,,8/19/2024,
4,285,CUENTA DE CHEQUES,VERSATIL CASH GOBIERNO DLLS,,,8/19/2024,
4,304,CUENTA DE CHEQUES,CASH MANAGEMENT M.N. C/INT GPO,,,8/19/2024,
4,310,CUENTA DE CHEQUES,CTA CASH CENTRALIZADORA C/INT.,,,8/19/2024,
4,313,CUENTA DE CHEQUES,CTA CASH PERIFERICA DLLS S/INT,,,8/19/2024,
4,316,CUENTA DE CHEQUES,PRODUCTIVA EMPRESARIAL COBEL,,,8/19/2024,
4,400,CUENTA DE CHEQUES,AREAS CENTRALES,,,8/19/2024,
4,501,CUENTA DE CHEQUES,LIBRETON PREMIUM,,,8/19/2024,
4,8,CUENTA DE CHEQUES,MAESTRA DOLARES,,,8/19/2024,
4,11,CUENTA DE CHEQUES,VERSATIL,,,8/19/2024,
4,13,CUENTA DE CHEQUES,CRED. GTIA. LIQ. DOLARES,,,8/19/2024,
4,41,CUENTA DE CHEQUES,MAESTRA NEGOCIOS,,,8/19/2024,
4,61,CUENTA DE CHEQUES,ARTICULO 61,,,8/19/2024,
4,63,CUENTA DE CHEQUES,ARTICULO 61,,,8/19/2024,
4,103,CUENTA DE CHEQUES,MAESTRA NOMINA,,,8/19/2024,
4,105,CUENTA DE CHEQUES,MAESTRA COLECTIVOS II,,,8/19/2024,
4,107,CUENTA DE CHEQUES,CUENTA DE PAGO ESCUELA,,,8/19/2024,
4,110,CUENTA DE CHEQUES,MAESTRA EMPLEADOS,,,8/19/2024,
4,113,CUENTA DE CHEQUES,VERSATIL CONVENIOS,,,8/19/2024,
4,116,CUENTA DE CHEQUES,LIBRETON CON CHEQUERA,,,8/19/2024,
4,128,CUENTA DE CHEQUES,MAESTRA DOLARES NEGOCIOS,,,8/19/2024,
4,132,CUENTA DE CHEQUES,VERSATIL COMERCIO,,,8/19/2024,
8,0,ESPERA GIROS NACIONA,,,,8/19/2024,
10,13,CHQ. PATRIM,FIDEICOMISO,,,8/19/2024,
10,0,CHQ. PATRIM,CUENTA CED INVESTMENT,,,8/19/2024,
11,207,AHORRO,LIBRETON,,,8/19/2024,
11,210,AHORRO,LIBRETON NOMINA,,,8/19/2024,
11,216,AHORRO,LIBRETON NOMINA,,,8/19/2024,
11,231,AHORRO,TARJETA BASICA BBVA,,,8/19/2024,
11,252,AHORRO,TARJETAS MICROFINANCIERAS,,,8/19/2024,
11,263,AHORRO,LIBRETON MOVIL,,,8/19/2024,
11,290,AHORRO,ENVIOS DE DINERO,,,8/19/2024,
11,204,AHORRO,LIBRETON,,,8/19/2024,
11,62,AHORRO,ARTICULO 61,,,8/19/2024,
11,215,AHORRO,LIBRETON FUNDACION,,,8/19/2024,
12,230,AHORRO,TARJETA NOMINA BASICA BBVA,,,8/19/2024,
12,252,AHORRO,TARJETAS MICROFINANCIERAS,,,8/19/2024,
12,262,AHORRO,SOLUCION PERSONAL,,,8/19/2024,
12,290,AHORRO,ENVIOS DE DINERO,,,8/19/2024,
12,312,AHORRO,INVERSION LIQUIDA PERSONAL,,,8/19/2024,
12,202,AHORRO,LIBRETON MENORES DE EDAD,,,8/19/2024,
12,208,AHORRO,LIBRETON DOLARES FRONTERA,,,8/19/2024,
13,0,INVERSIONES,,,,8/19/2024,
13,400,INVERSIONES,INVERSIONES TERM DEPOSIT,,,8/19/2024,
13,306,INVERSIONES,CERTIFICADO DE DEPOSITO/PAGARE,,,8/19/2024,
13,311,INVERSIONES,LIBRETON PLAZO,,,8/19/2024,
13,316,INVERSIONES,PAGARE LIQUIDABLE BEYG MN,,,8/19/2024,
13,325,INVERSIONES,INVERSION AHORRO,,,8/19/2024,
14,0,AHORRO,,,,8/19/2024,
14,62,AHORRO,ARTICULO 61,,,8/19/2024,
14,204,AHORRO,LIBRETON,,,8/19/2024,
13,329,INVERSIONES,CEDE VARIABLE %TIIE 28,,,8/19/2024,