CD_ACT_BANXICO,NB_ACT_BANXICO,CD_RIESGO
13220150200,EXTRACCION Y BENEFICIO DE MERCURIO Y ANTIMONIO,5
13110180200,EXTRACCION Y BENEFICIO DE MINERAL DE HIERRO,5
13210170200,EXTRACCION Y BENEFICIO DE ORO PLATA Y OTROS METALES PRECIOSOS,7
14190100200,EXTRACCION Y BENEFICIO DE OTROS MATERIALES PARA CONSTRUCCION,5
14390180200,EXTRACCION Y BENEFICIO DE OTROS MINERALES NO METALICOS EXCEPTO SAL,5
14110160200,EXTRACCION Y BENEFICIO DE PIEDRA,5
14330100200,EXTRACCION Y BENEFICIO DE SILICE,5
39990100600,FABRICACION DE ABANICOS,5
30210110600,FABRICACION DE ABONOS Y FERTILIZANTES QUIMICOS,8
33520100600,FABRICACION DE ABRASIVOS,5
36990320900,FABRICACION DE ACCESORIOS PARA LA INDUSTRIA TEXTIL,5
20910150600,FABRICACION DE ACEITES VEGETALES COMESTIBLES,5
31130160600,FABRICACION DE ACEITES Y LUBRICANTES,5
20990270600,FABRICACION DE ACEITES Y MANTECAS ANIMALES COMESTIBLES,5
30130180600,FABRICACION DE ACIDOS INDUSTRIALES,5
37910100900,FABRICACION DE ACUMULADORES,5
33310140700,FABRICACION DE ADOBE,5
21120190600,FABRICACION DE AGUARDIENTE DE CA¥A,5
30930100600,FABRICACION DE AGUARRAS,5
35930100800,FABRICACION DE ALAMBRADOS Y TELAS DE METAL,5
35930280800,FABRICACION DE ALAMBRE,5
35990180800,FABRICACION DE ALFILERES AGUJAS Y BROCHES,5
24330190600,FABRICACION DE ALGODON ABSORBENTE VENDAS TELA ADEHESIVA Y PRODUCTOS SIMILARES,5
30510180600,FABRICACION DE ALGODON ESTERILIZADO GASAS Y VENDAS,5
20980290600,FABRICACION DE ALIMENTO PARA GANADO Y OTROS ANIMALES,5
20980370600,FABRICACION DE ALIMENTOS PARA AVES,5
20920130600,FABRICACION DE ALMIDON,5
27130150600,FABRICACION DE ALMOHADAS Y COJINES,5
25120110600,FABRICACION DE ALPARGATAS BABUCHAS Y PANTUFLAS,5
33230110700,FABRICACION DE AMPOLLETAS,5
30110120600,FABRICACION DE ANIL,5
23140110600,FABRICACION DE ESTAMBRES,5
35310100800,FABRICACION DE ESTRUCTURAS DE METAL,5
35210290800,FABRICACION DE ESTUFAS,5
36940160800,FABRICACION DE EXTINGUIDORES,5
33220210700,FABRICACION DE FIBRA DE VIDRIO,5
30320180600,FABRICACION DE FIBRAS SINTETICAS,5
34110140800,FABRICACION DE FIERRO ESPONJA,5
36960120800,FABRICACION DE FILTROS DE METAL,5
39990520600,FABRICACION DE FLORES ARTIFICIALES,5
37920180900,FABRICACION DE FOCOS,5
29210220600,FABRICACION DE FORMULARIOS Y FORMAS CONTINUAS,5
25290900600,FABRICACION DE FORNITURAS MILITARES DE CUERO,5
20940190600,FABRICACION DE FRITURAS,5
38120220600,FABRICACION DE FURGONES Y VAGONES,5
20720230600,FABRICACION DE GALLETAS,5
30120100600,FABRICACION DE GAS ACETILENO,5
31110100400,FABRICACION DE GASOLINA Y OTROS PRODUCTOS DERIVADOS DE LA REFINA CION DE PETROLEO,5
20540130600,FABRICACION DE GELATINAS,5
20830120600,FABRICACION DE GOMA DE MASCAR,5
30920380600,FABRICACION DE GRASAS Y CREMAS LUSTRADORAS,5
20540210600,FABRICACION DE GRENETINA,5
24160230600,FABRICACION DE GUANTES,5
25120290600,FABRICACION DE GUARACHES Y SANDALIAS,5
20990350600,FABRICACION DE HARINA DE PESCADO,5
35990500800,FABRICACION DE HEBILLAS DE METAL,5
20970130600,FABRICACION DE HELADOS NIEVES Y PALETAS,5
36210190800,FABRICACION DE HERRAMIENTAS DE METAL,5
20960150600,FABRICACION DE HIELO,5
30990340600,FABRICACION DE HIELO SECO,5
23120310600,FABRICACION DE HILADOS Y TEJIDOS DE ALGODON,5
23390270600,FABRICACION DE HILADOS Y TEJIDOS DE FIBRA DE COCO,5
23320130600,FABRICACION DE HILADOS Y TEJIDOS DE HENEQUEN,5
23120490600,FABRICACION DE HILADOS Y TEJIDOS DE LANA,5
23290100600,FABRICACION DE HILADOS Y TEJIDOS DE OTRAS FIBRAS SINTETICAS,5
23170150600,FABRICACION DE HILADOS Y TEJIDOS DE SEDA,5
23390190600,FABRICACION DE HILADOS Y TEJIDOS DE YUTE,5
23130130600,FABRICACION DE HILOS PARA COSER,5
35990680800,FABRICACION DE HOJAS PARA RASURAR,5
39950260600,FABRICACION DE HORMAS PARA CALZADO Y TACONES,5
30310100600,FABRICACION DE HULE ESPUMA,5
30910220600,FABRICACION DE IMPERMEABILIZANTES,5
24190270600,FABRICACION DE IMPERMEABLES,5
30220190600,FABRICACION DE INSECTICIDAS Y PLAGUICIDAS,5
30610250600,FABRICACION DE JABON Y DETERGENTE,5
20890100600,FABRICACION DE JARABES,5
35160200800,FABRICACION DE JAULAS DE METAL,5
39910160600,FABRICACION DE JUGUETES EXCEPTO LOS DE HULE Y DE PLASTICO MOLDEADOS,5
26320170600,FABRICACION DE JUNTAS Y EMPAQUES DE CORCHO,5
33310220700,FABRICACION DE LADRILLOS,5
34120120800,FABRICACION DE LAMINAS DE HIERRO Y ACERO,5
32210170600,FABRICACION DE LAMINAS PERFILES TUBOS Y OTROS MATERIALES SIMILARES DE PLASTICO,5
37990300900,FABRICACION DE LAMPARAS ELECTRICAS,5
30920460600,FABRICACION DE LANOLINA,5
39920480600,FABRICACION DE LAPICES,5
20530150600,FABRICACION DE LECHE CONDENSADA EVAPORADA Y PULVERIZADA,5
20920210600,FABRICACION DE LEVADURAS,5
29210300600,FABRICACION DE LIBRETAS CUADERNOS Y HOJAS PARA ENCUADERNACION,5
33520360600,FABRICACION DE LIJA,5
32190200600,FABRICACION DE LINOLEO,5
32110180600,FABRICACION DE LLANTAS Y CAMARAS PARA VEHICULOS,5
23910270600,FABRICACION DE LONA,5
33190360700,FABRICACION DE LOZA Y PORCELANA,5
21210100600,FABRICACION DE MALTA,5
26390210600,FABRICACION DE MANGOS DE MADERA,5
20910230600,FABRICACION DE MANTECAS VEGETALES COMESTIBLES,5
24190430600,FABRICACION DE MANTONES Y CHALINAS,5
36110280900,FABRICACION DE MAQUINARIA E IMPLEMENTOS AGRICOLAS,7
36410170900,FABRICACION DE MAQUINAS CALCULADORAS REGISTRADORAS Y DE ESCRIBIR,5
36910120900,FABRICACION DE MAQUINAS DE COSER,5
27190130600,FABRICACION DE MARCOS Y MOLDURAS DE MADERA,5
20310110600,FABRICACION DE MARQUETAS Y ESTUCHADOS DE AZUCAR,5
39120200600,FABRICACION DE MATERIAL FOTOGRAFICO,5
37930240900,FABRICACION DE MATERIAL PARA INSTALACIONES ELECTRICAS,5
31220170700,FABRICACION DE MATERIALES ASFALTICOS PARA PAVIMENTACION Y TECHADO,5
33320120700,FABRICACION DE MATERIALES PARA MUROS,5
30970200600,FABRICACION DE MECHAS PARA MINAS,5
39310120600,FABRICACION DE MEDALLAS INSIGNIAS Y PLACAS,5
23210240600,FABRICACION DE MEDIAS,5
39510280600,FABRICACION DE MESAS DE BILLAR,5
36390120900,FABRICACION DE MOLINOS PARA GRANOS,5
33540160700,FABRICACION DE MOSAICOS TERRAZOS Y GRANITO,5
27110190600,FABRICACION DE MUEBLES DE MADERA,5
27110270600,FABRICACION DE MUEBLES DE MATERIAL SINTETICO,5
33190440700,FABRICACION DE MUEBLES Y ARTICULOS SANITARIOS,5
38150180800,FABRICACION DE MUELLES Y RESORTES PARA VEHICULOS,5
39970480800,FABRICACION DE MUNICIONES PARA CAZA,7
33290270700,FABRICACION DE OBJETOS ARTISTICOS DE VIDRIO Y CRISTAL,5
35990760800,FABRICACION DE OJILLOS DE METAL,5
30110380600,FABRICACION DE OTRAS MATERIAS COLORANTES,5
24120130600,FABRICACION DE OTRAS PRENDAS EXTERIORES DE VESTIR PARA CABALLERO,5
24150170600,FABRICACION DE OTRAS PRENDAS EXTERIORES DE VESTIR PARA NI¥O,5
30130260600,FABRICACION DE OTRAS SUBSTANCIAS QUIMICAS BASICAS,5
23170310600,FABRICACION DE OTRAS TELAS MIXTAS DE FIBRAS BLANDAS,5
21140150600,FABRICACION DE OTROS AGUARDIENTES NO DE CA¥A,5
37310160900,FABRICACION DE OTROS APARATOS ELECTRICOS PARA EL HOGAR,5
35930360800,FABRICACION DE OTROS ARTICULOS DE ALAMBRE,5
23940390600,FABRICACION DE OTROS ARTICULOS DE ALGODON,5
35160380800,FABRICACION DE OTROS ARTICULOS DE ALUMINIO,5
28290100600,FABRICACION DE OTROS ARTICULOS DE CARTON,5
30950160600,FABRICACION DE OTROS ARTICULOS DE CERA,5
26320250600,FABRICACION DE OTROS ARTICULOS DE CORCHO,5
25291070600,FABRICACION DE OTROS ARTICULOS DE CUERO,5
32190380600,FABRICACION DE OTROS ARTICULOS DE HULE,5
34120200800,FABRICACION DE OTROS ARTICULOS DE LAMINA,5
23170230600,FABRICACION DE OTROS ARTICULOS DE LANA,5
35990840800,FABRICACION DE OTROS ARTICULOS DE LATON,5
26390390600,FABRICACION DE OTROS ARTICULOS DE MADERA,5
35990920800,FABRICACION DE OTROS ARTICULOS DE METAL NO CLASIFICADOS EN OTRA PARTE,5
28290280600,FABRICACION DE OTROS ARTICULOS DE PAPEL,5
32290450600,FABRICACION DE OTROS ARTICULOS DE PLASTICO,5
39990600600,FABRICACION DE OTROS ARTICULOS DE PLUMA DE AVE,5
39510360600,FABRICACION DE OTROS ARTICULOS PARA DEPORTES,5
33230450700,FABRICACION DE OTROS ENVASES DE VIDRIO,5
30970380600,FABRICACION DE OTROS EXPLOSIVOS,7
23130390600,FABRICACION DE OTROS HILADOS Y TEJIDOS NO SINTETICOS,5
39610190600,FABRICACION DE OTROS INSTRUMENTOS DE MEDICION,5
32230210600,FABRICACION DE OTROS JUGUETES DE PLASTICO,5
32290530600,FABRICACION DE OTROS MATERIALES DE PLASTICO,5
35210370800,FABRICACION DE OTROS MUEBLES DE METAL,5
33290350700,FABRICACION DE OTROS OBJETOS DE CRISTAL,5
20940270600,FABRICACION DE OTROS PREPARADOS ALIMENTICIOS DERIVADOS DE CEREALES,5
69991081700,COMPRA VENTA DE ARTICULOS NO CLASIFICADOS EN OTRA PARTE,8
66220221700,COMPRAVENTA DE ARTICULOS DE FERRETERIA,5
84130152500,SERVICIOS DE CONTADURIA Y AUDITORIA; INCLUSO TENEDURIA DE LIBROS,8
30110200600,FABRICACION DE ANILINAS,5
1110630100,CULTIVO DE MAIZ,7
68110131700,CMPR-VTA AUTOMOV/CAMIONES NVO,6
61120151700,COMPRA VENTA DE FRUTAS,5
82191080000,USUARIO MENOR INTERMEDIARIOS FINANCIER PRIV,0
89498880000,USUARIOS MENORES OTRAS ACTIVIDADES,0
63230181700,COMPRA VENTA DISCOS-CASSETTES,5
69110451700,COMPRA VENTA CASAS/OTRS INMUE,6
61350171700,COMPRA VENTA DE CERVEZA,7
41999080000,USUARIO MENOR CONSTRUCCION,0
62120131700,COMPRA VENTA DE CALZADO,5
61220141700,CARNE RES/OTRAS ESP. DE GANAD,5
66210161700,CMPR-VTA CEMENT/CAL/YESO/OTRO,5
37990140900,FABRICACION DE ANUNCIOS LUMINOSOS,5
39510100600,FABRICACION DE APARATOS PARA GIMNASIA,5
39970140800,FABRICACION DE ARMAS,7
24340170600,FABRICACION DE ARTICULOS BORDADOS Y DESHILADOS,5
32190120600,FABRICACION DE ARTICULOS CON HULE USADO,5
30990180600,FABRICACION DE ARTICULOS DE BAQUELITA,5
39990280600,FABRICACION DE ARTICULOS DE CAREY,5
32290110600,FABRICACION DE ARTICULOS DE CELULOIDE,5
39990360600,FABRICACION DE ARTICULOS DE CONCHA,5
25290240600,FABRICACION DE ARTICULOS DE CUERO PARA VIAJE,5
25290320600,FABRICACION DE ARTICULOS DE CUERO Y HUESO,5
25290400600,FABRICACION DE ARTICULOS DE CUERO Y PIEL PARA ZAPATERO,5
39320100600,FABRICACION DE ARTICULOS DE JOYERIA,7
23910190600,FABRICACION DE ARTICULOS DE LONA,5
26220180600,FABRICACION DE ARTICULOS DE PALMA VARA CARRIZO MIMBRE Y SIMILARES,5
23330110600,FABRICACION DE ARTICULOS DE PALMA Y TULE,5
35940180800,FABRICACION DE ARTICULOS DE PELTRE,5
32220150600,FABRICACION DE ARTICULOS DE POLIETILENO,5
39330180600,FABRICACION DE ARTICULOS DE QUINCALLERIA Y BISUTERIA,7
39940100600,FABRICACION DE ARTICULOS PARA DENTISTA,5
39920140600,FABRICACION DE ARTICULOS PARA ESCRITORIO,5
25290580600,FABRICACION DE ARTICULOS TEJIDOS DE CUERO,5
26320330700,FABRICACION DE ASBESTOS Y CORCHOS AISLANTES,5
26310190600,FABRICACION DE ATAUDES DE MADERA,5
20130190600,FABRICACION DE ATES,5
33190280700,FABRICACION DE AZULEJOS,5
32290290600,FABRICACION DE BALONES GLOBOS Y PELOTAS,5
25290660600,FABRICACION DE BANDAS Y CORREAS DE CUERO,5
24390170600,FABRICACION DE BANDERAS Y ADORNOS DE TELA,5
39990440600,FABRICACION DE BASTONES PARAGUAS Y SOMBRILLAS,5
21310270600,FABRICACION DE BEBIDAS GASEOSAS,5
33420110700,FABRICACION DE BLOQUES DE CEMENTO,5
25290740600,FABRICACION DE BOLSAS Y CARTERAS DE CUERO,5
36940240900,FABRICACION DE BOMBAS PARA AGUA,5
23940210600,FABRICACION DE BORRAS Y ESTOPAS,5
33230290700,FABRICACION DE BOTELLAS,5
32290370600,FABRICACION DE BOTONES DE PLASTICO,5
25290820600,FABRICACION DE BROCHAS Y PINCELES,5
38170140900,FABRICACION DE BUJIAS,5
35210110800,FABRICACION DE BUTACAS DE METAL,5
37930160800,FABRICACION DE CABLES DE METAL,5
24170130600,FABRICACION DE CACHUCHAS Y GORRAS,5
35990260800,FABRICACION DE CAJAS FUERTES,5
26210100600,FABRICACION DE CAJAS Y EMPAQUES DE MADERA,5
20590130600,FABRICACION DE CAJETAS YOGOURTS Y OTROS PRODUCTOS A BASE DE LECHE,5
23210160600,FABRICACION DE CALCETINES,5
29290180600,FABRICACION DE CALCOMANIAS,5
35320180800,FABRICACION DE CALDERAS TANQUES Y TINACOS DE METAL,5
35320260800,FABRICACION DE CALENTADORES PARA BA¥O,5
25190170600,FABRICACION DE CALZADO DE CUERO O PIEL,5
32230130600,FABRICACION DE CALZADO DE PLASTICO,5
25110130600,FABRICACION DE CALZADO PARA DEPORTE EXCEPTO DE PLASTICO Y HULE,5
39120120600,FABRICACION DE CAMARAS FOTOGRAFICAS DE CINE Y PROYECTORES,5
24140190600,FABRICACION DE CAMISAS,5
35150140800,FABRICACION DE CANDADOS,5
37990220900,FABRICACION DE CANDILES Y ARBOTANTES,5
39920220600,FABRICACION DE CANUTEROS,5
20490220600,FABRICACION DE CARNES FRIAS Y EMBUTIDOS,5
38990120600,FABRICACION DE CARREOLAS Y ANDADERAS,5
38120140600,FABRICACION DE CARROCERIAS DE METAL,5
26390130600,FABRICACION DE CARROCERIAS Y REDILAS DE MADERA,5
28120150600,FABRICACION DE CARTON,5
39970220800,FABRICACION DE CARTUCHOS,7
23150270600,FABRICACION DE CASIMIRES Y PA¥OS,5
39970300800,FABRICACION DE CASQUILLOS,5
32220230600,FABRICACION DE CELULOIDE Y POLIETILENO,5
33410130700,FABRICACION DE CEMENTO,5
25290160600,FABRICACION DE CEPILLOS Y PLUMEROS,5
30920120600,FABRICACION DE CERA PULIMENTOS Y ABRILLANTADORES,5
39950180600,FABRICACION DE CERCOS PARA CALZADO,5
30940180600,FABRICACION DE CERILLOS Y FOSFOROS,5
35150220800,FABRICACION DE CERRADURAS,5
21220180600,FABRICACION DE CERVEZA,5
24190190600,FABRICACION DE CHAMARRAS Y ABRIGOS,5
20810160600,FABRICACION DE CHOCOLATES,5
35990340800,FABRICACION DE CIERRES AUTOMATICOS DE METAL,5
22120170600,FABRICACION DE CIGARROS,5
39920300600,FABRICACION DE CINTAS PARA MAQUINAS CALCULADORAS REGISTRADORAS Y DE ESCRIBIR,5
35140160800,FABRICACION DE CLAVOS CADENAS GRAPAS Y TACHUELAS,5
30910140600,FABRICACION DE COLAS Y PEGAMENTOS,5
23160250600,FABRICACION DE COLCHAS,5
27130230600,FABRICACION DE COLCHONES Y COLCHONETAS,5
20120370600,FABRICACION DE CONCENTRADOS DE FRUTAS,5
33410210700,FABRICACION DE CONCRETO CIENTIFICO,5
33410390700,FABRICACION DE CONCRETO PARA CONSTRUCCION,5
20720150600,FABRICACION DE CONOS PARA NIEVE,5
31210190700,FABRICACION DE COQUE Y OTROS DERIVADOS DEL CARBON MINERAL,5
24160150600,FABRICACION DE CORBATAS,5
35920120800,FABRICACION DE CORCHOLATAS,5
24210140600,FABRICACION DE CORSETERIA Y ROPA INTERIOR PARA DAMA,5
35160120800,FABRICACION DE CORTINAS DE METAL,5
24310210600,FABRICACION DE CORTINAS DE TELA Y MANTELERIA,5
24390250600,FABRICACION DE COSTALES,5
20520170600,FABRICACION DE CREMA MANTEQUILLA Y QUESO,5
33230370700,FABRICACION DE CRISOLES,5
33220130700,FABRICACION DE CRISTALES PARA AUTOMOVIL,5
35110120800,FABRICACION DE CUBIERTOS Y CUCHILLERIA,5
24320110600,FABRICACION DE CUBREASIENTOS PARA VEHICULOS,5
39410110600,FABRICACION DE CUERDAS PARA GUITARRA,5
30610170600,FABRICACION DE DENTIFRICO,5
30990260600,FABRICACION DE DESINCRUSTANTES,5
30920200600,FABRICACION DE DESINFECTANTES Y DESODORIZANTES,5
30970120600,FABRICACION DE DINAMITA,7
37220150600,FABRICACION DE DISCOS Y CINTAS PARA GRABACIONES,5
26330150600,FABRICACION DE DUELAS Y OTROS MATERIALES DE MADERA PARA PISO,5
20820140600,FABRICACION DE DULCES BOMBONES Y CONFITES,5
33240190700,FABRICACION DE EMPLOMADOS,5
23180210600,FABRICACION DE ENCAJES,5
20120450600,FABRICACION DE ENCURTIDOS,5
36990160800,FABRICACION DE ENGRANES DE METAL,5
23930150600,FABRICACION DE ENTRETELAS Y FIELTROS,5
28220140600,FABRICACION DE ENVASES DE CARTON,5
35910140800,FABRICACION DE ENVASES DE LAMINA,5
34230270900,FABRICACION DE EQUIPOS PARA SOLDAR Y SOLDADURAS,5
39960160600,FABRICACION DE ESCOBAS,5
30710160600,FABRICACION DE ESENCIAS,5
33290190700,FABRICACION DE ESFERAS DE VIDRIO,5
33520280700,FABRICACION DE ESMERILES,5
33240270700,FABRICACION DE ESPEJOS Y LUNAS,5
35990420800,FABRICACION DE ESPUELAS FRENOS Y ARNESES DE METAL,5
20990430600,FABRICACION DE OTROS PRODUCTOS ALIMENTICIOS,5
30510260600,FABRICACION DE OTROS PRODUCTOS FARMACEUTICOS Y MEDICAMENTOS,5
30510340600,FABRICACION DE OXIGENO MEDICINAL,5
24160310600,FABRICACION DE PA¥UELOS PA¥OLETAS Y MASCADAS,5
20710170600,FABRICACION DE PAN Y PASTELES,5
28110170600,FABRICACION DE PAPEL,5
28110250600,FABRICACION DE PAPEL PARA CIGARROS,5
37290110900,FABRICACION DE PARTES DISPOSITIVOS Y ACCESORIOS PARA EQUIPO Y APARATOS DE RADIO TELEVISION Y C,5
38160160600,FABRICACION DE PARTES PARA EL SISTEMA DE FRENOS DE VEHICULOS AUTOMOVILES,5
38140100600,FABRICACION DE PARTES PARA EL SISTEMA DE TRANSMISION DE VEHICULOS AUTOMOVILES,5
38920160600,FABRICACION DE PARTES REFACCIONES Y ACCESORIOS PARA MOTOCICLETAS BICICLETAS Y OTROS VEHICULOS DE,5
35991090800,FABRICACION DE PASADORES Y HORQUILLAS,5
28110330600,FABRICACION DE PASTA DE CELULOSA,5
28110410600,FABRICACION DE PASTA O PULPA PARA PAPEL,5
20720310600,FABRICACION DE PASTAS ALIMENTICIAS,5
20990510600,FABRICACION DE PASTAS PARA GUISOS,5
32290610600,FABRICACION DE PEINES PEINETAS Y CEPILLOS PARA USO PERSONAL,5
35160460800,FABRICACION DE PERFILES PUERTAS Y VENTANAS DE METAL,5
30620150600,FABRICACION DE PERFUMES Y COSMETICOS,5
27120170600,FABRICACION DE PERSIANAS DE MADERA,5
32290790600,FABRICACION DE PIELES ARTIFICIALES,5
35960140800,FABRICACION DE PIEZAS METALICAS POR FUNDICION Y MOLDEO EXCEPTO PARA MAQUINARIA EQUIPO Y MATERIAL DE,5
37910280900,FABRICACION DE PILAS SECAS,5
20320190600,FABRICACION DE PILONCILLO,5
30410190600,FABRICACION DE PINTURAS BARNICES Y LACAS,5
38130120600,FABRICACION DE PISTONES BIELAS ANILLOS CIGUE¥ALES Y MONOBLOCKS PARA MOTORES,5
39920560600,FABRICACION DE PIZARRONES,5
35991170800,FABRICACION DE PLANCHAS INDUSTRIALES,5
30970460600,FABRICACION DE POLVORA,7
33540240700,FABRICACION DE POSTES Y DURMIENTES DE CONCRETO,5
30130340600,FABRICACION DE PRODUCTOS AMONIACALES,5
39991010600,FABRICACION DE PRODUCTOS MANUFACTURADOS NO CLASIFICADOS EN OTRA PARTE,5
31120180600,FABRICACION DE PRODUCTOS PETROQUIMICOS BASICOS,5
30970540600,FABRICACION DE PRODUCTOS PIROTECNICOS,5
33320200700,FABRICACION DE PRODUCTOS REFRACTARIOS,5
26330230600,FABRICACION DE PUERTAS Y VENTANAS DE MADERA,5
22190130600,FABRICACION DE PUROS,5
20130270600,FABRICACION DE QUESO Y MIEL DE TUNA,5
37210170900,FABRICACION DE RADIOS TOCADISCOS GRABADORAS Y TELEVISORES,5
24190510600,FABRICACION DE REBOZOS Y CINTURONES TEJIDOS DE HILO,5
37930320900,FABRICACION DE REFACCIONES PARA APARATOS ELECTRICOS,5
38190100600,FABRICACION DE REFACCIONES Y ACCESORIOS AUTOMOTRICES,5
36210270900,FABRICACION DE REFACCIONES Y MAQUINARIA INDUSTRIAL,5
21310350600,FABRICACION DE REFRESCOS DE FRUTAS NATURALES,5
37310240900,FABRICACION DE REFRIGERADORES Y EQUIPOS DE CALEFACCION DOMESTICA,5
39210130600,FABRICACION DE RELOJES,6
35130180800,FABRICACION DE REMACHES,5
24190690600,FABRICACION DE ROPA CON PIEL,5
24290180600,FABRICACION DE ROPA INTERIOR PARA CABALLERO,5
39990780600,FABRICACION DE ROTULOS,5
24310130600,FABRICACION DE SABANAS,5
28210160600,FABRICACION DE SACOS Y BOLSAS DE PAPEL PARA ENVASE,5
20140170600,FABRICACION DE SALSAS,5
23150190600,FABRICACION DE SARAPES Y COBIJAS,5
39930120600,FABRICACION DE SELLOS DE GOMA,5
39930200800,FABRICACION DE SELLOS PARA CARROS DE FERROCARRIL,5
21190150600,FABRICACION DE SIDRA CHAMPA¥A Y OTRAS BEBIDAS FERMENTADAS EXCEPTO LAS MALTEADAS,5
24180110600,FABRICACION DE SOMBREROS DE PALMA,5
24170210600,FABRICACION DE SOMBREROS EXCEPTO DE PALMA,5
30130420600,FABRICACION DE SOSA,5
21130170600,FABRICACION DE SOTOL,5
23220140600,FABRICACION DE SUETERES,5
39990860700,FABRICACION DE TALCO INDUSTRIAL,5
35310280800,FABRICACION DE TANQUES PARA ENVASADO DE GASES O LIQUIDOS,5
23920170600,FABRICACION DE TAPETES Y ALFOMBRAS,5
24320290600,FABRICACION DE TAPICES PLASTICOS,5
35991250800,FABRICACION DE TAPONES DE METAL,5
39610690900,FABRICACION DE TAXIMETROS,5
33310300700,FABRICACION DE TEJA Y TUBO DE ARCILLA,5
23330370600,FABRICACION DE TEJIDOS Y TORCIDOS DE IXTLE,5
23330290600,FABRICACION DE TEJIDOS Y TORCIDOS DE PALMA,5
23180390600,FABRICACION DE TELAS ELASTICAS,5
23910350600,FABRICACION DE TELAS IMPERMEABLES,5
23920250600,FABRICACION DE TELAS PARA TAPICERIA,5
21110110600,FABRICACION DE TEQUILA Y MEZCAL,5
33510120700,FABRICACION DE TINACOS DE ASBESTO,5
30960140600,FABRICACION DE TINTAS PARA IMPRESION,5
29290260800,FABRICACION DE TIPOS PARA IMPRENTA,5
24190350600,FABRICACION DE TIRANTES,5
23160170600,FABRICACION DE TOALLAS,5
26210280600,FABRICACION DE TONELES Y BARRICAS DE MADERA,5
35130260800,FABRICACION DE TORNILLOS TUERCAS Y PIJAS,5
39990940600,FABRICACION DE TRAGALUCES Y MARQUESINAS,5
24120210600,FABRICACION DE TRAJES PARA CABALLERO,5
26120190600,FABRICACION DE TRIPLAY Y OTROS AGLOMERADOS DE MADERA,5
35991330800,FABRICACION DE TROQUELES,5
35960220800,FABRICACION DE TUBOS DE COBRE PLOMO Y ALUMINIO,5
33540320700,FABRICACION DE TUBOS DE CONCRETO,5
34230190800,FABRICACION DE TUBOS DE ESTA¥O,5
34130100800,FABRICACION DE TUBOS DE HIERRO Y ACERO,5
24130110600,FABRICACION DE UNIFORMES,5
35120100800,FABRICACION DE UTENSILIOS AGRICOLAS Y HERRAMIENTAS DE MANO,5
33110160600,FABRICACION DE VAJILLAS Y OTROS PRODUCTOS DE ALFARERIA Y CERAMICA PARA EL HOGAR,5
36950140900,FABRICACION DE VALVULAS DE METAL,5
30950240600,FABRICACION DE VELAS VELADORAS Y CIRIOS,5
24110150600,FABRICACION DE VESTIDOS Y OTRAS PRENDAS EXTERIORES DE VESTIR PARA DAMA,5
33210150700,FABRICACION DE VIDRIO,5
20950170600,FABRICACION DE VINAGRE,5
21140230600,FABRICACION DE VINOS Y OTROS LICORES,5
33420290700,FABRICACION DE YESO,5
36970100900,FABRICACION E INSTALACION DE EQUIPOS Y APARATOS DE AIRE ACONDICIONADO CALEFACCION Y REFRIGERA,5
38320120600,FABRICACION ENSAMBLE Y REPARACION DE AERONAVES,7
38210150600,FABRICACION ENSAMBLE Y REPARACION DE CARROS DE FERROCARRIL Y OTRO EQUIPO FERROVIARIO,5
36920100900,FABRICACION ENSAMBLE Y REPARACION DE GRUAS MONTACARGAS Y OTRAS MAQUIMAQUINAS PARA TRANSPORTAR O LEVA,5
36320160900,FABRICACION ENSAMBLE Y REPARACION DE MAQUINARIA EQUIPO Y TRACTORES PARA LAS INDUSTRIAS EXTRACTIVAS,5
36310180900,FABRICACION ENSAMBLE Y REPARACION DE MAQUINARIA Y EQUIPO PARA LA INDUSTRIA DE ALIMENTOS Y BEBIDAS,5
36930180900,FABRICACION ENSAMBLE Y REPARACION DE MOTORES NO ELECTRICOS EXCEPTO PARA VEHICULOS AUTOMOVILES,5
37110180900,FABRICACION ENSAMBLE Y REPARACION DE TRANSFORMADORES MOTORES Y MAQUINARIA Y EQUIPO PARA GENERAC,5
36110100900,FABRICACION ENSAMBLE Y REPARACION DE VEHICULOS DE USO AGROPECUARIO,5
38110160600,FABRICACION Y ENSAMBLE DE AUTOMOVILES Y CAMIONES,5
38910180600,FABRICACION Y ENSAMBLE DE MOTOCICLETAS BICICLETAS Y OTROS VEHICULOS DE PEDAL,5
38120300600,FABRICACION Y ENSAMBLE DE OTROS VEHICULOS,5
30720140600,FABRICACION Y REFINACION DE SEBO GRASAS Y ACEITES ANIMALES PARA USO INDUSTRIAL,5
20510190600,FABRICACION Y REHIDRATACION DE LECHE,5
39620170600,FABRICACION Y REPARACION DE APARATOS ORTOPEDICOS,5
39110140600,FABRICACION Y REPARACION DE ARTICULOS DE OPTICA,5
39610270600,FABRICACION Y REPARACION DE BASCULAS Y BALANZAS,5
37230130900,FABRICACION DE APARATOS DE INTERCOMUNICACION,5
39610510900,FABRICACION DE APARATOS OZONIZADORES,5
94119011900,USUARIOS MENORES GOBIERNO ESTATAL Y MUNICIPAL,5
99999999999,PENDIENTE,6
38310140600,FABRICACION Y REPARACION DE BUQUES Y BARCOS,5
39620250600,FABRICACION Y REPARACION DE INSTRUMENTOS DE CIRUGIA,5
39610430600,FABRICACION Y REPARACION DE INSTRUMENTOS DE INGENIERIA,5
39410290600,FABRICACION Y REPARACION DE INSTRUMENTOS MUSICALES,5
39610350600,FABRICACION Y REPARACION DE INTRUMENTOS DE FISICA Y QUIMICA,5
38310220600,FABRICACION Y REPARACION DE OTROS VEHICULOS ACUATICOS,5
82190752300,FACTORING,5
88330151500,FEDERACIONES Y ASOCIACIONES DEPORTIVAS Y OTRAS CON FINES RECREATIVOS,5
71310141300,FERROCARRILES,5
2910130100,FORMACION DE PRADERAS Y POTREROS ARTIFICIALES,5
24340250600,FORRADO DE BOTONES Y HEBILLAS,5
29210480600,FOTOCOPIADO,5
34110220800,FUNDICION DE FIERRO Y ACERO,5
34290170800,FUNDICION DE METALES NO FERRUGINOSOS,5
30720220600,FUNDICION DE SEBO,5
34220110800,FUNDICION LAMINACION EXTRUSION Y ESTIRAJE DE ALUMINIO Y FABRICACION DE SOLDADURAS ALUMINOTERMICAS,5
34210130800,FUNDICION REFINACION LAMINACION EXTRUSION Y ESTIRAJE DE COBRE Y SUS ALEACIONES,5
88320171500,GALERIAS DE ARTES GRAFICAS Y MUSEOS,5
35950160800,GALVANIZACION DE LAMINA,5
35950240800,GALVANIZACION DE TUBERIA,5
50110100500,GENERACION Y SUMINISTRO DE ENERGIA ELECTRICA,5
94110261900,GOBIERNO ESTATAL,5
99120241600,GOBIERNO EXTRANJERO,5
94110181800,GOBIERNO FEDERAL,5
94110341900,GOBIERNO MUNICIPAL,5
37220230600,GRABACION DE DISCOS Y CINTAS,5
88210281500,GRABACION DE SONIDO EN PELICULAS,5
29290340600,GRABADO E IMPRESION EN PIEDRA VIDRIO Y OTROS MATERIALES LITOGRAFIA Y FOTOLITOGRAFIA,5
29290420600,GRABADO E IMPRESION FOTOMECANICA MEDIANTE AGUA FUERTE(HELIOGRABADO),5
29290500600,GRABADO EN METAL (FABRICACION DE CLICHES Y FOTOGRABADO),5
30720300600,HIDROGENADORA DE PRODUCTOS DIVERSOS,5
88290221500,HIPODROMO,10
33430190700,HORNO DE CAL,5
92110122600,HOSPITALES SANATORIOS CLINICAS Y MATERNIDADES,5
86110152700,HOTEL,5
42190111000,IMPERMEABILIZACION DE INMUEBLES,5
29210560600,IMPRENTA ( TIPOGRAFIA ),5
29210720600,IMPRESION MEDIANTE CILINDROS (ROTOGRABADO),5
29210640600,IMPRESION MEDIANTE CILINDROS DE CAUCHO,5
30990420600,INDUSTRIALIZACION DE BASURA,5
20310290600,INGENIO AZUCARERO,5
2910210100,INSEMINACION ARTIFICIAL Y OTROS SERVICIOS DE GANADERIA,5
42290101000,INSTALACIONES DE SISTEMAS DE AIRE ACONDICIONADO Y CALEFACCION Y OTRAS INSTALACIONES ANALOGAS,5
42220141000,INSTALACIONES DEL SISTEMA ELECTRICO INCLUYE SISTEMAS DE INTERCOMUNICACION,5
99110181200,INSTITUCIONES FINANCIERAS DEL EXTRANJERO,5
88390131500,JUEGOS DE FERIA,10
88210361500,LABORATORIOS CINEMATOGRAFICOS,5
92140162600,LABORATORIOS DE ANALISIS CLINICOS,5
42920171000,LABRADO Y COLOCACION DE PIEDRA,5
89340112500,LAVANDERIA,5
20240160600,MOLINO DE ARROZ,5
20290160600,MOLINO DE AVENA,5
20290240600,MOLINO DE CEBADA,5
20220100600,MOLINO DE MAIZ,5
20230180600,MOLINO DE NIXTAMAL,5
20290320600,MOLINO DE OTROS CEREALES,5
20210120600,MOLINO DE TRIGO,5
20280420600,MOLINO PARA OTROS GRANOS EXCEPTO CEREALES,5
20260120600,MOLINO Y TOSTADOR DE CAFE,5
82190591600,MONTEPIO,5
87140172700,NEVERIA Y REFRESQUERIA,5
39320280600,ORFEBRERIA,5
93190141600,ORGANIZACIONES CIVICAS,5
93120181600,ORGANIZACIONES DE ABOGADOS MEDICOS INGENIEROS Y OTRAS ASOCIACIO CIONES DE PROFESIONALES,5
93210191600,ORGANIZACIONES LABORALES Y SINDICALES,7
93220171600,ORGANIZACIONES POLITICAS,7
93310181600,ORGANIZACIONES RELIGIOSAS,10
42990131000,OTROS SERVICIOS DE ACABADO PRESTADOS POR SUBCONTRATISTAS,5
89440102500,PANTEON,5
20510270600,PASTEURIZACION HOMOGENEIZACION Y ENVASADO DE LECHE,5
41210261000,PAVIMENTACION,5
41920191000,PERFORACION DE NORIAS Y POZOS PARA AGUA,5
41940151000,PERFORACION DE POZOS PETROLEROS Y DE GAS,5
22190210600,PICADO DE TABACO,5
34110300800,PLANTA METALURGICA,5
23180130600,FABRICACION DE CINTAS AGUJETAS Y LISTONES,5
4910190300,SERVICIOS DE PESQUERIAS MARITIMAS Y DE AGUA DULCE POR CONTRATO,5
42910191000,SERVICIOS DE PINTADO Y TAPIZADO DE INMUEBLES,5
89140130600,SERVICIOS DE REPARACION DE CARROCERIAS PINTURA TAPICERIA HOJALATERIAY CRISTALES DE AUTOMOVILES,5
89120170600,SERVICIOS DE REPARACION DE MOTOCICLETAS Y BICICLETAS,5
89230140600,SERVICIOS DE REPARACION DE RELOJES Y JOYAS,7
89130150600,SERVICIOS DE REPARACION ESPECIALIZADO EN PARTES DE AUTOMOVILES EXCEPTO RECONSTRUCCION DE MOTORES Y C,5
88110111500,SERVICIOS EN BALNEARIOS Y ALBERCAS,5
87190172700,SERVICIOS EN MERENDEROS CENADURIAS Y PREPARACION DE ANTOJITOS Y PLATILLOS REGIONALES,5
87130192700,SERVICIOS EN OSTIONERIAS Y PREPARACION DE OTROS MARISCOS Y PESCADOS,5
87230182700,SERVICIOS EN PULQUERIAS,5
92120102600,SERVICIOS MEDICO GENERAL Y ESPECIALIZADO EN CONSULTORIOS,5
76140101400,SERVICIOS POSTALES,5
73120101300,SERVICIOS RELACIONADOS CON EL TRANSPORTE EN AERONAVES CON MATRICULA EXTRANJERA,7
92310102600,SERVICIOS VETERINARIOS EN CLINICAS Y CONSULTORIOS INCLUSO ZOOTECNISTAS PENSIONES DE ANIMA,5
88190151500,SERVICIOS Y EXPLOTACION DE PLAYAS Y PARQUES DE DESCANSO CLUBES DE EXCURSIONISMO DE CAZA Y PESCA IN,5
93110441600,SOCIEDADES COOPERATIVAS,5
81420102300,SOCIEDADES DE INVERSION,5
25291150600,TALABARTERIA,5
39320360600,TALLADO DE PIEDRAS PRECIOSAS,7
35950320800,TALLER DE COBRIZADO,5
24110230600,TALLER DE CONFECCION DE VESTIDOS,5
35950400800,TALLER DE CROMADO Y NIQUELADO,5
35950580800,TALLER DE ESMALTADO,5
35160540800,TALLER DE HERRERIA,5
35910220800,TALLER DE HOJALATERIA,5
33530180700,TALLER DE MARMOLERIA,5
42210161000,TALLER DE PLOMERIA,5
89220160900,TALLER DE REPARACION DE APARATOS ELECTRICOS Y ELECTRONICOS INDUSTRIALES Y COMERCIALES,5
89220240900,TALLER DE REPARACION DE ARTICULOS ELECTRICOS Y ELECTRONICOS PARA EL HOGAR,5
89210180600,TALLER DE REPARACION DE CALZADO,5
89290120600,TALLER DE REPARACION DE PARAGUAS Y SOMBRILLAS,5
89290200600,TALLER DE REPARACION DE ROPA Y MEDIAS,5
89290380600,TALLER DE REPARACION DE SOMBREROS,5
89110190600,TALLER DE REPARACION GENERAL DE AUTOMOVILES Y CAMIONES,5
24120390600,TALLER DE SASTRERIA,5
89240120600,TALLER DE TAPICERIA,5
36990240800,TALLER MECANICO DE FABRICACION Y REPARACION DE PARTES INDUSTRIALES,5
69991163200,TARJETA DE CREDITO,5
89490101200,TAXIDERMISTA,5
88260101500,TEATRO,5
88250121500,TELEDIFUSORA,5
61310231700,TIENDA DE ABARROTES Y MISCELANEA,6
64110111700,TIENDA DE AUTOSERVICIO,5
64120191700,TIENDAS DE DEPARTAMENTOS ESPECIALIZADOS EXCEPTO DE COMESTIBLES,5
89340292500,TINTORERIA Y PLANCHADURIA,5
20930110600,TORTILLERIA,5
73110121300,TRANSPORTACION AEREA DE PASAJEROS,7
71290191300,TRANSPORTE DE CARGA FORANEA,5
71120141300,TRANSPORTE EN AUTOBUS FORANEO DE PASAJEROS,5
71110161300,TRANSPORTE EN AUTOBUS URBANO Y SUBURBANO DE PASAJEROS,5
71130121300,TRANSPORTE EN AUTOMOVIL DE RULETEO,5
71150181300,TRANSPORTE EN AUTOMOVIL DE RUTA FIJA,5
71140101300,TRANSPORTE EN AUTOMOVILES DE SITIO Y TURISMO,5
71330101300,TRANSPORTE EN FERROCARRIL URBANO (METRO),5
72910161300,TRANSPORTE FLUVIAL Y LACUSTRE,5
71910181300,TRANSPORTE POR DUCTOS,5
72120121300,TRANSPORTES MARITIMOS DE CABOTAJE,5
71320121300,TRANVIAS Y TROLEBUSES,5
20840100600,TRATAMIENTO Y ENVASE DE MIEL DE ABEJA,5
81320112200,UNIONES DE CREDITO NACIONALES,5
81320292300,UNIONES DE CREDITO PRIVADAS,5
41210341000,URBANIZACION,5
69990591600,USUARIOS MENORES POR OPERACIONES DE REPORTO,5
61320711700,VENTA Y DISTRIBUCION DE DESPENSAS FAMILIARES,5
32120240600,VULCANIZACION DE LLANTAS Y CAMARAS,5
1499070100,USUARIOS MENORES AGRICULTURA,8
3299050300,USUAR MEN SILVICULT PESC Y PRESER ANIMA SALVAJE,5
12119030400,USUARIOS MENORES PETROLEO,5
13299040200,USUARIOS MENORES MINERIA,5
34119070800,USUARIO MENOR INDUST SIDER PRODUCT METALICO,5
36399050900,USUARIO MENOR FABRIC MAQUIN ARTICULOS ELECTRICOS,5
39999030600,USUARIOS MENORES INDUSTRIA MANUFACTURERA,5
50119030500,USUARIOS MENORES ENERGIA ELECTRICA,5
3110190300,PLANTACION Y REFORESTACION,6
88290301500,PLAZA DE TOROS,5
42110171000,PREMEZCLADO Y COLADO DE CONCRETO,5
1910230100,PREPARACION DE TIERRAS DE CULTIVO Y OTROS SERVICIOS AGRICOLAS,7
25210200600,PREPARACION DE VISCERAS PARA INDUSTRIAS NO ALIMENTICIAS,5
84290122500,PRESTACION DE OTROS SERVICIOS TECNICOS,10
94710121200,PRESTACION DE SERVICIOS PUBLICOS Y SOCIALES,5
82190671600,PRESTAMISTA,5
69990911600,PRESTAMOS AL PERSONAL DE LA INSTITUCION,5
69110371100,PRESTAMOS PARA LA ADQUISICION DE VIVIENDA TANTO DE INTERES SOCIAL COMO PROVENIENTES DE LA RESERVA PA,5
69110111100,PRESTAMOS PARA LA ADQUISISION DE VIVIENDA PARA ACREDITADOS DE INGRESOS MINIMOS,5
41110351100,PRESTAMOS PARA LA CONSTRUCCION DE VIVIENDA TANTO DE INTERES SOCIAL COMO PROVENIENTES DE LA RESERVA,5
41110431100,PRESTAMOS PARA LA CONSTRUCCION DE VIVIENDA PARA ACREDITADOS DE INGRESOS MINIMOS,5
88210441500,PRODUCCION DE PELICULAS,5
88290481500,PROMOCION DE ESPECTACULOS DEPORTIVOS,5
88290561500,PROMOCION DE ESPECTACULOS TAURINOS,5
21310430600,PURIFICACION DE AGUA EXCEPTO CAPTACION TRATAMIENTO CONDUCCION Y DISTRIBUCION DE AGUA POTABLE,5
89910111600,QUEHACERES DEL HOGAR,8
88240141500,RADIODIFUSORA,5
20410100600,RASTRO,5
4420120300,RECOLECCION DE ALGAS Y OTRAS PLANTAS ACUATICAS,5
4410140300,RECOLECCION DE CONCHAS HUEVOS CORALES ESPONJAS Y PERLAS,5
20950250600,REFINACION DE SAL,5
20490300600,REFRIGERACION DE CARNES,5
32120160600,REGENERACION DE HULE,5
75190381300,RENTA DE VEHICULOS AEREOS,7
84260261200,REPRESENTACION DE ARTISTAS,5
84260341200,REPRESENTANTE CASAS EXTRANJERAS,5
84260421200,REPRESENTANTE CASAS NACIONALES,5
87110212700,RESTAURANTE,5
88230161500,SALA DE CINE,5
61310151700,SALCHICHONERIA,5
89330132500,SALON DE BELLEZA,5
88120191500,SALON DE BILLAR,5
88120271500,SALON DE BOLICHE,5
85210161500,SALON DE FIESTAS,5
83130171600,SERVICIO DE CORREDORES DE BIENES RAICES,5
84190132500,SERVICIO DE INVESTIGACION DE MERCADO SOLVENCIA FINANCIERA DE PATENTES Y MARCAS INDUSTRIALES,5
89190130600,SERVICIO DE REPARACION DE VEHICULOS DE TRACCION ANIMAL Y PROPULSION A MANO,5
84240122500,SERVICIOS ADMINISTRATIVOS DE TRAMITE Y COBRANZA INCLUSO ESCRITORIOS PUBLICOS,5
84280142500,SERVICIOS DE AGENCIAS DE COLOCACION Y SELECCION DE PERSONAL,5
87120112700,SERVICIOS DE ALIMENTOS EN LONCHERIAS TAQUERIAS Y TORTERIAS,5
75110181300,SERVICIOS DE ALMACENAMIENTO Y REFRIGERACION,5
86120132700,SERVICIOS DE ALOJAMIENTO EN MOTELES,5
84210182500,SERVICIOS DE ANALISIS DE SISTEMAS Y PROCESAMIENTO ELECTRONICO DE DATOS,5
84140132500,SERVICIOS DE ASESORIA Y ESTUDIOS TECNICOS DE ARQUITECTURA E INGENIERIA; INCLUSO DISE/O INDUS,8
75140121300,SERVICIOS DE BASCULA Y DE GRUA PARA VEHICULOS,5
91990101200,SERVICIOS DE BIBLIOTECAS MUSEOS JARDINES BOTANICOS Y OTROS SERVICIOSDE DIFUSION CULTURAL,5
89390112500,SERVICIOS DE BOLERIAS MASAJISTAS SANITARIOS PUBLICOS Y OTROS SERVICIOS DE ASEO Y LIMPIEZA,5
84120172500,SERVICIOS DE BUFETES JURIDICOS,5
91220111200,SERVICIOS DE CAPACITACION TECNICA DE OFICIOS Y ARTESANIAS,5
92130182600,SERVICIOS DE CONSULTORIOS Y CLINICAS DENTALES,5
84250102500,SERVICIOS DE COPIAS FOTOSTATICAS XEROGRAFICAS Y SIMILARES,5
3910110300,SERVICIOS DE CORTADO ESTIMACION DEL VOLUMEN DE MADERA PROTECCION DE BOSQUES Y OTROS SERVICIOS RELATI,5
91210131200,SERVICIOS DE ENSEÑANZA COMERCIAL Y DE IDIOMA,0
91290171200,SERVICIOS DE ENSEÑANZA DE MUSICA DANZA Y OTRAS ARTES CULTURA FISICA MANEJO DE VEHICULOS Y OTROS ESPE,5
91120121200,SERVICIOS DE ENSEÑANZA PREPRIMARIA Y PRIMARIA,5
91130101200,SERVICIOS DE ENSEÑANZA SECUNDARIA,0
92190162600,SERVICIOS DE FISIOTERAPIA BANCOS DE SANGRE Y OTROS SERVICIOS MEDICOS,5
81140192200,SERVICIOS DE FONDOS Y FIDEICOMISOS DE FOMENTO ECONOMICO,5
89360172500,SERVICIOS DE FUMIGACION DESINFECCION Y CONTROL DE PLAGAS,5
84270162500,SERVICIOS DE INSTALACION Y MANTENIMIENTO DE MAQUINARIA Y EQUIPO POR EMPRESAS ESPECIALIZADAS,5
91910161200,SERVICIOS DE INVESTIGACION CIENTIFICA,5
81130112100,SERVICIOS DE LA BANCA NACIONAL,5
81130292100,SERVICIOS DE LA BANCA NACIONAL POR OPERACIONES DE CALL MONEY,5
81230282400,SERVICIOS DE LA BANCA PRIVADA ESPECIALIZADA,5
81230442400,SERVICIOS DE LA BANCA PRIVADA ESPECIALIZADA POR OPERACIONES DE CALL MONEY,5
81230102000,SERVICIOS DE LA BANCA PRIVADA Y MIXTA MULTIPLE,5
81230362000,SERVICIOS DE LA BANCA PRIVADA Y MIXTA MULTIPLE POR OPERACIONES DE CALL MONEY,5
92150142600,SERVICIOS DE LABORATORIOS DE RADIOLOGIA Y RADIOSCOPIA,5
89150110600,SERVICIOS DE LAVADO Y LUBRICACION DE AUTOMOVILES,5
84110192500,SERVICIOS DE NOTARIAS PUBLICAS,7
99190121600,SERVICIOS DE OFICINAS Y REPRESENTACIONES DE OTROS PAISES QUE GOZAN DE EXTRATERRITORIALIDAD,5
67210360000,COMPRAVENTA DE EQUIPO DE PROCESAMIENTO ELECTRICO,5
69999001700,USUARIOS MENORES COMERCIO,5
71299021300,USUARIOS MENORES TRANSPORTE,5
76130120000,OTROS SERVS. DE TELECOM. (EXCEPTO RADIO Y TV),5
76139051400,USUARIOS MENORES COMUNICACIONES,5
81230940000,SOC FINANCIERAS DE OBJETO MúLTIPLE NO REGULAD,10
81239032000,USUARIOS MENORES DE SERVICIOS BANCARIOS,5
82210132300,FOBAPROA O IPAB,5
84290380000,EMPRESAS DE SEGURIDAD PRIVADA,5
88399061500,USUARIOS MENORES CINE Y ESPARCIMIENTO,5
89440280000,USUARIOS MENORES SERV. PROFESIONALES Y TECNIC,8
89499032500,USUARIOS MENORES DE SERVICIOS,8
94118861800,USUARIOS MENORES GOBIERNO FEDERAL,5
23130210600,ACABADO DE HILOS,5
23190110600,ACABADO DE TELAS,5
88270181500,ACTIVIDADES DE CLUBES DEPORTIVOS PROFESIONALES,5
69110611000,ACTUALIZACION MENSUAL DEL SALDO OPERACIONES DE CREDITO HIPOTECARIO,5
74110101300,ADMINISTRACION DE CAMINOS PUENTES Y SERVICIOS AUXILIARES,5
74140141300,ADMINISTRACION DE CENTRALES CAMIONERAS Y SERVICIOS AUXILIARES,3
83140151200,ADMINISTRACION DE INMUEBLES,5
74130161300,ADMINISTRACION DE PUERTOS MARITIMOS LACUSTRES Y FLUVIALES,3
69110953100,ADQUISICION DE VIVIENDA RESIDENCIAL,5
69110793000,ADQUISICION DE VIVIENDA TIPO MEDIO,5
74120181300,AEROPUERTO CIVIL,5
75130141300,AGENCIA ADUANAL,7
75190121300,AGENCIA DE FERROCARRIL,5
89430122500,AGENCIA DE INHUMACIONES,5
71220131300,AGENCIA DE MUDANZAS,5
84220162500,AGENCIA DE PUBLICIDAD,5
75120162700,AGENCIA DE TURISMO,5
72110141300,AGENCIA DE VAPORES Y BUQUES,5
84230142500,AGENCIA NOTICIOSA,5
69920111700,AGENCIAS DE RIFAS Y SORTEOS (QUINIELAS Y LOTERIA),10
82110212500,AGENTE DE BOLSA,5
82190172500,AGENTE DE SEGUROS,5
39991273200,AJUSTE ESTADISTICO DERIVADO DE PROGRAMAS DE APOYO A LA BANCA (USO EXCLUSIVO BANXICO),5
39991193100,AJUSTE POR PROGRAMA VENTA DE CARTERA A FOBAPROA (USO EXCLUSIVO BANXICO),5
81310132200,ALMACENES DE DEPOSITO NACIONALES,5
81310212300,ALMACENES DE DEPOSITO PRIVADOS,5
85230121500,ALQUILER DE EQUIPOS ELECTRONICOS,5
75190201300,ALQUILER DE LANCHAS Y VELEROS,5
85190111200,ALQUILER DE MOBILIARIO Y EQUIPO PARA COMERCIOS SERVICIOS Y OFICINAS,5
85290101200,ALQUILER DE ROPA,5
85220141500,ALQUILER DE SILLAS Y VAJILLAS PARA BANQUETES,5
83110111600,ALQUILER DE TERRENOS LOCALES Y EDIFICIOS NO RESIDENCIALES,5
85240101200,ALQUILER O RENTA DE AUTOMOVILES SIN CHOFER,5
85110252200,ARRENDADORAS FINANCIERAS NACIONALES,5
85110332300,ARRENDADORAS FINANCIERAS PRIVADAS,5
85120151200,ARRENDAMIENTO DE EQUIPO PARA PROCESAMIENTO ELECTRONICO DE DATOS,5
83120191700,ARRENDAMIENTO DE INMUEBLES RESIDENCIALES,5
85110171200,ARRENDAMIENTO DE MAQUINARIA,5
26110110600,ASERRADERO,5
93110101600,ASOCIACIONES Y CONFEDERACIONES,5
71230111300,AUTOTRANSPORTE DE CARGA DE PRODUCTOS ESPECIFICOS,5
71210151300,AUTOTRANSPORTE DE MATERIALES DE CONSTRUCCION,5
71190101300,AUTOTRANSPORTE ESCOLAR TURISTICO EN AUTOBUS Y OTROS ESPECIALIZADOS EXCEPTO AMBULANCIAS,5
89310172500,BA/OS,5
89320152500,BARBERIA Y PELUQUERIA,5
87210122700,BARES Y CANTINAS,7
20280180600,BENEFICIO DE ARROZ EXCEPTO MOLIENDA,5
20250140600,BENEFICIO DE CAFE EXCEPTO MOLIENDA Y TOSTADO,5
23120150600,BENEFICIO DE LANAS,5
26110290600,BENEFICIO DE MADERAS (DESFLEMADO ESTUFADO CEPILLADO ETC),5
23120230600,BENEFICIO DE OTRAS FIBRAS TEXTILES,5
23940130600,BENEFICIO DE PELO Y CERDA PARA LA INDUSTRIA TEXTIL,5
81410122300,BOLSA DE VALORES,5
87110132700,CAFETERIA,5
82190412300,CAJA DE AHORROS,5
93110281600,CAMARAS DE COMERCIO,5
93110361600,CAMARAS INDUSTRIALES,5
86130112700,CAMPOS DE TURISMO,5
51110181200,CAPTACION TRATAMIENTO CONDUCCION Y DISTRIBUCION DE AGUA POTABLE EXCEPTO DE RIEGO,5
4110170300,CAPTURA DE ATUN BONITO BARRILETE Y SIMILARES,5
4520110300,CAPTURA DE CRUSTACEOS MOLUSCOS REPTILES ANFIBIOS Y OTRA FAUNA DE AGUA DULCE,5
4390190300,CAPTURA DE MAMIFEROS ANFIBIOS Y DIVERSOS INVERTEBRADOS DE MAR,5
4220140300,CAPTURA DE OSTION,5
4290100300,CAPTURA DE OTROS CRUSTACEOS Y MOLUSCOS MARINOS,5
4190110300,CAPTURA DE OTROS PECES EN ESTUARIOS COSTAS O ALTA MAR,5
4510130300,CAPTURA DE PECES EN RIOS LAGOS Y ESTUARIOS,5
4120150300,CAPTURA DE SARDINA Y SIMILARES,5
4130130300,CAPTURA DE TIBURON CAZON RAYA Y SIMILARES,5
4310150300,CAPTURA DE TORTUGA Y OTROS REPTILES MARINOS,5
5110150300,CAPTURA Y PRESERVACION DE ESPECIES ANIMALES SALVAJES,5
72990101300,CARGA Y ESTIBA PORTUARIA,5
82190252300,CASA DE CAMBIO,10
86190192700,CASA DE HUESPEDES,5
82110392200,CASAS DE BOLSA NACIONALES,5
82110472300,CASAS DE BOLSA PRIVADAS,5
92210112600,CENTRO DE BENEFICENCIA,5
88140151500,CENTRO DEPORTIVO,5
88310191500,CENTRO NOCTURNO,10
87220102700,CERVECERIA,5
88130171500,CLUB SOCIAL,7
42930151000,COLOCACION DE DUELAS PARQUET LAMBRINES Y OTROS TRABAJOS DE CARPINTERIA,5
84260181200,COMISIONISTA,5
81330192200,COMPA¥IAS DE FIANZAS NACIONALES,5
81330272300,COMPA¥IAS DE FIANZAS PRIVADAS,5
81510112200,COMPA¥IAS DE SEGUROS NACIONALES,5
81510292300,COMPA¥IAS DE SEGUROS PRIVADAS,5
66270141700,COMPRA DE ARTICULOS SANITARIOS,5
67290261700,COMPRA VENTA DE ACCESORIOS PARA MUEBLES,5
66110171700,COMPRA VENTA DE ALGODON,5
66260161700,COMPRA VENTA DE ANILINAS,5
63250141700,COMPRA VENTA DE ANTIGUEDADES,7
67390171700,COMPRA VENTA DE APARATOS CIENTIFICOS Y DE PRECISION,5
69910131700,COMPRA VENTA DE ARMAS DE FUEGO,8
63210121700,COMPRA VENTA DE ARTICULOS DE CRISTAL LOZA Y PORCELANA,5
62110151700,COMPRA VENTA DE ARTICULOS DE LENCERIA,5
62150171700,COMPRA VENTA DE ARTICULOS DE MERCERIA Y SEDERIA,5
62220121700,COMPRA VENTA DE ARTICULOS DE OPTICA,5
66920171700,COMPRA VENTA DE ARTICULOS DE PELETERIA,5
62250161700,COMPRA VENTA DE ARTICULOS DE PLATA,7
61210241700,COMPRA VENTA DE GANADO MAYOR EN PIE,5
61210321700,COMPRA VENTA DE GANADO MENOR EN PIE,5
65120171700,COMPRA VENTA DE GAS PARA USO DOMESTICO O COMERCIAL,5
65130151700,COMPRA VENTA DE GASOLINA Y DIESEL,6
66190111700,COMPRA VENTA DE HENEQUEN E IXTLE,5
61250181700,COMPRA VENTA DE HUEVO,5
62240181700,COMPRA VENTA DE INSTRUMENTOS Y ARTICULOS MUSICALES,5
62230101700,COMPRA VENTA DE JUGUETES,5
66190291700,COMPRA VENTA DE LANA,5
61320391700,COMPRA VENTA DE LECHE,5
61120231700,COMPRA VENTA DE LEGUMBRES Y HORTALIZAS,5
62270121700,COMPRA VENTA DE LIBROS,5
68140171700,COMPRA VENTA DE LLANTAS,5
66240101700,COMPRA VENTA DE MADERA,5
61260161700,COMPRA VENTA DE MANTECA,5
67110151700,COMPRA VENTA DE MAQUINARIA EQUIPO E IMPLEMENTOS PARA LA AGRICULTURA Y LA GANADERIA,7
67130111700,COMPRA VENTA DE MAQUINARIA EQUIPO IMPLEMENTOS Y HERRAMIENTAS PARA TRABAJAR LA MADERA METALES Y OTR,5
67140191700,COMPRA VENTA DE MAQUINARIA NUEVA,5
67140271700,COMPRA VENTA DE MAQUINARIA USADA,5
63130191700,COMPRA VENTA DE MAQUINAS DE COSER Y TEJEDORAS,5
67210141700,COMPRA VENTA DE MAQUINAS DE ESCRIBIR,5
66280121700,COMPRA VENTA DE MATERIAL PARA INSTALACIONES ELECTRICAS Y DE SONIDO,5
66290101700,COMPRA VENTA DE MATERIALES PARA CONSTRUCCION,5
61260241700,COMPRA VENTA DE MATERIAS PRIMAS ANIMALES,5
66990391700,COMPRA VENTA DE MATERIAS PRIMAS DE ORIGEN MINERAL,5
62310131700,COMPRA VENTA DE MEDICINAS,5
68130271700,COMPRA VENTA DE MOTOCICLETAS Y SUS ACCESORIOS,5
63120111700,COMPRA VENTA DE MUEBLES,5
67320371700,COMPRA VENTA DE MUEBLES PARA CONSULTORIOS Y SANATORIOS,5
62260141700,COMPRA VENTA DE ARTICULOS DE TALABARTERIA,5
66260241700,COMPRA VENTA DE ARTICULOS DE TLAPALERIA,5
63250221700,COMPRA VENTA DE ARTICULOS DE YUTE Y HENEQUEN,5
62290181700,COMPRA VENTA DE ARTICULOS FOTOGRAFICOS Y CINEMATOGRAFICOS,5
67320111700,COMPRA VENTA DE ARTICULOS MEDICOS,5
67210221700,COMPRA VENTA DE MUEBLES Y ARTICULOS PARA OFICINA,5
66190451700,COMPRA VENTA DE OTRAS FIBRAS COMERCIALES,5
62250241700,COMPRA VENTA DE OTRAS JOYAS,8
66190531700,COMPRA VENTA DE OTRAS MATERIAS PRIMAS DE ORIGEN ANIMAL,5
66190371700,COMPRA VENTA DE OTRAS MATERIAS PRIMAS VEGETALES,5
64190151700,COMPRA VENTA DE OTROS APARATOS ELECTRICOS,5
62260221700,COMPRA VENTA DE OTROS ARTICULOS DE PIEL,5
69990411700,COMPRA VENTA DE OTROS ARTICULOS DE PLASTICO,5
63290161700,COMPRA VENTA DE OTROS ARTICULOS PARA EL HOGAR,5
61190111700,COMPRA VENTA DE OTROS PRODUCTOS ALIMENTICIOS AGRICOLAS EN ESTADO NATURAL,5
61320471700,COMPRA VENTA DE OTROS PRODUCTOS LACTEOS,5
62160231700,COMPRA VENTA DE OTROS PRODUCTOS TEXTILES,5
61320551700,COMPRA VENTA DE PAN Y PASTELES,5
62330191700,COMPRA VENTA DE PAPELERIA Y ARTICULOS DE ESCRITORIO,5
62390171700,COMPRA VENTA DE PARAGUAS SOMBRILLAS ROPA USADA Y OTROS ARTICULOS DE USO PERSONAL,5
68190171700,COMPRA VENTA DE PARTES Y REFACCIONES PARA VEHICULOS AEREOS,7
62310211700,COMPRA VENTA DE PERFUMES,5
61260321700,COMPRA VENTA DE PESCADOS Y MARISCOS,5
65140131700,COMPRA VENTA DE PETROLEO COMBUSTIBLE,5
62140191700,COMPRA VENTA DE PIELES FINAS CON PELO,5
66230201700,COMPRA VENTA DE PINTURAS BARNICES Y BROCHAS,5
61360151700,COMPRA VENTA DE PULQUE,5
64190231700,COMPRA VENTA DE REFACCIONES PARA APARATOS ELECTRICOS,5
67190191700,COMPRA VENTA DE REFACCIONES PARA MAQUINARIA,5
63140171700,COMPRA VENTA DE REFACCIONES Y ACCESORIOS DE MAQUINAS APARATOS E INSTRUMENTOS PARA EL HOGAR EXCEPTO,5
68160131700,COMPRA VENTA DE REFACCIONES Y ACCESORIOS USADOS PARA AUTOMOVILES Y CAMIONES,5
61340191700,COMPRA VENTA DE REFRESCOS AGUAS GASEOSAS Y AGUAS PURIFICADAS,5
63110131700,COMPRA VENTA DE REFRIGERADORES LAVADORAS Y ESTUFAS,5
62250321700,COMPRA VENTA DE RELOJES,5
62110231700,COMPRA VENTA DE ROPA,8
61320631700,COMPRA VENTA DE SAL,5
66120151700,COMPRA VENTA DE SEMILLAS PARA SIEMBRA,7
61110171700,COMPRA VENTA DE SEMILLAS Y GRANOS,7
62260301700,COMPRA VENTA DE SILLAS DE MONTAR,5
62130111700,COMPRA VENTA DE SOMBREROS,5
61390191700,COMPRA VENTA DE TABACO,5
61390271700,COMPRA VENTA DE TABACOS PUROS Y CIGARROS,5
63220281700,COMPRA VENTA DE TAPETES Y ALFOMBRAS,5
66290281700,COMPRA VENTA DE TAPICES,5
62160311700,COMPRA VENTA DE TELAS,5
63110211700,COMPRA VENTA DE TELEVISORES CONSOLAS RADIOS MODULARES Y TOCACINTAS,5
69110531700,COMPRA VENTA DE TERRENOS,5
68190251700,COMPRA VENTA DE VEHICULOS ACUATICOS Y SUS REFACCIONES,5
69990751700,COMPRA VENTA DE VELAS Y VELADORAS,5
66250181700,COMPRA VENTA DE VIDRIOS CRISTALES Y EMPLOMADOS,5
61360231700,COMPRA VENTA DE VINOS Y LICORES,7
61230121700,COMPRA VENTA DE VISCERAS DE GANADO CRUDAS Y SEMICRUDAS,5
61330111700,COMPRAVENTA DE ALIMENTO PARA GANADO,5
61330291700,COMPRAVENTA DE ALIMENTOS PARA AVES Y OTROS ANIMALES,5
62150251700,COMPRAVENTA DE ARTICULOS DE BONETERIA,5
67140351700,COMPRAVENTA DE EQUIPO DE TRABAJO Y PROTECCION INDUSTRIAL,5
67320451700,COMPRAVENTA DE EQUIPOS QUIMICOS Y PARA LABORATORIO,5
69990331700,COMPRAVENTA DE JARCIERIA REATAS CANASTAS Y ARTICULOS TEJIDOS DE FIBRA,5
65150111700,COMPRAVENTA DE LUBRICANTES,5
63110391700,COMPRAVENTA DE OTROS APARATOS ELECTRICOS Y ELECTRONICOS DE USO DOMESTICO,5
66990471700,COMPRAVENTA DE OTROS METALES Y MINERALES LAMINADOS Y EN LINGOTES,5
69990671700,COMPRAVENTA DE OTROS PRODUCTOS DE HULE,5
69930191700,COMPRAVENTA DE PRODUCTOS VETERINARIOS Y OTROS ARTICULOS PARA EL CUIDADO DE LOS ANIMALES,5
68150151700,COMPRAVENTA DE REFACCIONES Y ACCESORIOS NUEVOS PARA AUTOS Y CAMIONES,5
66950111700,COMPRAVENTA DE SUBSTANCIAS QUIMICAS PARA LA INDUSTRIA,5
68190331700,COMPRAVENTA DE VEHICULOS AEREOS,8
23110330600,COMPRESORA DE ALGODON,5
20610180600,CONGELADORA DE PRODUCTOS MARINOS,5
41110191000,CONSTRUCCION DE CASAS Y TECHOS DESARMABLES,5
41130151000,CONSTRUCCION DE EDIFICIOS INDUSTRIALES Y PARA FINES ANALOGOS,5
41120171000,CONSTRUCCION DE EDIFICIOS PARA OFICINAS ESCUELAS HOSPITALES HOTELES Y OTROS NO RESIDENCIALES,5
41990151000,CONSTRUCCION DE ESTADIOS MONUMENTOS Y OTRAS OBRAS DE INGENIERIA,5
41110271000,CONSTRUCCION DE INMUEBLES,6
41290121000,CONSTRUCCION DE PISTAS DE ATERRIZAJE DUCTOS Y OTRAS OBRAS VINCULADAS A LAS VIAS DE COMUNICACION,5
41910111000,CONSTRUCCION DE PRESAS,5
41220161000,CONSTRUCCION DE PUERTOS,5
41210181000,CONSTRUCCION DE VIAS DE COMUNICACION,5
41119442900,CONSTRUCCION DE VIVIENDA RESIDENCIAL,5
41119282800,CONSTRUCCION DE VIVIENDA TIPO MEDIO,5
41230141000,CONSTRUCCION E INSTALACION DE LINEAS TELEFONICAS TORRES EMISORAS DE RADIO Y TELEVISION Y OTRAS OBRAS,5
41930171000,CONSTRUCCION E INSTALACION DE PLANTAS GENERADORAS Y LINEAS DE TRANSMISION Y DISTRIBUCION DE ENERGIA,5
99120161600,CONSULADO,5
82190331200,CORRESPONSAL BANCARIO,5
69991243300,CREDITOS PARA ADQUISICION DE BIENES DE CONSUMO DURADERO,5
2190150100,CRIA DE OTROS EQUINOS Y GANADO PARA EL TRABAJO,5
2410180100,CRIA Y EXPLOTACION DE ABEJAS,5
2590110100,CRIA Y EXPLOTACION DE ANIMALES DOMESTICOS PARA LABORATORIO Y OTROS FINES NO ALIMENTICIOS,5
2510170100,CRIA Y EXPLOTACION DE CONEJOS Y LIEBRES,5
2310190100,CRIA Y EXPLOTACION DE GALLINA PARA PRODUCCION DE HUEVO,5
2230160100,CRIA Y EXPLOTACION DE GANADO CAPRINO,5
2220180100,CRIA Y EXPLOTACION DE GANADO OVINO,5
2210100100,CRIA Y EXPLOTACION DE GANADO PORCINO,5
2110110100,CRIA Y EXPLOTACION DE GANADO VACUNO PARA CARNE,5
2120190100,CRIA Y EXPLOTACION DE GANADO VACUNO PARA LECHE,5
2590290100,CRIA Y EXPLOTACION DE GUSANO DE SEDA,5
4590170300,CRIA Y EXPLOTACION DE OSTRAS,5
2330150100,CRIA Y EXPLOTACION DE OTRAS AVES PARA ALIMENTACION,5
4590250300,CRIA Y EXPLOTACION DE PECES OTRAS ESPECIES ANIMALES Y PLANTAS ACUATICAS,5
2320170100,CRIA Y EXPLOTACION DE POLLOS,5
1450120100,CULTIVO DE AGAVE O MEZCAL,7
61140111700,COMPR-VTA FORRAJES EN EDO. NA,5
2199080100,USUARIOS MENORES GANADERIA,7
68120111700,CMPR-VTA AUTOS/CAMIONES USADO,6
92310280000,USUARIOS MENORES SERVICIOS MEDICOS,5
1910150100,IRRIGACION DE TIERRAS,5
1121280100,CULTIVO DE OTRAS HORTALIZAS,7
61320131700,COMPRA VENTA DE DULCES,5
66130131700,C-VTA CUEROS/PIELES SIN CURTI,5
41119520000,SEGUNDOS HOGARES (SECOND HOME),5
61210161700,COMPRA VENTA DE AVES EN PIE,5
1240400100,CULTIVO DE NUEZ,7
66930151700,CMPR-VTA DESPERDICIOS DE PAPE,5
66990211700,CMPR-VTA DESPERDICIOS INDUST.,5
41119360000,USUARIO MENOR CONSTRU VIVIENDA TIPO MEDIO,5
1420180100,CULTIVO DE AHUACATE,7
1120110100,CULTIVO DE AJO,7
1110130100,CULTIVO DE ALPISTE,7
1110210100,CULTIVO DE ARROZ,7
1110390100,CULTIVO DE AVENA,7
1220100100,CULTIVO DE CA¥A DE AZUCAR,7
1410100100,CULTIVO DE CAFE,7
1120290100,CULTIVO DE CALABAZA,7
1120370100,CULTIVO DE CAMOTE,7
1110470100,CULTIVO DE CEBADA,7
1120530100,CULTIVO DE CHILE,7
1460100100,CULTIVO DE COPRA,7
1110890100,CULTIVO DE SORGO,7
1120450100,CULTIVO DE CEBOLLA,7
1120790100,CULTIVO DE FRIJOL,7
1120950100,CULTIVO DE JITOMATE,7
1121360100,CULTIVO DE PAPA,7
1121520100,CULTIVO DE TOMATE,7
1420500100,CULTIVO DE MANGO,7
4210160300,CAPTURA DE CAMARON,5
41110510000,DESARROLLADORES DE VIVIENDA,5
61240101700,COMPRA VENTA DE CARNE DE AVES,5
61320891700,COMPRA VENTA DE AZUCAR,5
62210141700,COMPRA-VTA ARTIC. PARA DEPORT,5
63220101700,CMPR-VTA ART. PARA DECORACION,5
63240161700,COMPRA VENTA ARTIC. RELIGIOSO,5
63250301700,CMPR-VTA ARTICULOS PARA REGAL,5
66220141700,CMPR-VTA FIERRO LAMINAD/LINGO,5
67290181700,CMPR-VTA EQ. REFRIG. COMERCIA,5
67290341700,CMPR-VTA EQUIP CONTRA INCENDI,5
69990251700,EQ./APARAT. AIRE ACONDICIONAD,5
81231430000,USUARIOS MENORES DE BANCA COMERCIAL,5
1110550100,CULTIVO DE LINAZA,7
1110710100,CULTIVO DE MIJO,7
1110970100,CULTIVO DE SOYA,7
1111040100,CULTIVO DE TRIGO,7
1120610100,CULTIVO DE ESPARRAGO,7
1120870100,CULTIVO DE GARBANZO,7
1121020100,CULTIVO DE LENTEJA,7
1121100100,CULTIVO DE NOPAL,7
1121440100,CULTIVO DE REMOLACHA,7
1121600100,CULTIVO DE YUCA,7
1130190100,CULTIVO DE ALFALFA,7
1190170100,CULTIVO DE FRESA,7
1190250100,CULTIVO DE MELON,7
1190330100,CULTIVO DE PI#A,7
1190410100,CULTIVO DE SANDIA,7
1210120100,CULTIVO DE ALGODON,7
1230180100,CULTIVO DE TABACO,7
1240160100,CULTIVO DE AJONJOLI,7
1240240100,CULTIVO DE CACAHUATE,7
1240320100,CULTIVO DE CARTAMO,7
1240580100,CULTIVO DE OLIVO,7
1290160100,CULTIVO DE ESPECIAS,7
1290240100,CULTIVO DE OTRAS SEMILLAS,7
1290320100,CULTIVO DE SEMILLAS MEJORADAS,7
1290400100,CULTIVO DE VAINILLA,7
1310110100,CULTIVO FLORES/PLANTAS ORNATO,7
1420260100,CULTIVO DE DURAZNO,7
1420340100,CULTIVO DE GUAYABA,7
1420420100,CULTIVO DE LIMON,7
1420680100,CULTIVO DE MANZANA,7
1420760100,CULTIVO DE NARANJA,7
1420840100,CULTIVO OTROS ARBOLES FRUTALES,7
1420920100,CULTIVO DE PAPAYA,7
1421090100,CULTIVO DE PLATANO,7
1421170100,CULTIVO DE TAMARINDO,7
1421250100,CULTIVO DE TORONJA,7
1430160100,CULTIVO DE VID,7
1440140100,CULTIVO DE HENEQUEN,7
1440220100,CULTIVO DE LINO,7
1440300100,CULTIVO DE OTRAS FIBRAS DURAS,7
1450200100,CULTIVO DE MAGUEY,7
1470180100,CULTIVO DE CACAO,7
1490140100,OTROS CULTIVOS PERMANENTES,5
2130170100,CRIA DE GANADO DE LIDIA,5
2140150100,CRIA DE GANADO CABALLAR,5
3130150300,EXTRACCION DE CARBON VEGETAL,5
3210180300,EXTRACCION DE CHICLE,5
3220160300,EXPLOTACION DE CANDELILLA,5
3220240300,EXPLOTACION DE HULE,5
3220400300,EXTRACCION DE OTRAS RESINAS,5
3230140300,EXPLOTACION DE RAICES,5
3230220300,EXTRAC. DE ALQUITRAN VEGETAL,5
3230300300,EXTRACCION DE TREMENTINA,5
3290120300,CULT/EXPLOT PALMA-LECHUGUILLA,7
3290200300,EXPLOT BARBASCO Y ARBUSTOS,5
61130131700,COMPRA-VTA CHILE SECO/ESPECIA,5
62160151700,COMPRA VENTA DE CASIMIRES,5
63250481700,C-VTA ART. REGIONALES/CURIOSI,5
63260121700,C-VTA FLOR/ADORNOS/FLOR ARTIF,5
63260201700,C-VTA FLOR/ADORNOS FLOR NATUR,5
65110191700,COMPRA VENTA FLUIDOS Y GASES,5
65190131700,CMPR-VTA CARBON/OTRS COMBUST.,5
66230121700,C-VTA COLORANTES P/INDUSTRIA,5
66260321700,COMPRA VENTA COSTALES/BOLSAS,5
66910191700,C-VTA FERTILIZANT/PLAGUICIDAS,8
66940131700,COMPRA VENTA DE FIERRO USADO,5
66990131700,COMPRA VENTA CERAS/PARAFINAS,5
67120131700,C-VTA ARTIC PARA EXPLOT. MINA,5
67220121700,EQ/MOB PARA HOTEL/RESTAURANTE,5
67310131700,BASCULAS/BALANZAS/APAR. SIMIL,5
67320291700,CMPR-VTA ART./AP. ORTOPEDICOS,5
68130191700,CMPR-VTA BICICLETAS/ACCESOR.,5
69990171700,COMPRA VENTA DE DIAMANTES,8
3220320300,EXTRACCION DE COLOFONIA,5
61320211700,ESPECIAS-ART. ALIMENTIC DESHI,5
87230260000,USUARIOS MENORES TURISMO,0
12210190000,PIDIREGAS PETROLEO,0
33549090000,USUARIO MENOR MIN NO METALICOS,0
36410250000,FABRICACION DE QUEMADORES,0
50210190000,PIDIREGAS ENERGIA ELECTRICA,0
69110870000,USAURIO MENOR ADQUISICION VIVIENDA TIPO MEDIO,0
69111020000,USUARIO MENOR ADQUISICION VIVIEND RESIDENCIAL,0
69991320000,CONSUMO PERSONALES,0
69991460000,CONSUMO DE ARRENDAMIENTO CAPITALIZABLE,0
69991580000,OTROS CREDITOS AL CONSUMO,0
81131280000,USUARIOS MENORES BANCA DESARROLLO,0
81230520000,SOCIEDADES DE AHORRO Y PRESTAMO,0
81230600000,SOCIEDADES DE AHORRO Y CREDITO POPULAR,0
81230780000,SOCIEDADES FINANCIERAS DE OBJETO LIMITADO,0
81230860000,SOCIEDAD FINANCIERA OBJETO MULTIPLE REGULADA,0
82190910000,USUARIO MENOR OTROS INTERMEDI FINANCIE PUBLIC,0
82191140000,ADMINISTRADORAS DE TARJETA DE CREDITO,0
82191220000,EMPRESAS DE AUTOFINANCIAMIENTO AUTOMOTRIZ,0
82191300000,EMPRESAS DE AUTOFINANCIAMIENTO RESIDENCIAL,0
82210130000,FOBAPROA-IPAB,0
84290460000,EMPRESAS TRANSPORTADORAS DE VALORES,0
0,SIN ACT REGISTRADA,0
25210120600,CURTIDURIA,5
89420142500,DECORACION EN GENERAL,5
42120151000,DEMOLICION DE INMUEBLES,5
94110421800,DEPARTAMENTO DEL DF,5
20280260600,DESCASCARADO Y TOSTADO DE CACAHUATE Y NUEZ,5
20280340600,DESCASCARADORA Y TOSTADORA DE SEMILLA DE CALABAZA,5
22110190600,DESECADO DE TABACO,5
23110170600,DESFIBRACION DE ALGODON,5
23310150600,DESFIBRACION DE HENEQUEN,5
20110130600,DESHIDRATACION DE FRUTAS,5
20980110600,DESHIDRATACION DE PLANTAS PARA FORRAJES,5
84150112500,DESPACHO DE OTROS PROFESIONISTAS,8
23110250600,DESPEPITE DE ALGODON,5
20330170600,DESTILACION DE ALCOHOL ETILICO,5
50120180500,DISTRIBUCION DE ENERGIA ELECTRICA,5
62320111700,DISTRIBUCION DE OTROS PRODUCTOS QUIMICOS FARMACEUTICOS,5
88220181500,DISTRIBUCION Y ALQUILER DE PELICULAS,5
62280101700,DISTRIBUCION Y COMPRAVENTA DE PERIODICOS Y REVISTAS,5
29120130600,EDICION DE LIBROS,5
29110150600,EDICION DE PERIODICOS Y REVISTAS,5
33190100600,ELABORACION DE OBJETOS ARTISTICOS DE ALFARERIA Y CERAMICA,5
21150130600,ELABORACION DE PULQUE,5
21310190600,EMBOTELLADO DE AGUAS MINERALES,5
20490140600,EMPACADORA DE CARNE,5
20120110600,EMPACADORA DE CONSERVAS ALIMENTICIAS,5
20990190600,EMPACADORA DE ESPECIAS,5
20120290600,EMPACADORA DE FRUTAS Y LEGUMBRES,5
20610260600,EMPACADORA DE OTROS MARISCOS,5
20610340600,EMPACADORA DE PESCADO,5
20270100600,EMPACADORA DE TE,5
89350192500,EMPRESA DE SERVICIO DE LIMPIEZA,5
76110161400,EMPRESA DE TELEFONOS,5
76120141400,EMPRESA DE TELEGRAFOS,5
82190832300,EMPRESAS CONTROLADORAS FINANCIERAS,5
84290202500,EMPRESAS CONTROLADORAS NO FINANCIERAS,5
29210140600,ENCUADERNACION,5
91190181200,ESTABLECIMIENTOS PRIVADOS DE INSTRUCCION EDUCACION CULTURA E INVESTIGACION,5
91150161200,ESTABLECIMIENTOS PUBLICOS DE INSTRUCCION EDUCACION SUBPROFESIONAL YPROFESIONAL CULTURA E INVESTIGA,5
89160192500,ESTACIONAMIENTO PRIVADO PARA VEHICULOS,5
89160272500,ESTACIONAMIENTO PUBLICO PARA VEHICULOS,5
88290141500,ESTADIOS Y ARENAS,5
89410162500,ESTUDIO FOTOGRAFICO,5
88210101500,ESTUDIOS CINEMATOGRAFICOS,5
12110100400,EXPLORACION DE PETROLEO POR COMPA¥IAS,5
15110140200,EXPLOTACION DE SAL MARINA Y DE YACIMIENTOS,5
12110280400,EXTRACCION DE PETROLEO CRUDO Y GAS NATURAL,5
3120170300,EXTRACCION DE TRONCOS PARA ASERRADEROS Y PARA PULPA INCLUSO LA MADE RA TOSCAMENTE ASERRADA,5
14120140200,EXTRACCION DE YESO,5
14210150200,EXTRACCION Y BENEFICIO DE ARCILLAS REFRACTARIAS,5
14130120200,EXTRACCION Y BENEFICIO DE ARENA Y GRAVA,5
14310140200,EXTRACCION Y BENEFICIO DE BARITA Y ROCA FOSFORICA,5
11110120200,EXTRACCION Y BENEFICIO DE CARBON MINERAL Y GRAFITO,5
13290110200,EXTRACCION Y BENEFICIO DE COBRE PLOMO ZINC Y OTROS MINERALES NO FERROSOS,5
14320120200,EXTRACCION Y BENEFICIO DE FLUORITA,5