nufolioalertair,cdcaso,nbsistemair,nucuentair,montoir,divisair,fhalertair,fhenvioir,cdsesionir,nboficinagestorair,nbriesgoir,nbmercadoir,nbdivisionir,nbfuncionarioir
202501008301,1185772,MDE,00744485002914964810,115150.00,MXP,2025-01-31,2025-02-14,14-2025,5258 CERCADO,MEDIO ALTO,DZ MONTERREY SUR,3390 DIV. NOROESTE,CLAUDIA ESTHELA CABELLO LOPEZ
2025020758,1198373,ATM,00743607001529864740,24237.26,MXP,2025-02-28,2025-03-25,14-2025,3607 D.F. SERVICIOS BANCARIOS AL PERSONAL,MEDIO BAJO,DZ COYOACAN,3170 DIV. METROPOLITANA ADJUNTA II,
2501000828,1176615,CBI,00741513000118876274,700600.00,MXP,2024-12-31,2025-01-28,06-2025,,,,,
2501315997401,1180636,EFE,00747696000124019989,1181647.00,MXP,2025-01-31,2025-02-07,13-2025,7696 GOBIERNO SINALOA,BAJO,,2134 DIVISION NOROESTE,
2503001736,1197600,CHQ,00745765000120584754,300000.00,MXP,2025-02-28,2025-03-24,14-2025,5765 PLAYA DEL CARMEN OFNA PRINCIPAL,EXTREMO,DZ CANCUN,2660 DIV. SURESTE,GUADALUPE DEL ROSARIO ENRIQUEZ GARCIA
