cdcaso,fhoperacion,nbmoneda,nbinstrumento,nbtipotransaccion,nucuentas,nbreferencia,imoperacion,nboficina,tpoperacion
1176615,2023-05-31,MXP,EFECTIVO,RETIRO,00741513000118876274,382860,379500.00,887 - CAMPUS NORTE,RELEVANTES
1176615,2023-06-13,MXP,EFECTIVO,RETIRO,00741513000118876274,149453,406975.00,887 - CAMPUS NORTE,RELEVANTES
1176615,2023-07-03,MXP,EFECTIVO,RETIRO,00741513000118876274,011328,150000.00,887 - CAMPUS NORTE,RELEVANTES
1176615,2023-06-23,MXP,EFECTIVO,RETIRO,00741513000118876274,284455,550000.00,887 - CAMPUS NORTE,RELEVANTES
1176615,2023-07-06,MXP,EFECTIVO,RETIRO,00741513000118876274,066226,292000.00,887 - CAMPUS NORTE,RELEVANTES
1176615,2023-07-14,MXP,EFECTIVO,RETIRO,00741513000118876274,171577,334300.00,887 - CAMPUS NORTE,RELEVANTES
1176615,2023-07-18,MXP,EFECTIVO,RETIRO,00741513000118876274,213181,208000.00,887 - CAMPUS NORTE,RELEVANTES
1176615,2023-07-18,MXP,EFECTIVO,RETIRO,00741513000118876274,213182,520000.00,887 - CAMPUS NORTE,RELEVANTES
1176615,2023-07-07,MXP,EFECTIVO,RETIRO,00741513000118876274,082582,273300.00,887 - CAMPUS NORTE,RELEVANTES
1176615,2023-07-21,MXP,EFECTIVO,RETIRO,00741513000118876274,262202,500000.00,887 - CAMPUS NORTE,RELEVANTES
1176615,2023-07-31,MXP,EFECTIVO,RETIRO,00741513000118876274,376919,408000.00,887 - CAMPUS NORTE,RELEVANTES
1176615,2023-07-28,MXP,EFECTIVO,RETIRO,00741513000118876274,354664,144000.00,887 - CAMPUS NORTE,RELEVANTES
1176615,2023-08-01,MXP,EFECTIVO,RETIRO,00741513000118876274,003385,346000.00,887 - CAMPUS NORTE,RELEVANTES
1176615,2023-08-04,MXP,EFECTIVO,RETIRO,00741513000118876274,057330,460000.00,887 - CAMPUS NORTE,RELEVANTES
1176615,2023-08-25,MXP,EFECTIVO,RETIRO,00741513000118876274,320003,270000.00,887 - CAMPUS NORTE,RELEVANTES
1176615,2023-08-15,MXP,EFECTIVO,RETIRO,00741513000118876274,185740,243140.00,887 - CAMPUS NORTE,RELEVANTES
1176615,2023-08-18,MXP,EFECTIVO,RETIRO,00741513000118876274,232595,270000.00,887 - CAMPUS NORTE,RELEVANTES
1176615,2023-08-18,MXP,EFECTIVO,RETIRO,00741513000118876274,232596,230850.00,887 - CAMPUS NORTE,RELEVANTES
1176615,2023-08-31,MXP,EFECTIVO,RETIRO,00741513000118876274,396970,576574.00,887 - CAMPUS NORTE,RELEVANTES
1176615,2023-08-31,MXP,EFECTIVO,RETIRO,00741513000118876274,396971,140000.00,887 - CAMPUS NORTE,RELEVANTES
1176615,2023-08-29,MXP,EFECTIVO,RETIRO,00741513000118876274,361187,153000.00,887 - CAMPUS NORTE,RELEVANTES
1176615,2023-09-01,MXP,EFECTIVO,RETIRO,00741513000118876274,005061,235000.00,887 - CAMPUS NORTE,RELEVANTES
1176615,2023-09-01,MXP,EFECTIVO,RETIRO,00741513000118876274,005062,515000.00,887 - CAMPUS NORTE,RELEVANTES
1176615,2023-09-08,MXP,EFECTIVO,RETIRO,00741513000118876274,096178,170000.00,887 - CAMPUS NORTE,RELEVANTES
1176615,2023-09-08,MXP,EFECTIVO,RETIRO,00741513000118876274,096179,778017.00,887 - CAMPUS NORTE,RELEVANTES
1176615,2023-09-12,MXP,EFECTIVO,RETIRO,00741513000118876274,134117,167670.00,887 - CAMPUS NORTE,RELEVANTES
1176615,2023-09-15,MXP,EFECTIVO,RETIRO,00741513000118876274,180348,400000.00,887 - CAMPUS NORTE,RELEVANTES
1176615,2023-09-29,MXP,EFECTIVO,RETIRO,00741513000118876274,350800,302000.00,887 - CAMPUS NORTE,RELEVANTES
1176615,2023-10-17,MXP,EFECTIVO,RETIRO,00741513000118876274,190466,188400.00,887 - CAMPUS NORTE,RELEVANTES
1176615,2023-10-13,MXP,EFECTIVO,RETIRO,00741513000118876274,151872,160000.00,887 - CAMPUS NORTE,RELEVANTES
1176615,2023-10-06,MXP,EFECTIVO,RETIRO,00741513000118876274,073698,210000.00,887 - CAMPUS NORTE,RELEVANTES
1176615,2023-10-03,MXP,EFECTIVO,RETIRO,00741513000118876274,026067,265600.00,887 - CAMPUS NORTE,RELEVANTES
1176615,2023-11-03,MXP,EFECTIVO,RETIRO,00741513000118876274,021691,396100.00,887 - CAMPUS NORTE,RELEVANTES
1176615,2023-11-07,MXP,EFECTIVO,RETIRO,00741513000118876274,068002,350000.00,887 - CAMPUS NORTE,RELEVANTES
1176615,2023-10-31,MXP,EFECTIVO,RETIRO,00741513000118876274,354172,255000.00,887 - CAMPUS NORTE,RELEVANTES
1176615,2023-11-01,MXP,EFECTIVO,RETIRO,00741513000118876274,004277,353255.00,887 - CAMPUS NORTE,RELEVANTES
1176615,2023-10-27,MXP,EFECTIVO,RETIRO,00741513000118876274,314680,200000.00,887 - CAMPUS NORTE,RELEVANTES
1176615,2023-10-24,MXP,EFECTIVO,RETIRO,00741513000118876274,270114,217800.00,887 - CAMPUS NORTE,RELEVANTES
1176615,2023-11-30,MXP,EFECTIVO,RETIRO,00741513000118876274,374606,160000.00,887 - CAMPUS NORTE,RELEVANTES
1176615,2023-12-14,MXP,EFECTIVO,RETIRO,00741513000118876274,178503,273000.00,887 - CAMPUS NORTE,RELEVANTES
1176615,2023-12-20,MXP,EFECTIVO,RETIRO,00741513000118876274,272754,411000.00,887 - CAMPUS NORTE,RELEVANTES
1176615,2024-01-02,MXP,EFECTIVO,RETIRO,00741513000118876274,003313,373600.00,887 - CAMPUS NORTE,RELEVANTES
1176615,2024-01-02,MXP,EFECTIVO,RETIRO,00741513000118876274,003315,600000.00,887 - CAMPUS NORTE,RELEVANTES
1176615,2024-01-02,MXP,EFECTIVO,RETIRO,00741513000118876274,003316,750000.00,887 - CAMPUS NORTE,RELEVANTES
1176615,2024-01-12,MXP,EFECTIVO,RETIRO,00741513000118876274,181428,150000.00,887 - CAMPUS NORTE,RELEVANTES
1176615,2024-01-30,MXP,EFECTIVO,RETIRO,00741513000118876274,416204,238780.00,887 - CAMPUS NORTE,RELEVANTES
1176615,2024-01-19,MXP,EFECTIVO,RETIRO,00741513000118876274,278573,200000.00,887 - CAMPUS NORTE,RELEVANTES
1176615,2024-01-17,MXP,EFECTIVO,RETIRO,00741513000118876274,244034,237800.00,887 - CAMPUS NORTE,RELEVANTES
1176615,2024-01-24,MXP,EFECTIVO,RETIRO,00741513000118876274,339430,300000.00,887 - CAMPUS NORTE,RELEVANTES
1176615,2024-02-07,MXP,EFECTIVO,RETIRO,00741513000118876274,076864,515350.00,887 - CAMPUS NORTE,RELEVANTES
1176615,2024-02-02,MXP,EFECTIVO,RETIRO,00741513000118876274,024257,666700.00,887 - CAMPUS NORTE,RELEVANTES
1176615,2024-02-01,MXP,EFECTIVO,RETIRO,00741513000118876274,005505,700000.00,5036 - CHIHUAHUA SAUCITO,RELEVANTES
1176615,2024-01-26,MXP,EFECTIVO,RETIRO,00741513000118876274,372872,250000.00,887 - CAMPUS NORTE,RELEVANTES
1176615,2024-02-23,MXP,EFECTIVO,RETIRO,00741513000118876274,303264,441200.00,887 - CAMPUS NORTE,RELEVANTES
1176615,2024-02-21,MXP,EFECTIVO,RETIRO,00741513000118876274,269278,293650.00,887 - CAMPUS NORTE,RELEVANTES
1176615,2024-02-15,MXP,EFECTIVO,RETIRO,00741513000118876274,192416,288000.00,887 - CAMPUS NORTE,RELEVANTES
1176615,2024-02-15,MXP,EFECTIVO,RETIRO,00741513000118876274,192417,240000.00,887 - CAMPUS NORTE,RELEVANTES
1176615,2024-02-09,MXP,EFECTIVO,RETIRO,00741513000118876274,114955,240000.00,887 - CAMPUS NORTE,RELEVANTES
1176615,2024-03-11,MXP,EFECTIVO,RETIRO,00741513000118876274,127493,559980.00,887 - CAMPUS NORTE,RELEVANTES
1176615,2024-03-08,MXP,EFECTIVO,RETIRO,00741513000118876274,106245,270000.00,887 - CAMPUS NORTE,RELEVANTES
1176615,2024-03-05,MXP,EFECTIVO,RETIRO,00741513000118876274,051202,400000.00,887 - CAMPUS NORTE,RELEVANTES
1176615,2024-03-04,MXP,EFECTIVO,RETIRO,00741513000118876274,026149,846280.00,887 - CAMPUS NORTE,RELEVANTES
1176615,2024-02-27,MXP,EFECTIVO,RETIRO,00741513000118876274,345455,400000.00,887 - CAMPUS NORTE,RELEVANTES
1176615,2024-02-28,MXP,EFECTIVO,RETIRO,00741513000118876274,365008,500000.00,887 - CAMPUS NORTE,RELEVANTES
1176615,2024-02-28,MXP,EFECTIVO,RETIRO,00741513000118876274,365009,350200.00,887 - CAMPUS NORTE,RELEVANTES
1176615,2024-03-26,MXP,EFECTIVO,RETIRO,00741513000118876274,341474,175000.00,887 - CAMPUS NORTE,RELEVANTES
1176615,2024-04-01,MXP,EFECTIVO,RETIRO,00741513000118876274,003679,700000.00,887 - CAMPUS NORTE,RELEVANTES
1176615,2024-03-27,MXP,EFECTIVO,RETIRO,00741513000118876274,363395,716500.00,887 - CAMPUS NORTE,RELEVANTES
1176615,2024-03-27,MXP,EFECTIVO,RETIRO,00741513000118876274,363396,224400.00,887 - CAMPUS NORTE,RELEVANTES
1176615,2024-04-04,MXP,EFECTIVO,RETIRO,00741513000118876274,080035,450000.00,887 - CAMPUS NORTE,RELEVANTES
1176615,2024-04-11,MXP,EFECTIVO,RETIRO,00741513000118876274,176990,250000.00,887 - CAMPUS NORTE,RELEVANTES
1176615,2024-04-12,MXP,EFECTIVO,RETIRO,00741513000118876274,194978,150000.00,887 - CAMPUS NORTE,RELEVANTES
1176615,2024-04-19,MXP,EFECTIVO,RETIRO,00741513000118876274,288658,628000.00,355 - CHIHUAHUA PLAZA VALLARTA,RELEVANTES
1176615,2024-04-23,MXP,EFECTIVO,RETIRO,00741513000118876274,330744,200000.00,355 - CHIHUAHUA PLAZA VALLARTA,RELEVANTES
1176615,2024-05-03,MXP,EFECTIVO,RETIRO,00741513000118876274,029447,255680.00,377 - CIUDAD ACU#A,RELEVANTES
1176615,2024-05-02,MXP,EFECTIVO,RETIRO,00741513000118876274,005906,684100.00,887 - CAMPUS NORTE,RELEVANTES
1176615,2024-05-02,MXP,EFECTIVO,RETIRO,00741513000118876274,005907,650000.00,887 - CAMPUS NORTE,RELEVANTES
1176615,2024-05-08,MXP,EFECTIVO,RETIRO,00741513000118876274,096044,250000.00,887 - CAMPUS NORTE,RELEVANTES
1176615,2024-05-10,MXP,EFECTIVO,RETIRO,00741513000118876274,128949,660840.00,355 - CHIHUAHUA PLAZA VALLARTA,RELEVANTES
1176615,2024-05-23,MXP,EFECTIVO,RETIRO,00741513000118876274,299524,329000.00,377 - CIUDAD ACU#A,RELEVANTES
1176615,2024-05-21,MXP,EFECTIVO,RETIRO,00741513000118876274,264578,390000.00,887 - CAMPUS NORTE,RELEVANTES
1176615,2024-05-17,MXP,EFECTIVO,RETIRO,00741513000118876274,220945,456840.00,377 - CIUDAD ACU#A,RELEVANTES
1176615,2024-05-27,MXP,EFECTIVO,RETIRO,00741513000118876274,336059,351480.00,887 - CAMPUS NORTE,RELEVANTES
1176615,2024-05-24,MXP,EFECTIVO,RETIRO,00741513000118876274,316294,150000.00,887 - CAMPUS NORTE,RELEVANTES
1176615,2024-05-28,MXP,EFECTIVO,RETIRO,00741513000118876274,358292,310600.00,887 - CAMPUS NORTE,RELEVANTES
1176615,2024-06-07,MXP,EFECTIVO,RETIRO,00741513000118876274,081796,337650.00,887 - CAMPUS NORTE,RELEVANTES
1176615,2024-06-03,MXP,EFECTIVO,RETIRO,00741513000118876274,011528,531000.00,887 - CAMPUS NORTE,RELEVANTES
1176615,2024-06-01,MXP,EFECTIVO,RETIRO,00741513000118876274,000843,523500.00,355 - CHIHUAHUA PLAZA VALLARTA,RELEVANTES
1176615,2024-06-01,MXP,EFECTIVO,RETIRO,00741513000118876274,000844,500000.00,355 - CHIHUAHUA PLAZA VALLARTA,RELEVANTES
1176615,2024-06-04,MXP,EFECTIVO,RETIRO,00741513000118876274,030938,191100.00,887 - CAMPUS NORTE,RELEVANTES
1176615,2024-06-14,MXP,EFECTIVO,RETIRO,00741513000118876274,167209,522500.00,355 - CHIHUAHUA PLAZA VALLARTA,RELEVANTES
1176615,2024-06-17,MXP,EFECTIVO,RETIRO,00741513000118876274,183947,195844.00,377 - CIUDAD ACU#A,RELEVANTES
1176615,2024-06-19,MXP,EFECTIVO,RETIRO,00741513000118876274,220026,709600.00,355 - CHIHUAHUA PLAZA VALLARTA,RELEVANTES
1176615,2024-06-19,MXP,EFECTIVO,RETIRO,00741513000118876274,220027,641590.00,355 - CHIHUAHUA PLAZA VALLARTA,RELEVANTES
1176615,2024-06-11,MXP,EFECTIVO,RETIRO,00741513000118876274,121896,310290.00,355 - CHIHUAHUA PLAZA VALLARTA,RELEVANTES
1176615,2024-06-10,MXP,EFECTIVO,RETIRO,00741513000118876274,104704,640000.00,887 - CAMPUS NORTE,RELEVANTES
1176615,2024-06-26,MXP,EFECTIVO,RETIRO,00741513000118876274,301860,145500.80,355 - CHIHUAHUA PLAZA VALLARTA,RELEVANTES
1176615,2024-06-20,MXP,EFECTIVO,RETIRO,00741513000118876274,234606,740000.00,355 - CHIHUAHUA PLAZA VALLARTA,RELEVANTES
1176615,2024-06-21,MXP,EFECTIVO,RETIRO,00741513000118876274,249068,250000.00,355 - CHIHUAHUA PLAZA VALLARTA,RELEVANTES
1176615,2024-07-01,MXP,EFECTIVO,RETIRO,00741513000118876274,004551,150000.00,355 - CHIHUAHUA PLAZA VALLARTA,RELEVANTES
1176615,2024-06-27,MXP,EFECTIVO,RETIRO,00741513000118876274,317383,224960.00,355 - CHIHUAHUA PLAZA VALLARTA,RELEVANTES
1176615,2024-07-18,MXP,EFECTIVO,RETIRO,00741513000118876274,227707,350000.00,377 - CIUDAD ACU#A,RELEVANTES
1176615,2024-07-08,MXP,EFECTIVO,RETIRO,00741513000118876274,089733,409355.00,355 - CHIHUAHUA PLAZA VALLARTA,RELEVANTES
1176615,2024-07-09,MXP,EFECTIVO,RETIRO,00741513000118876274,111308,300000.00,355 - CHIHUAHUA PLAZA VALLARTA,RELEVANTES
1176615,2024-07-25,MXP,EFECTIVO,RETIRO,00741513000118876274,312861,188800.00,355 - CHIHUAHUA PLAZA VALLARTA,RELEVANTES
1176615,2024-07-19,MXP,EFECTIVO,RETIRO,00741513000118876274,242784,325100.00,377 - CIUDAD ACU#A,RELEVANTES
1176615,2024-07-19,MXP,EFECTIVO,RETIRO,00741513000118876274,242785,371360.00,355 - CHIHUAHUA PLAZA VALLARTA,RELEVANTES
1176615,2024-07-23,MXP,EFECTIVO,RETIRO,00741513000118876274,282639,335000.00,355 - CHIHUAHUA PLAZA VALLARTA,RELEVANTES
1176615,2024-07-22,MXP,EFECTIVO,RETIRO,00741513000118876274,262235,205000.00,355 - CHIHUAHUA PLAZA VALLARTA,RELEVANTES
1176615,2024-08-01,MXP,EFECTIVO,RETIRO,00741513000118876274,003902,253800.00,377 - CIUDAD ACU#A,RELEVANTES
1176615,2024-07-26,MXP,EFECTIVO,RETIRO,00741513000118876274,327464,300000.00,355 - CHIHUAHUA PLAZA VALLARTA,RELEVANTES
1176615,2024-07-26,MXP,EFECTIVO,RETIRO,00741513000118876274,327465,624000.00,355 - CHIHUAHUA PLAZA VALLARTA,RELEVANTES
1176615,2024-07-30,MXP,EFECTIVO,RETIRO,00741513000118876274,365689,206400.00,355 - CHIHUAHUA PLAZA VALLARTA,RELEVANTES
1176615,2024-08-09,MXP,EFECTIVO,RETIRO,00741513000118876274,101124,203970.00,355 - CHIHUAHUA PLAZA VALLARTA,RELEVANTES
1176615,2024-08-09,MXP,EFECTIVO,RETIRO,00741513000118876274,101125,280000.00,355 - CHIHUAHUA PLAZA VALLARTA,RELEVANTES
1176615,2024-08-12,MXP,EFECTIVO,RETIRO,00741513000118876274,123811,350000.00,355 - CHIHUAHUA PLAZA VALLARTA,RELEVANTES
1176615,2024-08-12,MXP,EFECTIVO,RETIRO,00741513000118876274,123812,156000.00,355 - CHIHUAHUA PLAZA VALLARTA,RELEVANTES
1176615,2024-08-26,MXP,EFECTIVO,RETIRO,00741513000118876274,273952,220000.00,355 - CHIHUAHUA PLAZA VALLARTA,RELEVANTES
1176615,2024-08-23,MXP,EFECTIVO,RETIRO,00741513000118876274,257945,200000.00,355 - CHIHUAHUA PLAZA VALLARTA,RELEVANTES
1176615,2024-08-23,MXP,EFECTIVO,RETIRO,00741513000118876274,257946,200000.00,355 - CHIHUAHUA PLAZA VALLARTA,RELEVANTES
1176615,2024-08-13,MXP,EFECTIVO,RETIRO,00741513000118876274,135832,150000.00,355 - CHIHUAHUA PLAZA VALLARTA,RELEVANTES
1176615,2024-08-27,MXP,EFECTIVO,RETIRO,00741513000118876274,293046,200000.00,271 - CHIHUAHUA UNIVERSIDAD,RELEVANTES
1176615,2024-08-27,MXP,EFECTIVO,RETIRO,00741513000118876274,293047,450000.00,271 - CHIHUAHUA UNIVERSIDAD,RELEVANTES
1176615,2024-08-27,MXP,EFECTIVO,RETIRO,00741513000118876274,293048,250000.00,271 - CHIHUAHUA UNIVERSIDAD,RELEVANTES
1176615,2024-08-28,MXP,EFECTIVO,RETIRO,00741513000118876274,308274,207650.00,271 - CHIHUAHUA UNIVERSIDAD,RELEVANTES
1176615,2024-08-28,MXP,EFECTIVO,RETIRO,00741513000118876274,308275,200000.00,271 - CHIHUAHUA UNIVERSIDAD,RELEVANTES
1176615,2024-09-10,MXP,EFECTIVO,RETIRO,00741513000118876274,098478,250000.00,355 - CHIHUAHUA PLAZA VALLARTA,RELEVANTES
1176615,2024-09-18,MXP,EFECTIVO,RETIRO,00741513000118876274,176734,300000.00,271 - CHIHUAHUA UNIVERSIDAD,RELEVANTES
1176615,2024-09-19,MXP,EFECTIVO,RETIRO,00741513000118876274,191625,350000.00,5036 - CHIHUAHUA SAUCITO,RELEVANTES
1176615,2024-09-19,MXP,EFECTIVO,RETIRO,00741513000118876274,191626,300000.00,5036 - CHIHUAHUA SAUCITO,RELEVANTES
1176615,2024-09-20,MXP,EFECTIVO,RETIRO,00741513000118876274,206366,430000.00,271 - CHIHUAHUA UNIVERSIDAD,RELEVANTES
1176615,2024-08-30,MXP,EFECTIVO,RETIRO,00741513000118876274,337261,300000.00,271 - CHIHUAHUA UNIVERSIDAD,RELEVANTES
1176615,2024-08-30,MXP,EFECTIVO,RETIRO,00741513000118876274,337262,300000.00,271 - CHIHUAHUA UNIVERSIDAD,RELEVANTES
1176615,2024-08-30,MXP,EFECTIVO,RETIRO,00741513000118876274,337263,312260.00,271 - CHIHUAHUA UNIVERSIDAD,RELEVANTES
1176615,2024-09-13,MXP,EFECTIVO,RETIRO,00741513000118876274,137496,167350.00,271 - CHIHUAHUA UNIVERSIDAD,RELEVANTES
1176615,2024-09-12,MXP,EFECTIVO,RETIRO,00741513000118876274,124982,355500.00,271 - CHIHUAHUA UNIVERSIDAD,RELEVANTES
1176615,2024-09-02,MXP,EFECTIVO,RETIRO,00741513000118876274,004353,389469.00,271 - CHIHUAHUA UNIVERSIDAD,RELEVANTES
1176615,2024-09-02,MXP,EFECTIVO,RETIRO,00741513000118876274,004354,350000.00,271 - CHIHUAHUA UNIVERSIDAD,RELEVANTES
1176615,2024-09-04,MXP,EFECTIVO,RETIRO,00741513000118876274,038412,305000.00,271 - CHIHUAHUA UNIVERSIDAD,RELEVANTES
1176615,2024-09-03,MXP,EFECTIVO,RETIRO,00741513000118876274,022663,250000.00,271 - CHIHUAHUA UNIVERSIDAD,RELEVANTES
1176615,2024-09-03,MXP,EFECTIVO,RETIRO,00741513000118876274,022664,250000.00,271 - CHIHUAHUA UNIVERSIDAD,RELEVANTES
1176615,2024-09-27,MXP,EFECTIVO,RETIRO,00741513000118876274,285012,180000.00,271 - CHIHUAHUA UNIVERSIDAD,RELEVANTES
1176615,2024-10-02,MXP,EFECTIVO,RETIRO,00741513000118876274,004550,905100.00,271 - CHIHUAHUA UNIVERSIDAD,RELEVANTES
1176615,2024-09-24,MXP,EFECTIVO,RETIRO,00741513000118876274,242553,400000.00,271 - CHIHUAHUA UNIVERSIDAD,RELEVANTES
1176615,2024-09-24,MXP,EFECTIVO,RETIRO,00741513000118876274,242554,180000.00,271 - CHIHUAHUA UNIVERSIDAD,RELEVANTES
1176615,2024-12-28,MXP,EFECTIVO,RETIRO,00741513000118876274,319321,496130.00,377 - CIUDAD ACU#A,RELEVANTES
1176615,2024-12-31,MXP,EFECTIVO,RETIRO,00741513000118876274,350107,200000.00,377 - CIUDAD ACU#A,RELEVANTES
1197600,2023-11-14,MXP,EFECTIVO,RETIRO,00745765000120584754,157010,150000.00,5762 - CANCUN PLAZA PORTALES,RELEVANTES
1197600,2023-11-10,MXP,EFECTIVO,RETIRO,00745765000120584754,117443,400000.00,5762 - CANCUN PLAZA PORTALES,RELEVANTES
1197600,2023-12-15,MXP,EFECTIVO,RETIRO,00745765000120584754,201667,800000.00,5762 - CANCUN PLAZA PORTALES,RELEVANTES
1197600,2023-12-15,MXP,EFECTIVO,RETIRO,00745765000120584754,201666,400000.00,5765 - PLAYA DEL CARMEN OFNA PRINCIPAL,RELEVANTES
1197600,2024-09-10,MXP,EFECTIVO,RETIRO,00745765000120584754,098852,500000.00,5765 - PLAYA DEL CARMEN OFNA PRINCIPAL,RELEVANTES
1197600,2024-09-10,MXP,EFECTIVO,RETIRO,00745765000120584754,098853,500000.00,5765 - PLAYA DEL CARMEN OFNA PRINCIPAL,RELEVANTES
1197600,2024-09-06,MXP,EFECTIVO,RETIRO,00745765000120584754,065980,500000.00,5765 - PLAYA DEL CARMEN OFNA PRINCIPAL,RELEVANTES
1197600,2024-09-06,MXP,EFECTIVO,RETIRO,00745765000120584754,065981,500000.00,5765 - PLAYA DEL CARMEN OFNA PRINCIPAL,RELEVANTES
1197600,2024-09-18,MXP,EFECTIVO,RETIRO,00745765000120584754,177044,500000.00,5765 - PLAYA DEL CARMEN OFNA PRINCIPAL,RELEVANTES
1197600,2024-09-18,MXP,EFECTIVO,RETIRO,00745765000120584754,177045,500000.00,5765 - PLAYA DEL CARMEN OFNA PRINCIPAL,RELEVANTES
1197600,2024-09-18,MXP,EFECTIVO,RETIRO,00745765000120584754,177046,500000.00,5765 - PLAYA DEL CARMEN OFNA PRINCIPAL,RELEVANTES
1197600,2024-09-18,MXP,EFECTIVO,RETIRO,00745765000120584754,177047,500000.00,5765 - PLAYA DEL CARMEN OFNA PRINCIPAL,RELEVANTES
1197600,2024-09-20,MXP,EFECTIVO,RETIRO,00745765000120584754,206783,500000.00,5765 - PLAYA DEL CARMEN OFNA PRINCIPAL,RELEVANTES
1197600,2024-09-20,MXP,EFECTIVO,RETIRO,00745765000120584754,206784,500000.00,5765 - PLAYA DEL CARMEN OFNA PRINCIPAL,RELEVANTES
1197600,2024-09-20,MXP,EFECTIVO,RETIRO,00745765000120584754,206785,500000.00,5765 - PLAYA DEL CARMEN OFNA PRINCIPAL,RELEVANTES
1197600,2024-09-20,MXP,EFECTIVO,RETIRO,00745765000120584754,206786,500000.00,5765 - PLAYA DEL CARMEN OFNA PRINCIPAL,RELEVANTES
1197600,2024-09-20,MXP,EFECTIVO,RETIRO,00745765000120584754,206787,500000.00,5765 - PLAYA DEL CARMEN OFNA PRINCIPAL,RELEVANTES
1197600,2024-09-20,MXP,EFECTIVO,RETIRO,00745765000120584754,206788,500000.00,5765 - PLAYA DEL CARMEN OFNA PRINCIPAL,RELEVANTES
1197600,2024-09-13,MXP,EFECTIVO,RETIRO,00745765000120584754,137947,500000.00,5765 - PLAYA DEL CARMEN OFNA PRINCIPAL,RELEVANTES
1197600,2024-09-13,MXP,EFECTIVO,RETIRO,00745765000120584754,137948,500000.00,5765 - PLAYA DEL CARMEN OFNA PRINCIPAL,RELEVANTES
1197600,2024-09-17,MXP,EFECTIVO,RETIRO,00745765000120584754,154218,500000.00,5765 - PLAYA DEL CARMEN OFNA PRINCIPAL,RELEVANTES
1197600,2024-09-17,MXP,EFECTIVO,RETIRO,00745765000120584754,154219,500000.00,5765 - PLAYA DEL CARMEN OFNA PRINCIPAL,RELEVANTES
1197600,2024-09-04,MXP,EFECTIVO,RETIRO,00745765000120584754,038757,500000.00,5765 - PLAYA DEL CARMEN OFNA PRINCIPAL,RELEVANTES
1197600,2024-09-04,MXP,EFECTIVO,RETIRO,00745765000120584754,038758,500000.00,5765 - PLAYA DEL CARMEN OFNA PRINCIPAL,RELEVANTES
1197600,2024-09-04,MXP,EFECTIVO,RETIRO,00745765000120584754,038759,500000.00,5765 - PLAYA DEL CARMEN OFNA PRINCIPAL,RELEVANTES
1197600,2024-09-27,MXP,EFECTIVO,RETIRO,00745765000120584754,285504,500000.00,5765 - PLAYA DEL CARMEN OFNA PRINCIPAL,RELEVANTES
1197600,2024-09-27,MXP,EFECTIVO,RETIRO,00745765000120584754,285505,500000.00,5765 - PLAYA DEL CARMEN OFNA PRINCIPAL,RELEVANTES
1197600,2024-09-27,MXP,EFECTIVO,RETIRO,00745765000120584754,285506,500000.00,5765 - PLAYA DEL CARMEN OFNA PRINCIPAL,RELEVANTES
1197600,2024-09-27,MXP,EFECTIVO,RETIRO,00745765000120584754,285507,500000.00,5765 - PLAYA DEL CARMEN OFNA PRINCIPAL,RELEVANTES
1197600,2024-10-10,MXP,EFECTIVO,RETIRO,00745765000120584754,104429,800000.00,5765 - PLAYA DEL CARMEN OFNA PRINCIPAL,RELEVANTES
1197600,2024-10-04,MXP,EFECTIVO,RETIRO,00745765000120584754,041851,500000.00,5765 - PLAYA DEL CARMEN OFNA PRINCIPAL,RELEVANTES
1197600,2024-10-04,MXP,EFECTIVO,RETIRO,00745765000120584754,041852,500000.00,5765 - PLAYA DEL CARMEN OFNA PRINCIPAL,RELEVANTES
1197600,2024-10-04,MXP,EFECTIVO,RETIRO,00745765000120584754,041853,500000.00,5765 - PLAYA DEL CARMEN OFNA PRINCIPAL,RELEVANTES
1197600,2024-10-04,MXP,EFECTIVO,RETIRO,00745765000120584754,041854,500000.00,5765 - PLAYA DEL CARMEN OFNA PRINCIPAL,RELEVANTES
1197600,2024-09-24,MXP,EFECTIVO,RETIRO,00745765000120584754,242934,400000.00,5765 - PLAYA DEL CARMEN OFNA PRINCIPAL,RELEVANTES
1197600,2024-09-24,MXP,EFECTIVO,RETIRO,00745765000120584754,242935,500000.00,5765 - PLAYA DEL CARMEN OFNA PRINCIPAL,RELEVANTES
1197600,2024-09-24,MXP,EFECTIVO,RETIRO,00745765000120584754,242936,500000.00,5765 - PLAYA DEL CARMEN OFNA PRINCIPAL,RELEVANTES
1197600,2024-10-11,MXP,EFECTIVO,RETIRO,00745765000120584754,117728,900000.00,5765 - PLAYA DEL CARMEN OFNA PRINCIPAL,RELEVANTES
1197600,2024-10-11,MXP,EFECTIVO,RETIRO,00745765000120584754,117729,800000.00,5765 - PLAYA DEL CARMEN OFNA PRINCIPAL,RELEVANTES
1197600,2024-10-11,MXP,EFECTIVO,RETIRO,00745765000120584754,117730,800000.00,5765 - PLAYA DEL CARMEN OFNA PRINCIPAL,RELEVANTES
1197600,2024-11-08,MXP,EFECTIVO,RETIRO,00745765000120584754,071706,500000.00,5765 - PLAYA DEL CARMEN OFNA PRINCIPAL,RELEVANTES
1197600,2024-11-08,MXP,EFECTIVO,RETIRO,00745765000120584754,071707,500000.00,5765 - PLAYA DEL CARMEN OFNA PRINCIPAL,RELEVANTES
1197600,2024-11-04,MXP,EFECTIVO,RETIRO,00745765000120584754,016826,500000.00,5765 - PLAYA DEL CARMEN OFNA PRINCIPAL,RELEVANTES
1197600,2024-11-15,MXP,EFECTIVO,RETIRO,00745765000120584754,143314,500000.00,5765 - PLAYA DEL CARMEN OFNA PRINCIPAL,RELEVANTES
1197600,2024-11-15,MXP,EFECTIVO,RETIRO,00745765000120584754,143315,500000.00,5765 - PLAYA DEL CARMEN OFNA PRINCIPAL,RELEVANTES
1197600,2024-11-15,MXP,EFECTIVO,RETIRO,00745765000120584754,143316,500000.00,5765 - PLAYA DEL CARMEN OFNA PRINCIPAL,RELEVANTES
1197600,2024-11-15,MXP,EFECTIVO,RETIRO,00745765000120584754,143317,500000.00,5765 - PLAYA DEL CARMEN OFNA PRINCIPAL,RELEVANTES
1197600,2024-11-29,MXP,EFECTIVO,RETIRO,00745765000120584754,288310,600000.00,5765 - PLAYA DEL CARMEN OFNA PRINCIPAL,RELEVANTES
1197600,2024-11-22,MXP,EFECTIVO,RETIRO,00745765000120584754,212083,500000.00,5765 - PLAYA DEL CARMEN OFNA PRINCIPAL,RELEVANTES
1197600,2024-11-22,MXP,EFECTIVO,RETIRO,00745765000120584754,212084,500000.00,5765 - PLAYA DEL CARMEN OFNA PRINCIPAL,RELEVANTES
1197600,2024-12-06,MXP,EFECTIVO,RETIRO,00745765000120584754,065559,200000.00,5765 - PLAYA DEL CARMEN OFNA PRINCIPAL,RELEVANTES
1197600,2024-12-06,MXP,EFECTIVO,RETIRO,00745765000120584754,065560,500000.00,5765 - PLAYA DEL CARMEN OFNA PRINCIPAL,RELEVANTES
1197600,2024-12-13,MXP,EFECTIVO,RETIRO,00745765000120584754,132590,700000.00,5765 - PLAYA DEL CARMEN OFNA PRINCIPAL,RELEVANTES
1197600,2024-12-20,MXP,EFECTIVO,RETIRO,00745765000120584754,228371,500000.00,5765 - PLAYA DEL CARMEN OFNA PRINCIPAL,RELEVANTES
1197600,2024-12-20,MXP,EFECTIVO,RETIRO,00745765000120584754,228372,500000.00,5765 - PLAYA DEL CARMEN OFNA PRINCIPAL,RELEVANTES
1197600,2025-01-17,MXP,EFECTIVO,RETIRO,00745765000120584754,174372,500000.00,5765 - PLAYA DEL CARMEN OFNA PRINCIPAL,RELEVANTES
1197600,2025-01-17,MXP,EFECTIVO,RETIRO,00745765000120584754,174373,400000.00,5765 - PLAYA DEL CARMEN OFNA PRINCIPAL,RELEVANTES
1197600,2025-01-24,MXP,EFECTIVO,RETIRO,00745765000120584754,247063,500000.00,5765 - PLAYA DEL CARMEN OFNA PRINCIPAL,RELEVANTES
1197600,2025-01-31,MXP,EFECTIVO,RETIRO,00745765000120584754,322353,800000.00,5765 - PLAYA DEL CARMEN OFNA PRINCIPAL,RELEVANTES
1197600,2025-02-07,MXP,EFECTIVO,RETIRO,00745765000120584754,060387,500000.00,5765 - PLAYA DEL CARMEN OFNA PRINCIPAL,RELEVANTES
1197600,2025-02-28,MXP,EFECTIVO,RETIRO,00745765000120584754,273128,500000.00,5765 - PLAYA DEL CARMEN OFNA PRINCIPAL,RELEVANTES
1197600,2025-02-28,MXP,EFECTIVO,RETIRO,00745765000120584754,273129,500000.00,5765 - PLAYA DEL CARMEN OFNA PRINCIPAL,RELEVANTES
1197600,2025-02-21,MXP,EFECTIVO,RETIRO,00745765000120584754,201242,500000.00,5765 - PLAYA DEL CARMEN OFNA PRINCIPAL,RELEVANTES
1197600,2025-02-21,MXP,EFECTIVO,RETIRO,00745765000120584754,201243,500000.00,5765 - PLAYA DEL CARMEN OFNA PRINCIPAL,RELEVANTES
1176615,2025-01-27,MXP,EFECTIVO,RETIRO,00741513000118876274,0628307,116400.00,271 - CHIHUAHUA UNIVERSIDAD,MEDIANAS
1176615,2025-01-22,MXP,EFECTIVO,RETIRO,00741513000118876274,0506383,148960.00,271 - CHIHUAHUA UNIVERSIDAD,MEDIANAS
1176615,2024-12-10,MXP,EFECTIVO,RETIRO,00741513000118876274,1168140,150000.00,271 - CHIHUAHUA UNIVERSIDAD,MEDIANAS
1176615,2024-12-24,MXP,EFECTIVO,RETIRO,00741513000118876274,1166597,147200.00,377 - CIUDAD ACU#A,MEDIANAS
1176615,2024-10-12,MXP,EFECTIVO,RETIRO,00741513000118876274,0441530,120000.00,377 - CIUDAD ACU#A,MEDIANAS
1176615,2024-10-04,MXP,EFECTIVO,RETIRO,00741513000118876274,0605141,97000.00,271 - CHIHUAHUA UNIVERSIDAD,MEDIANAS
1176615,2024-09-03,MXP,EFECTIVO,RETIRO,00741513000118876274,1626600,70000.00,271 - CHIHUAHUA UNIVERSIDAD,MEDIANAS
1176615,2024-09-23,MXP,EFECTIVO,RETIRO,00741513000118876274,0712144,100000.00,5036 - CHIHUAHUA SAUCITO,MEDIANAS
1176615,2024-09-06,MXP,EFECTIVO,RETIRO,00741513000118876274,0555957,103300.00,271 - CHIHUAHUA UNIVERSIDAD,MEDIANAS
1176615,2024-08-01,MXP,EFECTIVO,RETIRO,00741513000118876274,0654691,30000.00,355 - CHIHUAHUA PLAZA VALLARTA,MEDIANAS
1176615,2024-08-13,MXP,EFECTIVO,RETIRO,00741513000118876274,1230098,100000.00,355 - CHIHUAHUA PLAZA VALLARTA,MEDIANAS
1176615,2024-08-26,MXP,EFECTIVO,RETIRO,00741513000118876274,0665406,116400.00,355 - CHIHUAHUA PLAZA VALLARTA,MEDIANAS
1176615,2024-08-13,MXP,EFECTIVO,RETIRO,00741513000118876274,1230097,20942.00,355 - CHIHUAHUA PLAZA VALLARTA,MEDIANAS
1176615,2024-08-21,MXP,EFECTIVO,RETIRO,00741513000118876274,0575251,130000.00,355 - CHIHUAHUA PLAZA VALLARTA,MEDIANAS
1176615,2024-08-23,MXP,EFECTIVO,RETIRO,00741513000118876274,0509943,110000.00,355 - CHIHUAHUA PLAZA VALLARTA,MEDIANAS
1176615,2024-08-27,MXP,EFECTIVO,RETIRO,00741513000118876274,1214118,100000.00,271 - CHIHUAHUA UNIVERSIDAD,MEDIANAS
1176615,2024-08-21,MXP,EFECTIVO,RETIRO,00741513000118876274,0575250,100000.00,355 - CHIHUAHUA PLAZA VALLARTA,MEDIANAS
1176615,2024-08-20,MXP,EFECTIVO,RETIRO,00741513000118876274,1325404,102270.00,355 - CHIHUAHUA PLAZA VALLARTA,MEDIANAS
1176615,2024-08-28,MXP,EFECTIVO,RETIRO,00741513000118876274,0521078,140620.00,271 - CHIHUAHUA UNIVERSIDAD,MEDIANAS
1176615,2024-07-02,MXP,EFECTIVO,RETIRO,00741513000118876274,1627876,77980.00,355 - CHIHUAHUA PLAZA VALLARTA,MEDIANAS
1176615,2024-07-23,MXP,EFECTIVO,DEPOSITO,00741513000118876274,1262212,2400.00,355 - CHIHUAHUA PLAZA VALLARTA,MEDIANAS
1176615,2024-07-03,MXP,EFECTIVO,RETIRO,00741513000118876274,0683821,26500.00,355 - CHIHUAHUA PLAZA VALLARTA,MEDIANAS
1176615,2024-07-30,MXP,EFECTIVO,RETIRO,00741513000118876274,1238648,50000.00,377 - CIUDAD ACU#A,MEDIANAS
1176615,2024-07-23,MXP,EFECTIVO,RETIRO,00741513000118876274,1262211,85000.00,355 - CHIHUAHUA PLAZA VALLARTA,MEDIANAS
1176615,2024-07-04,MXP,EFECTIVO,RETIRO,00741513000118876274,0618285,102290.00,355 - CHIHUAHUA PLAZA VALLARTA,MEDIANAS
1176615,2024-07-08,MXP,EFECTIVO,RETIRO,00741513000118876274,0737733,30000.00,355 - CHIHUAHUA PLAZA VALLARTA,MEDIANAS
1176615,2024-07-17,MXP,EFECTIVO,RETIRO,00741513000118876274,0679920,100000.00,355 - CHIHUAHUA PLAZA VALLARTA,MEDIANAS
1176615,2024-06-18,MXP,EFECTIVO,RETIRO,00741513000118876274,1446813,82650.00,355 - CHIHUAHUA PLAZA VALLARTA,MEDIANAS
1176615,2024-06-10,MXP,EFECTIVO,RETIRO,00741513000118876274,0722429,125000.00,377 - CIUDAD ACU#A,MEDIANAS
1176615,2024-06-15,MXP,EFECTIVO,RETIRO,00741513000118876274,0518424,50000.00,377 - CIUDAD ACU#A,MEDIANAS
1176615,2024-05-20,MXP,EFECTIVO,RETIRO,00741513000118876274,0815371,90000.00,377 - CIUDAD ACU#A,MEDIANAS
1176615,2024-05-03,MXP,EFECTIVO,RETIRO,00741513000118876274,1219809,48000.00,887 - CAMPUS NORTE,MEDIANAS
1176615,2024-05-07,MXP,EFECTIVO,RETIRO,00741513000118876274,1477862,96915.00,887 - CAMPUS NORTE,MEDIANAS
1176615,2024-05-13,MXP,EFECTIVO,RETIRO,00741513000118876274,0655447,50000.00,355 - CHIHUAHUA PLAZA VALLARTA,MEDIANAS
1176615,2024-04-19,MXP,EFECTIVO,RETIRO,00741513000118876274,0543432,90000.00,355 - CHIHUAHUA PLAZA VALLARTA,MEDIANAS
1176615,2024-04-16,MXP,EFECTIVO,RETIRO,00741513000118876274,1443813,100000.00,887 - CAMPUS NORTE,MEDIANAS
1176615,2024-04-24,MXP,EFECTIVO,RETIRO,00741513000118876274,0558599,85000.00,355 - CHIHUAHUA PLAZA VALLARTA,MEDIANAS
1176615,2024-04-18,MXP,EFECTIVO,RETIRO,00741513000118876274,0578605,100000.00,887 - CAMPUS NORTE,MEDIANAS
1176615,2024-04-24,MXP,EFECTIVO,RETIRO,00741513000118876274,0558598,117320.00,887 - CAMPUS NORTE,MEDIANAS
1176615,2024-03-22,MXP,EFECTIVO,RETIRO,00741513000118876274,0566814,70000.00,887 - CAMPUS NORTE,MEDIANAS
1176615,2024-03-06,MXP,EFECTIVO,RETIRO,00741513000118876274,0667798,96000.00,887 - CAMPUS NORTE,MEDIANAS
1176615,2024-02-01,MXP,EFECTIVO,RETIRO,00741513000118876274,0704856,118800.00,5036 - CHIHUAHUA SAUCITO,MEDIANAS
1176615,2024-02-15,MXP,EFECTIVO,RETIRO,00741513000118876274,0532664,100000.00,887 - CAMPUS NORTE,MEDIANAS
1176615,2024-02-07,MXP,EFECTIVO,RETIRO,00741513000118876274,1927004,21200.00,887 - CAMPUS NORTE,MEDIANAS
1180636,2025-02-10,MXP,EFECTIVO,DEPOSITO,00747696000124019989,0681867,36552.00,1899 - EL DORADO,MEDIANAS
1180636,2025-02-11,MXP,EFECTIVO,RETIRO,00747696000124019830,1149528,2000.00,1899 - EL DORADO,MEDIANAS
1180636,2025-02-12,MXP,EFECTIVO,DEPOSITO,00747696000124019989,0494330,14237.00,1899 - EL DORADO,MEDIANAS
1180636,2025-02-06,MXP,EFECTIVO,DEPOSITO,00747696000124019989,0563821,4757.00,1899 - EL DORADO,MEDIANAS
1180636,2025-02-11,MXP,EFECTIVO,DEPOSITO,00747696000124019989,1149530,14451.00,1899 - EL DORADO,MEDIANAS
1180636,2025-02-11,MXP,EFECTIVO,DEPOSITO,00747696000124019989,1149531,336.00,1899 - EL DORADO,MEDIANAS
1180636,2025-02-05,MXP,EFECTIVO,DEPOSITO,00747696000124019989,1798967,11329.00,1899 - EL DORADO,MEDIANAS
1180636,2025-02-10,MXP,EFECTIVO,DEPOSITO,00747696000124019989,0681866,20638.00,1899 - EL DORADO,MEDIANAS
1180636,2025-02-07,MXP,EFECTIVO,DEPOSITO,00747696610124019989,0745588,880.00,1899 - EL DORADO,MEDIANAS
1180636,2025-02-11,MXP,EFECTIVO,DEPOSITO,00747696000124019989,1149529,3369.00,1899 - EL DORADO,MEDIANAS
1180636,2025-02-12,MXP,EFECTIVO,DEPOSITO,00747696000124019989,0494331,18459.00,1899 - EL DORADO,MEDIANAS
1180636,2025-02-04,MXP,EFECTIVO,DEPOSITO,00747696000124019989,0828353,22407.00,1899 - EL DORADO,MEDIANAS
1180636,2025-02-06,MXP,EFECTIVO,DEPOSITO,00747696000124019989,0563820,10225.00,1899 - EL DORADO,MEDIANAS
1180636,2025-02-07,MXP,EFECTIVO,DEPOSITO,00747696610124019989,0745587,11594.00,1899 - EL DORADO,MEDIANAS
1180636,2025-02-04,MXP,EFECTIVO,DEPOSITO,00747696000124019989,0828352,16048.00,1899 - EL DORADO,MEDIANAS
1180636,2025-02-05,MXP,EFECTIVO,DEPOSITO,00747696000124019989,1798968,20327.00,1899 - EL DORADO,MEDIANAS
1180636,2025-02-07,MXP,EFECTIVO,DEPOSITO,00747696610124019989,0745589,1439.00,1899 - EL DORADO,MEDIANAS
1180636,2025-01-28,MXP,EFECTIVO,DEPOSITO,00747696000124019989,1094584,5721.00,1899 - EL DORADO,MEDIANAS
1180636,2025-01-06,MXP,EFECTIVO,DEPOSITO,00747696000124019989,0734181,40559.00,1899 - EL DORADO,MEDIANAS
1180636,2025-01-09,MXP,EFECTIVO,DEPOSITO,00747696000124019989,0517528,15259.00,1899 - EL DORADO,MEDIANAS
1180636,2025-01-15,MXP,EFECTIVO,DEPOSITO,00747696000124019989,0545408,33843.00,1899 - EL DORADO,MEDIANAS
1180636,2025-01-16,MXP,EFECTIVO,DEPOSITO,00747696000124019989,0613641,32613.00,1899 - EL DORADO,MEDIANAS
1180636,2025-01-16,MXP,EFECTIVO,DEPOSITO,00747696000124019989,0613642,54083.00,1899 - EL DORADO,MEDIANAS
1180636,2025-01-30,MXP,EFECTIVO,DEPOSITO,00747696000124019989,0505660,13410.00,1899 - EL DORADO,MEDIANAS
1180636,2025-01-03,MXP,EFECTIVO,DEPOSITO,00747696000124019989,0738633,15866.00,1899 - EL DORADO,MEDIANAS
1180636,2025-01-06,MXP,EFECTIVO,DEPOSITO,00747696000124019989,0734180,46473.00,1899 - EL DORADO,MEDIANAS
1180636,2025-01-22,MXP,EFECTIVO,DEPOSITO,00747696000124019989,0521952,14027.00,1899 - EL DORADO,MEDIANAS
1180636,2025-01-22,MXP,EFECTIVO,DEPOSITO,00747696000124019989,0521954,266.00,1899 - EL DORADO,MEDIANAS
1180636,2025-01-31,MXP,EFECTIVO,RETIRO,00747696000124019830,0562239,38000.00,1899 - EL DORADO,MEDIANAS
1180636,2025-01-23,MXP,EFECTIVO,DEPOSITO,00747696000124019989,0489119,11695.00,1899 - EL DORADO,MEDIANAS
1180636,2025-01-13,MXP,EFECTIVO,DEPOSITO,00747696000124019989,0683071,27584.00,1899 - EL DORADO,MEDIANAS
1180636,2025-01-15,MXP,EFECTIVO,DEPOSITO,00747696000124019989,0545409,11034.00,1899 - EL DORADO,MEDIANAS
1180636,2025-01-28,MXP,EFECTIVO,DEPOSITO,00747696000124019989,1094586,11980.00,1899 - EL DORADO,MEDIANAS
1180636,2025-01-29,MXP,EFECTIVO,DEPOSITO,00747696000124019989,0504409,22364.00,1899 - EL DORADO,MEDIANAS
1180636,2025-01-03,MXP,EFECTIVO,DEPOSITO,00747696000124019989,0738634,21573.00,1899 - EL DORADO,MEDIANAS
1180636,2025-01-07,MXP,EFECTIVO,DEPOSITO,00747696000124019989,1220356,40556.00,1899 - EL DORADO,MEDIANAS
1180636,2025-01-09,MXP,EFECTIVO,DEPOSITO,00747696000124019989,0517527,33861.00,1899 - EL DORADO,MEDIANAS
1180636,2025-01-14,MXP,EFECTIVO,DEPOSITO,00747696000124019989,1116826,13984.00,1899 - EL DORADO,MEDIANAS
1180636,2025-01-14,MXP,EFECTIVO,DEPOSITO,00747696000124019989,1116827,12787.00,1899 - EL DORADO,MEDIANAS
1180636,2025-01-20,MXP,EFECTIVO,DEPOSITO,00747696000124019989,0761966,84394.00,1899 - EL DORADO,MEDIANAS
1180636,2025-01-08,MXP,EFECTIVO,DEPOSITO,00747696610124019989,0691061,16721.00,1899 - EL DORADO,MEDIANAS
1180636,2025-01-16,MXP,EFECTIVO,DEPOSITO,00747696000124019989,0613640,644.00,1899 - EL DORADO,MEDIANAS
1180636,2025-01-29,MXP,EFECTIVO,DEPOSITO,00747696000124019989,0504410,19619.00,1899 - EL DORADO,MEDIANAS
1180636,2025-01-29,MXP,EFECTIVO,DEPOSITO,00747696000124019989,0504411,200.00,1899 - EL DORADO,MEDIANAS
1180636,2025-01-13,MXP,EFECTIVO,DEPOSITO,00747696000124019989,0683072,30044.00,1899 - EL DORADO,MEDIANAS
1180636,2025-01-14,MXP,EFECTIVO,DEPOSITO,00747696000124019989,1116824,12247.00,1899 - EL DORADO,MEDIANAS
1180636,2025-01-17,MXP,EFECTIVO,DEPOSITO,00747696000124019989,0595107,16534.00,1899 - EL DORADO,MEDIANAS
1180636,2025-01-24,MXP,EFECTIVO,DEPOSITO,00747696000124019989,0479291,25450.00,1899 - EL DORADO,MEDIANAS
1180636,2025-01-30,MXP,EFECTIVO,DEPOSITO,00747696000124019989,0505659,15191.00,1899 - EL DORADO,MEDIANAS
1180636,2025-01-31,MXP,EFECTIVO,DEPOSITO,00747696000124019989,0562240,8760.00,1899 - EL DORADO,MEDIANAS
1180636,2025-01-31,MXP,EFECTIVO,DEPOSITO,00747696000124019989,0562241,12387.00,1899 - EL DORADO,MEDIANAS
1180636,2025-01-20,MXP,EFECTIVO,DEPOSITO,00747696000124019989,0761968,28784.00,1899 - EL DORADO,MEDIANAS
1180636,2025-01-27,MXP,EFECTIVO,DEPOSITO,00747696000124019989,0647187,10495.00,1899 - EL DORADO,MEDIANAS
1180636,2025-01-08,MXP,EFECTIVO,DEPOSITO,00747696610124019989,0691060,30023.00,1899 - EL DORADO,MEDIANAS
1180636,2025-01-10,MXP,EFECTIVO,DEPOSITO,00747696000124019989,0505830,14355.00,1899 - EL DORADO,MEDIANAS
1180636,2025-01-21,MXP,EFECTIVO,DEPOSITO,00747696000124019989,1169950,44362.00,1899 - EL DORADO,MEDIANAS
1180636,2025-01-21,MXP,EFECTIVO,DEPOSITO,00747696000124019989,1169951,25548.00,1899 - EL DORADO,MEDIANAS
1180636,2025-01-22,MXP,EFECTIVO,DEPOSITO,00747696000124019989,0521953,15414.00,1899 - EL DORADO,MEDIANAS
1180636,2025-01-27,MXP,EFECTIVO,DEPOSITO,00747696000124019989,0463482,26160.00,1899 - EL DORADO,MEDIANAS
1180636,2025-01-28,MXP,EFECTIVO,DEPOSITO,00747696000124019989,1094585,3010.00,1899 - EL DORADO,MEDIANAS
1180636,2025-01-02,MXP,EFECTIVO,DEPOSITO,00747696000124019989,0494822,14128.00,1899 - EL DORADO,MEDIANAS
1180636,2025-01-06,MXP,EFECTIVO,DEPOSITO,00747696000124019989,0734182,4627.00,1899 - EL DORADO,MEDIANAS
1180636,2025-01-14,MXP,EFECTIVO,DEPOSITO,00747696000124019989,1116825,12274.00,1899 - EL DORADO,MEDIANAS
1180636,2025-01-17,MXP,EFECTIVO,DEPOSITO,00747696000124019989,0595108,19878.00,1899 - EL DORADO,MEDIANAS
1180636,2025-01-20,MXP,EFECTIVO,DEPOSITO,00747696000124019989,0761967,50.00,1899 - EL DORADO,MEDIANAS
1180636,2025-01-24,MXP,EFECTIVO,DEPOSITO,00747696000124019989,0479292,10972.00,1899 - EL DORADO,MEDIANAS
1180636,2025-01-23,MXP,EFECTIVO,DEPOSITO,00747696000124019989,0489120,14828.00,1899 - EL DORADO,MEDIANAS
1180636,2025-01-02,MXP,EFECTIVO,DEPOSITO,00747696000124019989,0494821,21636.00,1899 - EL DORADO,MEDIANAS
1180636,2025-01-03,MXP,EFECTIVO,DEPOSITO,00747696000124019989,0738632,45565.00,1899 - EL DORADO,MEDIANAS
1180636,2025-01-07,MXP,EFECTIVO,DEPOSITO,00747696000124019989,1220357,48472.00,1899 - EL DORADO,MEDIANAS
1180636,2025-01-10,MXP,EFECTIVO,DEPOSITO,00747696000124019989,0505829,9364.00,1899 - EL DORADO,MEDIANAS
1180636,2025-01-27,MXP,EFECTIVO,DEPOSITO,00747696000124019989,0463481,21973.00,1899 - EL DORADO,MEDIANAS
1180636,2024-12-16,MXP,EFECTIVO,DEPOSITO,00747696000124019989,1145243,2998.00,1899 - EL DORADO,MEDIANAS
1180636,2024-12-26,MXP,EFECTIVO,DEPOSITO,00747696000124019989,0452299,4726.00,1899 - EL DORADO,MEDIANAS
1180636,2024-12-27,MXP,EFECTIVO,DEPOSITO,00747696000124019989,0622172,20509.00,1899 - EL DORADO,MEDIANAS
1180636,2024-12-27,MXP,EFECTIVO,DEPOSITO,00747696000124019989,0622173,29848.00,1899 - EL DORADO,MEDIANAS
1180636,2024-12-31,MXP,EFECTIVO,DEPOSITO,00747696000124019989,1134909,50.00,1899 - EL DORADO,MEDIANAS
1180636,2024-12-03,MXP,EFECTIVO,DEPOSITO,00747696000124019989,1488370,10949.00,1899 - EL DORADO,MEDIANAS
1180636,2024-12-03,MXP,EFECTIVO,DEPOSITO,00747696000124019989,1488372,58279.00,1899 - EL DORADO,MEDIANAS
1180636,2024-12-06,MXP,EFECTIVO,DEPOSITO,00747696710124019989,0760220,13534.00,1899 - EL DORADO,MEDIANAS
1180636,2024-12-09,MXP,EFECTIVO,DEPOSITO,00747696000124019989,0701983,26188.00,1899 - EL DORADO,MEDIANAS
1180636,2024-12-11,MXP,EFECTIVO,DEPOSITO,00747696000124019989,0565147,7867.00,1899 - EL DORADO,MEDIANAS
1180636,2024-12-11,MXP,EFECTIVO,DEPOSITO,00747696000124019989,0565148,8083.00,1899 - EL DORADO,MEDIANAS
1180636,2024-12-18,MXP,EFECTIVO,DEPOSITO,00747696000124019989,0607878,21569.00,1899 - EL DORADO,MEDIANAS
1180636,2024-12-19,MXP,EFECTIVO,DEPOSITO,00747696000124019989,0547510,3487.00,1899 - EL DORADO,MEDIANAS
1180636,2024-12-20,MXP,EFECTIVO,DEPOSITO,00747696000124019989,0559452,19115.00,1899 - EL DORADO,MEDIANAS
1180636,2024-12-20,MXP,EFECTIVO,DEPOSITO,00747696000124019989,0559453,1326.00,1899 - EL DORADO,MEDIANAS
1180636,2024-12-24,MXP,EFECTIVO,DEPOSITO,00747696000124019989,1182198,1226.00,1899 - EL DORADO,MEDIANAS
1180636,2024-12-19,MXP,EFECTIVO,RETIRO,00747696000124019830,0547509,50000.00,1899 - EL DORADO,MEDIANAS
1180636,2024-12-05,MXP,EFECTIVO,DEPOSITO,00747696000124019989,0557931,15827.00,1899 - EL DORADO,MEDIANAS
1180636,2024-12-06,MXP,EFECTIVO,DEPOSITO,00747696710124019989,0760221,21199.00,1899 - EL DORADO,MEDIANAS
1180636,2024-12-16,MXP,EFECTIVO,DEPOSITO,00747696000124019989,1145241,13619.00,1899 - EL DORADO,MEDIANAS
1180636,2024-12-16,MXP,EFECTIVO,DEPOSITO,00747696000124019989,1145242,2612.00,1899 - EL DORADO,MEDIANAS
1180636,2024-12-30,MXP,EFECTIVO,DEPOSITO,00747696000124019989,0679226,29653.00,1899 - EL DORADO,MEDIANAS
1180636,2024-12-11,MXP,EFECTIVO,DEPOSITO,00747696000124019989,0565151,14669.00,1899 - EL DORADO,MEDIANAS
1180636,2024-12-11,MXP,EFECTIVO,DEPOSITO,00747696000124019989,0565152,21247.00,1899 - EL DORADO,MEDIANAS
1180636,2024-12-18,MXP,EFECTIVO,DEPOSITO,00747696000124019989,0607879,15100.00,1899 - EL DORADO,MEDIANAS
1180636,2024-12-26,MXP,EFECTIVO,DEPOSITO,00747696000124019989,0452298,1299.00,1899 - EL DORADO,MEDIANAS
1180636,2024-12-31,MXP,EFECTIVO,DEPOSITO,00747696000124019989,1134910,8694.00,1899 - EL DORADO,MEDIANAS
1180636,2024-12-11,MXP,EFECTIVO,DEPOSITO,00747696000124019989,0565150,300.00,1899 - EL DORADO,MEDIANAS
1180636,2024-12-17,MXP,EFECTIVO,DEPOSITO,00747696000124019989,1389826,667.00,1899 - EL DORADO,MEDIANAS
1180636,2024-12-23,MXP,EFECTIVO,DEPOSITO,00747696000124019989,0754606,1033.00,1899 - EL DORADO,MEDIANAS
1180636,2024-12-03,MXP,EFECTIVO,DEPOSITO,00747696000124019989,1488373,31723.00,1899 - EL DORADO,MEDIANAS
1180636,2024-12-04,MXP,EFECTIVO,DEPOSITO,00747696000124019989,0613127,5969.00,1899 - EL DORADO,MEDIANAS
1180636,2024-12-09,MXP,EFECTIVO,DEPOSITO,00747696000124019989,0701984,6830.00,1899 - EL DORADO,MEDIANAS
1180636,2024-12-11,MXP,EFECTIVO,DEPOSITO,00747696000124019989,0565149,200.00,1899 - EL DORADO,MEDIANAS
1180636,2024-12-17,MXP,EFECTIVO,DEPOSITO,00747696000124019989,1389825,857.00,1899 - EL DORADO,MEDIANAS
1180636,2024-12-04,MXP,EFECTIVO,DEPOSITO,00747696000124019989,0613128,1053.00,1899 - EL DORADO,MEDIANAS
1180636,2024-12-13,MXP,EFECTIVO,DEPOSITO,00747696000124019989,0582964,6192.00,1899 - EL DORADO,MEDIANAS
1180636,2024-12-19,MXP,EFECTIVO,DEPOSITO,00747696000124019989,0547511,9557.00,1899 - EL DORADO,MEDIANAS
1180636,2024-12-30,MXP,EFECTIVO,DEPOSITO,00747696000124019989,0679227,4546.00,1899 - EL DORADO,MEDIANAS
1180636,2024-12-31,MXP,EFECTIVO,DEPOSITO,00747696000124019989,1134908,73127.00,1899 - EL DORADO,MEDIANAS
1180636,2024-12-24,MXP,EFECTIVO,RETIRO,00747696000124019830,1182197,50000.00,1899 - EL DORADO,MEDIANAS
1180636,2024-12-23,MXP,EFECTIVO,DEPOSITO,00747696000124019989,0754605,18554.00,1899 - EL DORADO,MEDIANAS
1180636,2024-12-03,MXP,EFECTIVO,DEPOSITO,00747696000124019989,1488371,7167.00,1899 - EL DORADO,MEDIANAS
1180636,2024-12-05,MXP,EFECTIVO,DEPOSITO,00747696000124019989,0557932,1942.00,1899 - EL DORADO,MEDIANAS
1180636,2024-12-13,MXP,EFECTIVO,DEPOSITO,00747696000124019989,0582963,4318.00,1899 - EL DORADO,MEDIANAS
1180636,2024-12-13,MXP,EFECTIVO,DEPOSITO,00747696000124019989,0582965,2234.00,1899 - EL DORADO,MEDIANAS
1180636,2024-12-13,MXP,EFECTIVO,DEPOSITO,00747696000124019989,0582966,10726.00,1899 - EL DORADO,MEDIANAS
1180636,2024-12-30,MXP,EFECTIVO,DEPOSITO,00747696000124019989,0679225,66004.00,1899 - EL DORADO,MEDIANAS
1180636,2024-11-21,MXP,EFECTIVO,DEPOSITO,00747696000124019989,0522004,150.00,1899 - EL DORADO,MEDIANAS
1180636,2024-11-21,MXP,EFECTIVO,DEPOSITO,00747696000124019989,0522007,200.00,1899 - EL DORADO,MEDIANAS
1180636,2024-11-21,MXP,EFECTIVO,DEPOSITO,00747696000124019989,0522003,100.00,1899 - EL DORADO,MEDIANAS
1180636,2024-11-21,MXP,EFECTIVO,DEPOSITO,00747696000124019989,0521999,100.00,1899 - EL DORADO,MEDIANAS
1180636,2024-11-28,MXP,EFECTIVO,DEPOSITO,00747696000124019989,0490026,739.00,1899 - EL DORADO,MEDIANAS
1180636,2024-11-21,MXP,EFECTIVO,DEPOSITO,00747696000124019989,0522001,100.00,1899 - EL DORADO,MEDIANAS
1180636,2024-11-21,MXP,EFECTIVO,DEPOSITO,00747696000124019989,0522002,150.00,1899 - EL DORADO,MEDIANAS
1180636,2024-11-21,MXP,EFECTIVO,DEPOSITO,00747696000124019989,0522005,100.00,1899 - EL DORADO,MEDIANAS
1180636,2024-11-25,MXP,EFECTIVO,DEPOSITO,00747696000124019989,0657330,300.00,1899 - EL DORADO,MEDIANAS
1180636,2024-11-21,MXP,EFECTIVO,DEPOSITO,00747696000124019989,0522006,200.00,1899 - EL DORADO,MEDIANAS
1180636,2024-11-21,MXP,EFECTIVO,DEPOSITO,00747696000124019989,0522000,450.00,1899 - EL DORADO,MEDIANAS
1180636,2024-11-21,MXP,EFECTIVO,DEPOSITO,00747696000124019989,0522008,200.00,1899 - EL DORADO,MEDIANAS
1180636,2024-11-21,MXP,EFECTIVO,DEPOSITO,00747696000124019989,0522009,150.00,1899 - EL DORADO,MEDIANAS
1185772,2025-02-13,MXP,EFECTIVO,DEPOSITO,00744485002914964810,0237862,4000.00,0 - NO DEFINIDO,MEDIANAS
1185772,2025-02-05,MXP,EFECTIVO,DEPOSITO,00744485082914964810,2007996,5500.00,4485 - MONTERREY CENTRO PRINCIPAL,MEDIANAS
1185772,2025-01-20,MXP,EFECTIVO,DEPOSITO,00744485002914964810,0776142,4000.00,0 - NO DEFINIDO,MEDIANAS
1185772,2025-01-15,MXP,EFECTIVO,DEPOSITO,00744485002914964810,0361633,5000.00,0 - NO DEFINIDO,MEDIANAS
1185772,2025-01-20,MXP,EFECTIVO,DEPOSITO,00744485002914964810,0776143,5000.00,0 - NO DEFINIDO,MEDIANAS
1185772,2025-01-15,MXP,EFECTIVO,DEPOSITO,00744485002914964810,0361634,3000.00,0 - NO DEFINIDO,MEDIANAS
1185772,2025-01-02,MXP,EFECTIVO,DEPOSITO,00744485002914964810,0464977,2700.00,0 - NO DEFINIDO,MEDIANAS
1185772,2025-01-28,MXP,EFECTIVO,DEPOSITO,00744485082914964810,1284107,6000.00,4485 - MONTERREY CENTRO PRINCIPAL,MEDIANAS
1185772,2024-12-27,MXP,EFECTIVO,DEPOSITO,00744485002914964810,0287997,5000.00,0 - NO DEFINIDO,MEDIANAS
1185772,2024-12-10,MXP,EFECTIVO,DEPOSITO,00744485082914964810,1415815,13600.00,5133 - PLAYACAR CENTRO MAYA,MEDIANAS
1185772,2024-12-11,MXP,EFECTIVO,DEPOSITO,00744485082914964810,0791201,10000.00,4485 - MONTERREY CENTRO PRINCIPAL,MEDIANAS
1185772,2024-12-16,MXP,EFECTIVO,DEPOSITO,00744485002914964810,0928131,5000.00,0 - NO DEFINIDO,MEDIANAS
1185772,2024-12-23,MXP,EFECTIVO,DEPOSITO,00744485002914964810,0826213,3500.00,0 - NO DEFINIDO,MEDIANAS
1185772,2024-11-12,MXP,EFECTIVO,DEPOSITO,00744485082914964810,1520636,2400.00,204 - MONTERREY REVOLUCION,MEDIANAS
1185772,2024-11-19,MXP,EFECTIVO,DEPOSITO,00744485002914964810,1177833,5000.00,0 - NO DEFINIDO,MEDIANAS
1185772,2024-11-01,MXP,EFECTIVO,DEPOSITO,00744485002914964810,0355588,2075.00,0 - NO DEFINIDO,MEDIANAS
1185772,2024-11-04,MXP,EFECTIVO,DEPOSITO,00744485002914964810,0871879,3500.00,0 - NO DEFINIDO,MEDIANAS
1185772,2024-11-29,MXP,EFECTIVO,DEPOSITO,00744485002914964810,0330516,5000.00,0 - NO DEFINIDO,MEDIANAS
1185772,2024-11-06,MXP,EFECTIVO,DEPOSITO,00744485002914964810,0304842,3000.00,0 - NO DEFINIDO,MEDIANAS
1185772,2024-10-30,MXP,EFECTIVO,DEPOSITO,00744485082914964810,0769909,5000.00,4485 - MONTERREY CENTRO PRINCIPAL,MEDIANAS
1185772,2024-10-02,MXP,EFECTIVO,DEPOSITO,00744485082914964810,1717692,7550.00,4485 - MONTERREY CENTRO PRINCIPAL,MEDIANAS
1185772,2024-10-08,MXP,EFECTIVO,DEPOSITO,00744485002914964810,0330854,5000.00,0 - NO DEFINIDO,MEDIANAS
1185772,2024-10-07,MXP,EFECTIVO,DEPOSITO,00744485002914964810,0938059,4000.00,216 - MONTERREY COUNTRY,MEDIANAS
1185772,2024-10-28,MXP,EFECTIVO,DEPOSITO,00744485002914964810,0808336,3500.00,5076 - PLAZA SAN MARCOS,MEDIANAS
1185772,2024-10-28,MXP,EFECTIVO,DEPOSITO,00744485002914964810,0808337,2400.00,0 - NO DEFINIDO,MEDIANAS
1185772,2024-10-23,MXP,EFECTIVO,DEPOSITO,00744485002914964810,0260858,5000.00,0 - NO DEFINIDO,MEDIANAS
1185772,2024-10-15,MXP,EFECTIVO,DEPOSITO,00744485082914964810,1522099,6000.00,4485 - MONTERREY CENTRO PRINCIPAL,MEDIANAS
1185772,2024-09-13,MXP,EFECTIVO,DEPOSITO,00744485002914964810,0345862,4000.00,0 - NO DEFINIDO,MEDIANAS
1185772,2024-09-13,MXP,EFECTIVO,DEPOSITO,00744485002914964810,0345863,5000.00,0 - NO DEFINIDO,MEDIANAS
1185772,2024-08-01,MXP,EFECTIVO,DEPOSITO,00744485002914964810,0437587,5000.00,0 - NO DEFINIDO,MEDIANAS
1185772,2024-08-07,MXP,EFECTIVO,DEPOSITO,00744485002914964810,0323536,5500.00,296 - MONTERREY SATELITE,MEDIANAS
1185772,2024-08-30,MXP,EFECTIVO,DEPOSITO,00744485002914964810,0383592,5000.00,0 - NO DEFINIDO,MEDIANAS
1185772,2024-08-13,MXP,EFECTIVO,DEPOSITO,00744485082914964810,1433598,9000.00,4485 - MONTERREY CENTRO PRINCIPAL,MEDIANAS
1185772,2024-08-21,MXP,EFECTIVO,DEPOSITO,00744485002914964810,0313376,5000.00,0 - NO DEFINIDO,MEDIANAS
1185772,2024-08-19,MXP,EFECTIVO,DEPOSITO,00744485002914964810,0895364,2000.00,0 - NO DEFINIDO,MEDIANAS
1185772,2024-07-05,MXP,EFECTIVO,DEPOSITO,00744485002914964810,0359567,5000.00,0 - NO DEFINIDO,MEDIANAS
1185772,2024-07-01,MXP,EFECTIVO,DEPOSITO,00744485002914964810,1145350,5000.00,0 - NO DEFINIDO,MEDIANAS
1185772,2024-07-02,MXP,EFECTIVO,DEPOSITO,00744485002914964810,0430311,4900.00,0 - NO DEFINIDO,MEDIANAS
1185772,2024-07-12,MXP,EFECTIVO,RETIRO,00744485002914964810,0785210,18000.00,216 - MONTERREY COUNTRY,MEDIANAS
1185772,2024-07-23,MXP,EFECTIVO,DEPOSITO,00744485002914964810,0335905,4000.00,0 - NO DEFINIDO,MEDIANAS
1185772,2024-07-23,MXP,EFECTIVO,DEPOSITO,00744485002914964810,0335906,3500.00,5076 - PLAZA SAN MARCOS,MEDIANAS
1185772,2024-07-08,MXP,EFECTIVO,DEPOSITO,00744485002914964810,0918410,5000.00,747 - LOMA LARGA,MEDIANAS
1185772,2024-07-16,MXP,EFECTIVO,DEPOSITO,00744485082914964810,1683180,7000.00,4485 - MONTERREY CENTRO PRINCIPAL,MEDIANAS
1185772,2024-06-03,MXP,EFECTIVO,DEPOSITO,00744485002914964810,1141668,4900.00,0 - NO DEFINIDO,MEDIANAS
1185772,2024-06-17,MXP,EFECTIVO,DEPOSITO,00744485002914964810,1006339,5000.00,0 - NO DEFINIDO,MEDIANAS
1185772,2024-06-12,MXP,EFECTIVO,DEPOSITO,00744485002914964810,0302466,5000.00,0 - NO DEFINIDO,MEDIANAS
1185772,2024-06-17,MXP,EFECTIVO,DEPOSITO,00744485002914964810,1006340,3900.00,222 - MONTERREY CUMBRES,MEDIANAS
1185772,2024-06-12,MXP,EFECTIVO,DEPOSITO,00744485002914964810,0302467,4900.00,0 - NO DEFINIDO,MEDIANAS
1185772,2024-06-24,MXP,EFECTIVO,DEPOSITO,00744485002914964810,0814323,2000.00,0 - NO DEFINIDO,MEDIANAS
1185772,2024-06-25,MXP,EFECTIVO,DEPOSITO,00744485082914964810,1396625,13000.00,5299 - PLAZA FIESTA SAN AGUSTIN,MEDIANAS
1185772,2024-05-28,MXP,EFECTIVO,DEPOSITO,00744485002914964810,0341075,4500.00,3769 - MONTERREY 2EVO REPUEBLO,MEDIANAS
1185772,2024-05-02,MXP,EFECTIVO,DEPOSITO,00744485082914964810,1032519,5500.00,4751 - PLAZA BELLA ANAHUAC,MEDIANAS
1185772,2024-05-23,MXP,EFECTIVO,DEPOSITO,00744485002914964810,0304117,5000.00,0 - NO DEFINIDO,MEDIANAS
1185772,2024-05-13,MXP,EFECTIVO,DEPOSITO,00744485082914964810,0882887,10000.00,4485 - MONTERREY CENTRO PRINCIPAL,MEDIANAS
1185772,2024-05-23,MXP,EFECTIVO,DEPOSITO,00744485002914964810,0304118,5000.00,0 - NO DEFINIDO,MEDIANAS
1185772,2024-05-17,MXP,EFECTIVO,DEPOSITO,00744485002914964810,0381627,2000.00,216 - MONTERREY COUNTRY,MEDIANAS
1185772,2024-05-31,MXP,EFECTIVO,DEPOSITO,00744485002914964810,0433587,5000.00,0 - NO DEFINIDO,MEDIANAS
1185772,2024-04-29,MXP,EFECTIVO,DEPOSITO,00744485082914964810,0969000,21500.00,217 - ESCOBEDO GASCA,MEDIANAS
1185772,2024-04-16,MXP,EFECTIVO,DEPOSITO,00744485082914964810,1700979,10000.00,4485 - MONTERREY CENTRO PRINCIPAL,MEDIANAS
1185772,2024-04-30,MXP,EFECTIVO,DEPOSITO,00744485082914964810,1672183,10000.00,4485 - MONTERREY CENTRO PRINCIPAL,MEDIANAS
1185772,2024-04-04,MXP,EFECTIVO,DEPOSITO,00744485082914964810,0807405,8000.00,4485 - MONTERREY CENTRO PRINCIPAL,MEDIANAS
1185772,2024-04-25,MXP,EFECTIVO,DEPOSITO,00744485002914964810,0296614,4900.00,204 - MONTERREY REVOLUCION,MEDIANAS
1185772,2024-03-14,MXP,EFECTIVO,DEPOSITO,00744485002914964810,0331112,4500.00,296 - MONTERREY SATELITE,MEDIANAS
1185772,2024-03-25,MXP,EFECTIVO,DEPOSITO,00744485002914964810,0881014,5000.00,0 - NO DEFINIDO,MEDIANAS
1185772,2024-03-25,MXP,EFECTIVO,RETIRO,00744485082914964810,0974363,37800.00,216 - MONTERREY COUNTRY,MEDIANAS
1185772,2024-03-25,MXP,EFECTIVO,DEPOSITO,00744485002914964810,0881013,4900.00,4777 - PLAZA VELARIA,MEDIANAS
1185772,2024-03-06,MXP,EFECTIVO,DEPOSITO,00744485002914964810,0355748,5000.00,0 - NO DEFINIDO,MEDIANAS
1185772,2024-03-01,MXP,EFECTIVO,DEPOSITO,00744485002914964810,0459085,7000.00,1073 - CANCUN PLAZA LAS AMERICAS,MEDIANAS
1185772,2024-03-06,MXP,EFECTIVO,DEPOSITO,00744485002914964810,0355749,1900.00,0 - NO DEFINIDO,MEDIANAS
1185772,2024-03-07,MXP,EFECTIVO,DEPOSITO,00744485082914964810,0788914,4900.00,3775 - GUADALUPE EXPO,MEDIANAS
1185772,2024-03-15,MXP,EFECTIVO,DEPOSITO,00744485082914964810,0897594,6000.00,4485 - MONTERREY CENTRO PRINCIPAL,MEDIANAS
1197600,2024-12-20,MXP,EFECTIVO,RETIRO,00745765000120584754,0537926,100000.00,5765 - PLAYA DEL CARMEN OFNA PRINCIPAL,MEDIANAS
1197600,2024-09-13,MXP,EFECTIVO,RETIRO,00745765000120584754,0468631,40000.00,2725 - PUERTO CANCUN,MEDIANAS
1197600,2024-08-23,MXP,EFECTIVO,RETIRO,00745765000120584754,0516328,49000.00,2725 - PUERTO CANCUN,MEDIANAS
1197600,2024-08-02,MXP,EFECTIVO,RETIRO,00745765000120584754,0702431,50000.00,5762 - CANCUN PLAZA PORTALES,MEDIANAS
1197600,2024-08-30,MXP,EFECTIVO,RETIRO,00745765000120584754,0537510,126000.00,5765 - PLAYA DEL CARMEN OFNA PRINCIPAL,MEDIANAS
1197600,2024-07-26,MXP,EFECTIVO,RETIRO,00745765000120584754,0495650,45000.00,5762 - CANCUN PLAZA PORTALES,MEDIANAS
1197600,2024-07-12,MXP,EFECTIVO,RETIRO,00745765000120584754,0527893,19000.00,5762 - CANCUN PLAZA PORTALES,MEDIANAS
1197600,2024-07-19,MXP,EFECTIVO,RETIRO,00745765000120584754,0549604,49000.00,5762 - CANCUN PLAZA PORTALES,MEDIANAS
1198373,2025-03-12,MXP,EFECTIVO,DEPOSITO,00743607001529864740,0193062,3000.00,0 - NO DEFINIDO,MEDIANAS
1198373,2025-03-11,MXP,EFECTIVO,DEPOSITO,00743607001529864740,1260526,3000.00,4455 - CHIHUAHUA JUAN PABLO II,MEDIANAS
1198373,2025-03-11,MXP,EFECTIVO,DEPOSITO,00743607001529864740,0207366,4000.00,0 - NO DEFINIDO,MEDIANAS
1198373,2025-02-04,MXP,EFECTIVO,DEPOSITO,00743607001529864740,0853451,2250.00,0 - NO DEFINIDO,MEDIANAS
1198373,2025-02-04,MXP,EFECTIVO,DEPOSITO,00743607001529864740,0853452,2500.00,0 - NO DEFINIDO,MEDIANAS
1198373,2025-02-10,MXP,EFECTIVO,DEPOSITO,00743607001529864740,0526850,5000.00,0 - NO DEFINIDO,MEDIANAS
1198373,2025-02-10,MXP,EFECTIVO,DEPOSITO,00743607001529864740,0526851,5000.00,0 - NO DEFINIDO,MEDIANAS
1198373,2025-01-22,MXP,EFECTIVO,DEPOSITO,00743607001529864740,0190695,3000.00,0 - NO DEFINIDO,MEDIANAS
1198373,2025-01-27,MXP,EFECTIVO,DEPOSITO,00743607001529864740,0493747,5000.00,0 - NO DEFINIDO,MEDIANAS
1198373,2024-10-29,MXP,EFECTIVO,DEPOSITO,00743607691529864740,1375369,200.00,6520 - CHICONTEPEC,MEDIANAS
