cdcaso,cdclienteccr,fhaperturaccr,nucuentaccr,nbestatusccr,nbproductoccr,nbsubproductoccr,nbtitularccr,fhcancelacionccr,imsaldoccr
1176615,D1714830,,00741513000118876274,CUENTA ACTIVA,1 - CUENTA DE CHEQUES,,,,0
1176615,D1714830,,00741513000119752161,CUENTA ACTIVA,1 - CUENTA DE CHEQUES,,,,0
1180636,E1395002,,00747696000124019830,CUENTA ACTIVA,1 - CUENTA DE CHEQUES,,,,0
1180636,E1395002,,00747696000124019946,CUENTA ACTIVA,1 - CUENTA DE CHEQUES,,,,0
1180636,E1395002,,00747696000124019989,CUENTA ACTIVA,1 - CUENTA DE CHEQUES,,,,0
1180636,E1395002,,00747696000124029283,CUENTA ACTIVA,1 - CUENTA DE CHEQUES,,,,0
1180636,E1395002,,00747696000124275780,CUENTA ACTIVA,1 - CUENTA DE CHEQUES,,,,0
1180636,E1395002,,00747696000124275810,CUENTA ACTIVA,1 - CUENTA DE CHEQUES,,,,0
1180636,E1395002,,00747696000124275845,CUENTA ACTIVA,1 - CUENTA DE CHEQUES,,,,0
1180636,E1395002,,00747696000124275888,CUENTA ACTIVA,1 - CUENTA DE CHEQUES,,,,0
1180636,E1395002,,00747696000124386906,CUENTA ACTIVA,1 - CUENTA DE CHEQUES,,,,0
1180636,E1395002,,00747696000124386957,CUENTA ACTIVA,1 - CUENTA DE CHEQUES,,,,0
1180636,E1395002,,00747696000124386981,CUENTA ACTIVA,1 - CUENTA DE CHEQUES,,,,0
1180636,E1395002,,00747696000124387201,CUENTA ACTIVA,1 - CUENTA DE CHEQUES,,,,0
1180636,E1395002,,00747696000124387317,CUENTA ACTIVA,1 - CUENTA DE CHEQUES,,,,0
1185772,A4782243,,00744485002914964810,CUENTA ACTIVA,29 - AHORRO,,,,0
1197600,D5631652,,00745765000120584754,CUENTA ACTIVA,1 - CUENTA DE CHEQUES,,,,0
