cdcaso,numcuenta,tptransaccion,cdpaisdestino,cdparaisofiscal,nivelriesgo,numoperaciones,montotransacciones,fhfolio
1176615,00741513380119752161,ENVIADAS,CHINA,,RIESGO 10,2,62744.00,2023
1176615,00741513380119752161,ENVIADAS,ESTADOS UNIDOS,,RIESGO 2,1,38500.00,2023
1185772,00744485002914964810,RECIBIDAS,MEXICO,,RIESGO 2,1,198.16,2023
1176615,00741513380119752161,ENVIADAS,CHINA,,RIESGO 10,6,88753.80,2024
1176615,00741513380119752161,ENVIADAS,CANADA,,RIESGO 2,7,116998.57,2024
1176615,00741513380119752161,ENVIADAS,ESTADOS UNIDOS,,RIESGO 2,7,135858.62,2024
1185772,00744485002914964810,RECIBIDAS,MEXICO,,RIESGO 2,2,275.10,2024
