cdsistema,cdalerta,fhalerta,fhenvio,cdtipologia,cddivisa,cdstalerta,txmotivodescarte,strepaut,scoremc,scoremdl,fhvenlibsia,fhrepaut,fhasignacion,fhvenrev,cdseg,cdsesion,immontoalerta,cdcliente,nucuenta,cdcaso,cdperiodo,cdcte,cdaccion,nbcte,cdoficinagest,nbbanca,cdmatch,imscore,ctmovimiento,cddirecta,nuscorecorte,nbnombrecte,nbappaternocte,nbapmaternocte,nuoper,fhnac,nuedad,cdsector,fhapertura,nbsucapertura,cdcentrosup,nbdivision,nbestado,nbactividad,tpsector,nuantiguedad,cdsucursal,cddirzona,fhgen,cdactividad,nudep,imimportedep,imimporteret,nuret,nucv,imimportecv,cdmovotro,imimpotro,nufolioifi,nbnombre
MDE,202403013601,2024-03-31,2024-04-18,SW,MXP,3,,,0E-8,7.27975951,2024-05-08,2024-06-16,2024-04-20,2024-05-03,PRI,,158634.14,A4782243,00744485002914964810,1071288.0,202404,,ALERTA,ARIADNE GARZA HUGHES,4485 - MONTERREY CENTRO PRINCIPAL,BANCA COMERCIAL,,77.0,3.0,0.0,6.90,ARIADNE GARZA HUGHES,,,,,,,,,,,,EDUCACION,,,,,2024-04-20,,0,0,0,0,0,0,0,0,2024030136,ARIADNE GARZA HUGHES
MDE,202309015801,2023-09-30,2023-10-27,SW,MXP,3,,,0E-8,7.45739608,2023-11-16,2023-12-25,2023-10-31,2023-11-11,PRI,,111390.00,A4782243,00744485002914964810,994651.0,202310,,ALERTA,ARIADNE GARZA HUGHES,4485 - MONTERREY CENTRO PRINCIPAL,BANCA COMERCIAL,,59.0,2.0,0.0,7.00,ARIADNE GARZA HUGHES,,,,,,,,,,,,EDUCACION,,,,,2023-10-31,,0,0,0,0,0,0,0,0,2023090158,ARIADNE GARZA HUGHES
MDE,202501008301,2025-01-31,2025-02-14,SW,MXP,4,,,0E-8,7.27724546,2025-03-06,2025-04-14,2025-02-20,2025-03-01,PRI,,115150.00,A4782243,00744485002914964810,1185772.0,202502,,ALERTA,ARIADNE GARZA HUGHES,4485 - MONTERREY CENTRO PRINCIPAL,BANCA COMERCIAL,,64.0,1.0,0.0,6.90,ARIADNE GARZA HUGHES,,,,,,,,,,,,EDUCACION,,,,,2025-02-20,,0,0,0,0,0,0,0,0,2025010083,ARIADNE GARZA HUGHES
CCC,1073130,2024-05-18,2024-05-18,DC,MXP,4,,,,10.00000000,2024-06-07,2024-07-16,2024-05-18,2024-06-02,000,,0.00,D1714830,0118876274,1084150.0,,D1714830,ALERTA,SERVICIOS INDUSTRIAL ES E INGENIERIA CIVI L CMJ S DE RL DE CV,1513 - PLAZA PLATI2M,BANCA COMERCIAL,,,,,,SERVICIOS INDUSTRIAL ES E INGENIERIA CIVI L CMJ S DE RL DE CV,,,,,,,,,,,,,,,,,2024-05-18,,0,0,0,0,0,0,0,0,,SERVICIOS INDUSTRIAL ES E INGENIERIA CIVI L CMJ S DE RL DE CV
CCC,1122165,2025-02-27,2025-02-27,E3,MXP,3,DESCARTE POR TENER UN CASO PREVIO DE INVESTIGACION NO MAYOR A 6 MESES:404872:SIN DECISION EN SIA,,0E-8,8.45462518,2025-03-19,2025-04-27,,2025-03-14,000,,0.00,D1714830,0118876274,,,D1714830,ALERTA,SERVICIOS INDUSTRIALES E INGENIERIA CIVIL CMJ S DE RL DE CV,,,,,,,,SERVICIOS INDUSTRIALES E INGENIERIA CIVIL CMJ S DE RL DE CV,,,,,,,,,,,,,,,,,,,0,0,0,0,0,0,0,0,,SERVICIOS INDUSTRIALES E INGENIERIA CIVIL CMJ S DE RL DE CV
EFE,9230800069501,2023-06-30,2023-08-07,MD,MXP,3,DESCARTE POR NOTIFICACION NO INUSUAL,,,,2023-08-27,2023-10-05,,2023-08-22,MCO,,550000.00,D1714830,00741513000118876274,,202307,,NOTIFICACION,SERVICIOS INDUSTRIALES E INGENIERIA CIVIL CMJ S DE RL DE CV,1513 - PLAZA PLATI2M,BANCA COMERCIAL,23070810805,87.0,1.0,0.0,3.67,SERVICIOS INDUSTRIALES E INGENIERIA CIVIL CMJ S DE RL DE CV,,,,,,,,,,,,,,,,,,,0,0,0,0,0,0,0,0,,SERVICIOS INDUSTRIALES E INGENIERIA CIVIL CMJ S DE RL DE CV
EFE,9230800069502,2023-06-30,2023-08-07,MP,MXP,3,DESCARTE POR NOTIFICACION NO INUSUAL,,,,2023-08-27,2023-10-05,,2023-08-22,MCO,,1313111.00,D1714830,00741513000118876274,,202307,,NOTIFICACION,SERVICIOS INDUSTRIALES E INGENIERIA CIVIL CMJ S DE RL DE CV,1513 - PLAZA PLATI2M,BANCA COMERCIAL,23070726044,84.0,7.0,0.0,3.67,SERVICIOS INDUSTRIALES E INGENIERIA CIVIL CMJ S DE RL DE CV,,,,,,,,,,,,,,,,,,,0,0,0,0,0,0,0,0,,SERVICIOS INDUSTRIALES E INGENIERIA CIVIL CMJ S DE RL DE CV
SPI,2506271215,2025-06-27,2025-07-01,PS,USD,3,DESCARTE POR TENER UN CASO PREVIO DE INVESTIGACION NO MAYOR A 6 MESES:404872:INUSUAL CONDICIONADA 00,,8.00000000,7.18084833,2025-07-26,2025-08-29,,2025-07-21,MCO,,206135.63,D1714830,00741513000119752161,,202507,0,ALERTA,SERVICIOS INDUSTRIALES E INGENIERIA CIVIL CMJ S DE RL DE CV,1735 - CENTRO PYME CHIHUAHUA PLAZA,BANCA COMERCIAL,2.0250627E12,61.0,4.0,0.0,6.90,SERVICIOS INDUSTRIALES E INGENIERIA CIVIL CMJ S DE RL DE CV,,,,,,M31,,,,,,UB;BACOM,,,,,,,0,0,0,0,0,0,0,0,,SERVICIOS INDUSTRIALES E INGENIERIA CIVIL CMJ S DE RL DE CV
SPI,2506301306,2025-06-30,2025-07-02,PS,USD,3,DESCARTE POR TENER UN CASO PREVIO DE INVESTIGACION NO MAYOR A 6 MESES:404872:INUSUAL CONDICIONADA 00,,8.00000000,7.19047340,2025-07-27,2025-08-30,,2025-07-22,MCO,,203343.63,D1714830,00741513000119752161,,202507,0,ALERTA,SERVICIOS INDUSTRIALES E INGENIERIA CIVIL CMJ S DE RL DE CV,1735 - CENTRO PYME CHIHUAHUA PLAZA,BANCA COMERCIAL,2.025063E12,51.0,3.0,0.0,6.90,SERVICIOS INDUSTRIALES E INGENIERIA CIVIL CMJ S DE RL DE CV,,,,,,M31,,,,,,UB;BACOM,,,,,,,0,0,0,0,0,0,0,0,,SERVICIOS INDUSTRIALES E INGENIERIA CIVIL CMJ S DE RL DE CV
EFE,2402295596601,2024-02-29,2024-03-25,R7,MXP,3,,,,7.89092913,2024-04-14,2024-05-23,2024-03-27,2024-04-09,MCO,,4875100.00,D1714830,00741513000118876274,1061041.0,202403,0,ALERTA,SERVICIOS INDUSTRIALES E INGENIERIA CIVIL CMJ S DE RL DE CV,1513 - PLAZA PLATI2M,BANCA COMERCIAL,24030724273,96.0,1.0,0.0,7.74,SERVICIOS INDUSTRIALES E INGENIERIA CIVIL CMJ S DE RL DE CV,,,,,,,,,,,,UB;BACOM,,,,,2024-03-27,,0,0,0,0,0,0,0,0,,SERVICIOS INDUSTRIALES E INGENIERIA CIVIL CMJ S DE RL DE CV
EFE,2307315770001,2023-07-31,2023-08-28,R7,MXP,3,,,,7.35880456,2023-09-17,2023-10-26,2023-08-31,2023-09-12,MCO,,2829600.00,D1714830,00741513000118876274,968335.0,202308,0,ALERTA,SERVICIOS INDUSTRIALES E INGENIERIA CIVIL CMJ S DE RL DE CV,1513 - PLAZA PLATI2M,BANCA COMERCIAL,23080725229,91.0,9.0,0.0,4.50,SERVICIOS INDUSTRIALES E INGENIERIA CIVIL CMJ S DE RL DE CV,,,,,,,,,,,,UB;BACOM,,,,,2023-08-31,,0,0,0,0,0,0,0,0,,SERVICIOS INDUSTRIALES E INGENIERIA CIVIL CMJ S DE RL DE CV
CCC,1155423,2025-07-26,2025-07-26,RD,MXP,3,:DESCARTE POR TENER UN CASO PREVIO DE INVESTIGACION NO MAYOR A 6 MESES:404872:INUSUAL CONDICIONADA 00,,,10.00000000,2025-08-15,2025-09-23,2025-07-26,2025-08-10,000,,0.00,D1714830,0119752161,1246109.0,,D1714830,ALERTA,,1513 - PLAZA PLATI2M,BANCA COMERCIAL,,,,,,,,,,,,,,,,,,,,,,,2025-07-26,,0,0,0,0,0,0,0,0,,
CBI,2501000828,2024-12-31,2025-01-28,RN,MXP,4,,,,7.53742996,2025-02-17,2025-03-28,2025-01-30,2025-02-12,MCO,,700600.00,D1714830,00741513000118876274,1176615.0,202501,,ALERTA,SERVICIOS INDUSTRIAL ES E INGENIERIA CIVI L CMJ S DE RL DE CV,1513 - PLAZA PLATI2M,BANCA COMERCIAL,,55.0,3.0,0.0,7.00,SERVICIOS INDUSTRIAL ES E INGENIERIA CIVI L CMJ S DE RL DE CV,,,,,,,2022-06-08,,,,,OTROS,,,,,2025-01-30,,0,0,0,0,0,0,0,0,,SERVICIOS INDUSTRIAL ES E INGENIERIA CIVI L CMJ S DE RL DE CV
CHQ,2503001736,2025-02-28,2025-03-24,CQ,MXP,4,,,,7.32766798,2025-04-13,2025-05-22,2025-03-26,2025-04-08,MCO,,300000.00,D5631652,00745765000120584754,1197600.0,202503,,ALERTA,"SUMINISTROS, MATERIA LES,RENTA Y FLETES P ARA OBRAS SA DE CV",5765 - PLAYA DEL CARMEN OFNA PRINCIPAL,BANCA COMERCIAL,,55.0,1.0,0.0,7.20,"SUMINISTROS, MATERIA LES,RENTA Y FLETES P ARA OBRAS SA DE CV",,,,,,,2023-06-17,,,,,TRANSP.MATERIALES DE CONSTRUC,,,,,2025-03-26,,0,0,0,0,0,0,0,0,,"SUMINISTROS, MATERIA LES,RENTA Y FLETES P ARA OBRAS SA DE CV"
AML,51472272,2025-05-07,2025-05-14,M2,MXP,3,DESCARTE POR TENER UN CASO PREVIO DE INVESTIGACION NO MAYOR A 6 MESES:411415:INUSUAL CANCELAR 01,,5.00000000,7.81607452,2025-06-03,2025-07-12,,2025-05-29,MCO,,6575000.00,D5631652,00745765000120584754,,202505,,ALERTA,SUMINISTROS MATERIALES RENTA Y FLETES PARA OBRAS SA DE CV,5765 - PLAYA DEL CARMEN OFNA PRINCIPAL,BANCA COMERCIAL,,483.0,9.0,0.0,7.80,SUMINISTROS MATERIALES RENTA Y FLETES PARA OBRAS SA DE CV,,,,,,,2023-06-17,,,,,TRANSP.MATERIALES DE CONSTRUC,,,,,,,0,0,0,0,0,0,0,0,,SUMINISTROS MATERIALES RENTA Y FLETES PARA OBRAS SA DE CV
EFE,9240200078701,2023-12-29,2024-02-08,MD,MXP,3,DESCARTE POR NOTIFICACION NO INUSUAL,,,,2024-02-28,2024-04-07,,2024-02-23,MCO,,800000.00,D5631652,00745765000120584754,,202401,,NOTIFICACION,"SUMINISTROS, MATERIALES,RENTA Y FLETES PARA OBRAS SA DE CV",5765 - PLAYA DEL CARMEN OFNA PRINCIPAL,BANCA COMERCIAL,24010812973,97.0,1.0,0.0,7.71,"SUMINISTROS, MATERIALES,RENTA Y FLETES PARA OBRAS SA DE CV",,,,,,,,,,,,,,,,,,,0,0,0,0,0,0,0,0,,"SUMINISTROS, MATERIALES,RENTA Y FLETES PARA OBRAS SA DE CV"
EFE,9240200078702,2023-12-29,2024-02-08,MP,MXP,3,DESCARTE POR NOTIFICACION NO INUSUAL,,,,2024-02-28,2024-04-07,,2024-02-23,MCO,,1560000.00,D5631652,00745765000120584754,,202401,,NOTIFICACION,"SUMINISTROS, MATERIALES,RENTA Y FLETES PARA OBRAS SA DE CV",5765 - PLAYA DEL CARMEN OFNA PRINCIPAL,BANCA COMERCIAL,24010728881,86.0,6.0,0.0,7.71,"SUMINISTROS, MATERIALES,RENTA Y FLETES PARA OBRAS SA DE CV",,,,,,,,,,,,,,,,,,,0,0,0,0,0,0,0,0,,"SUMINISTROS, MATERIALES,RENTA Y FLETES PARA OBRAS SA DE CV"
EFE,2503315305201,2025-03-31,2025-04-22,R7,MXP,3,DESCARTE POR TENER UN CASO PREVIO DE INVESTIGACION NO MAYOR A 6 MESES:411415:SIN DECISION EN SIA,,,7.87676530,2025-05-12,2025-06-20,,2025-05-07,MCO,,5600000.00,D5631652,00745765000120584754,,202504,0,ALERTA,"SUMINISTROS, MATERIALES,RENTA Y FLETES PARA OBRAS SA DE CV",5765 - PLAYA DEL CARMEN OFNA PRINCIPAL,BANCA COMERCIAL,25040724533,96.0,11.0,0.0,7.75,"SUMINISTROS, MATERIALES,RENTA Y FLETES PARA OBRAS SA DE CV",,,,,,,,,,,,UB;BACOM,,,,,,,0,0,0,0,0,0,0,0,,"SUMINISTROS, MATERIALES,RENTA Y FLETES PARA OBRAS SA DE CV"
ATM,2025020758,2025-02-28,2025-03-25,RX,MXP,4,,,,7.31668245,2025-04-14,2025-05-23,2025-03-28,2025-04-09,PRI,,24237.26,E1332464,00743607001529864740,1198373.0,202503,,ALERTA,JOVIBIANO SANTIAGO CARMEN,3607 - D.F. SERVICIOS BANCARIOS AL PERSONAL,BANCA COMERCIAL,,55.0,7.0,0.0,7.20,JOVIBIANO SANTIAGO CARMEN,,,,,,,2024-10-29,,,,,,,,,,2025-03-28,,0,0,0,0,0,0,0,0,,JOVIBIANO SANTIAGO CARMEN
EFE,2501315997401,2025-01-31,2025-02-07,R7,MXP,4,,,,9.68108075,2025-02-27,2025-04-07,2025-02-13,2025-02-22,RES,,1181647.00,E1395002,00747696000124019989,1180636.0,202502,0,ALERTA,MUNICIPIO DE ELDORAD O ,7696 - GOBIERNO SINALOA,BEYG,25020727618,83.0,5.0,0.0,7.79,MUNICIPIO DE ELDORAD O ,,,,,,,,,,,,MB;BACOM;BEYG,,,,,2025-02-13,,0,0,0,0,0,0,0,0,,MUNICIPIO DE ELDORAD O 
EFE,2412316727501,2024-12-31,2025-01-10,R7,MXP,3,,,,9.29643009,2025-01-30,2025-03-10,2025-01-14,2025-01-25,RES,,726672.00,E1395002,00747696000124019989,1168766.0,202501,0,ALERTA,MUNICIPIO DE ELDORADO,7696 - GOBIERNO SINALOA,BEYG,25010308888,76.0,4.0,0.0,7.79,MUNICIPIO DE ELDORADO,,,,,,,,,,,,MB;BACOM;BEYG,,,,,2025-01-14,,0,0,0,0,0,0,0,0,,MUNICIPIO DE ELDORADO
