cdcaso,nuctepartccr,nbparticipesccr
1176615,97690262,A 1 ARMANDO SILVESTRE CONTRERAS ANCHONDO
1176615,D1714830,T 1 SERVICIOS INDUSTRIALES E INGENIERIA CIVIL CMJ S DE RL DE CV
1180636,75816071,A 1 MANUEL ALFREDO CAMPAS DUARTE
1180636,75816071,A 2 MANUEL ALFREDO CAMPAS DUARTE
1180636,E1395002,
1180636,E1447669,A 1 FAUSTINO TORRES NUÑEZ
1185772,A2480820,U 1 PEDRO GARZA RAMIREZ
1185772,A4782243,T 1 ARIADNE GARZA HUGHES
1197600,D5631652,"T 1 SUMINISTROS, MATERIALES,RENTA Y FLETES PARA OBRAS SA DE CV"
1197600,J2018888,A 1 DARWIN ANGEL HERRERA MEX
1198373,98903126,T 1 ALEJANDRO PEREZ CORONA
1198373,98903258,B 1 BRENDA SARAHI PEREZ ORTEGA
1198373,98903277,B 2 ANDRES PEREZ ORTEGA
1198373,98903330,B 3 SEBASTIAN PEREZ CORTEZ
1198373,98903339,B 4 ROSSANA PEREZ CORTEZ
1198373,E1332464,T 1 JOVIBIANO SANTIAGO CARMEN
