cdSistema,cdAlerta,fhAlerta,fhEnvio,cdTipologia,cdDivisa,scoreMdl,fhVenLibSia,fhAsignacion,cdSeg,imMontoAlerta,cdCliente,nuCuenta,cdCaso,cdPeriodo,cdCte,cdAccion,nbCte,tpPerJuri,cdOficinaGest,nbBanca,imScore,ctMovimiento,cdDirecta,nuScoreCorte,nbActividad
MDE,202403013601,2024-03-31,2024-04-18,SW,MXP,7.27975951,2024-05-08,2024-04-20,PRI,158634.14,A4782243,00744485002914964810,1071288,202404,,ALERTA,ARIADNE GARZA HUGHES,PERSONA FISICA,4485 - MONTERREY CENTRO PRINCIPAL,BANCA COMERCIAL,77,3,0,6.90,EDUCACION
MDE,202309015801,2023-09-30,2023-10-27,SW,MXP,7.45739608,2023-11-16,2023-10-31,PRI,111390.00,A4782243,00744485002914964810,994651,202310,,ALERTA,ARIADNE GARZA HUGHES,PERSONA FISICA,4485 - MONTERREY CENTRO PRINCIPAL,BANCA COMERCIAL,59,2,0,7.00,EDUCACION
MDE,202501008301,2025-01-31,2025-02-14,SW,MXP,7.27724546,2025-03-06,2025-02-20,PRI,115150.00,A4782243,00744485002914964810,1185772,202502,,ALERTA,ARIADNE GARZA HUGHES,PERSONA FISICA,4485 - MONTERREY CENTRO PRINCIPAL,BANCA COMERCIAL,64,1,0,6.90,EDUCACION
CCC,1073130,2024-05-18,2024-05-18,DC,MXP,10.00000000,2024-06-07,2024-05-18,000,0.00,D1714830,0118876274,1084150,,D1714830,ALERTA,SERVICIOS INDUSTRIAL ES E INGENIERIA CIVI L CMJ S DE RL DE CV,,1513 - PLAZA PLATI2M,BANCA COMERCIAL,,,,,
CCC,1122165,2025-02-27,2025-02-27,E3,MXP,8.45462518,2025-03-19,,000,0.00,D1714830,0118876274,,,D1714830,ALERTA,SERVICIOS INDUSTRIALES E INGENIERIA CIVIL CMJ S DE RL DE CV,,,,,,,,
EFE,9230800069501,2023-06-30,2023-08-07,MD,MXP,,2023-08-27,,MCO,550000.00,D1714830,00741513000118876274,,202307,,NOTIFICACION,SERVICIOS INDUSTRIALES E INGENIERIA CIVIL CMJ S DE RL DE CV,PERSONA MORAL,1513 - PLAZA PLATI2M,BANCA COMERCIAL,87,1,0,3.67,
EFE,9230800069502,2023-06-30,2023-08-07,MP,MXP,,2023-08-27,,MCO,1313111.00,D1714830,00741513000118876274,,202307,,NOTIFICACION,SERVICIOS INDUSTRIALES E INGENIERIA CIVIL CMJ S DE RL DE CV,PERSONA MORAL,1513 - PLAZA PLATI2M,BANCA COMERCIAL,84,7,0,3.67,
SPI,2506271215,2025-06-27,2025-07-01,PS,USD,7.18084833,2025-07-26,,MCO,206135.63,D1714830,00741513000119752161,,202507,0,ALERTA,SERVICIOS INDUSTRIALES E INGENIERIA CIVIL CMJ S DE RL DE CV,PERSONA MORAL,1735 - CENTRO PYME CHIHUAHUA PLAZA,BANCA COMERCIAL,61,4,0,6.90,UB;BACOM
SPI,2506301306,2025-06-30,2025-07-02,PS,USD,7.19047340,2025-07-27,,MCO,203343.63,D1714830,00741513000119752161,,202507,0,ALERTA,SERVICIOS INDUSTRIALES E INGENIERIA CIVIL CMJ S DE RL DE CV,PERSONA MORAL,1735 - CENTRO PYME CHIHUAHUA PLAZA,BANCA COMERCIAL,51,3,0,6.90,UB;BACOM
EFE,2402295596601,2024-02-29,2024-03-25,R7,MXP,7.89092913,2024-04-14,2024-03-27,MCO,4875100.00,D1714830,00741513000118876274,1061041,202403,0,ALERTA,SERVICIOS INDUSTRIALES E INGENIERIA CIVIL CMJ S DE RL DE CV,PERSONA MORAL,1513 - PLAZA PLATI2M,BANCA COMERCIAL,96,1,0,7.74,UB;BACOM
EFE,2307315770001,2023-07-31,2023-08-28,R7,MXP,7.35880456,2023-09-17,2023-08-31,MCO,2829600.00,D1714830,00741513000118876274,968335,202308,0,ALERTA,SERVICIOS INDUSTRIALES E INGENIERIA CIVIL CMJ S DE RL DE CV,PERSONA MORAL,1513 - PLAZA PLATI2M,BANCA COMERCIAL,91,9,0,4.50,UB;BACOM
CCC,1155423,2025-07-26,2025-07-26,RD,MXP,10.00000000,2025-08-15,2025-07-26,000,0.00,D1714830,0119752161,1246109,,D1714830,ALERTA,,,1513 - PLAZA PLATI2M,BANCA COMERCIAL,,,,,
CBI,2501000828,2024-12-31,2025-01-28,RN,MXP,7.53742996,2025-02-17,2025-01-30,MCO,700600.00,D1714830,00741513000118876274,1176615,202501,,ALERTA,SERVICIOS INDUSTRIAL ES E INGENIERIA CIVI L CMJ S DE RL DE CV,PERSONA MORAL,1513 - PLAZA PLATI2M,BANCA COMERCIAL,55,3,0,7.00,OTROS
CHQ,2503001736,2025-02-28,2025-03-24,CQ,MXP,7.32766798,2025-04-13,2025-03-26,MCO,300000.00,D5631652,00745765000120584754,1197600,202503,,ALERTA,"SUMINISTROS, MATERIA LES,RENTA Y FLETES P ARA OBRAS SA DE CV",PERSONA MORAL,5765 - PLAYA DEL CARMEN OFNA PRINCIPAL,BANCA COMERCIAL,55,1,0,7.20,TRANSP.MATERIALES DE CONSTRUC
AML,51472272,2025-05-07,2025-05-14,M2,MXP,7.81607452,2025-06-03,,MCO,6575000.00,D5631652,00745765000120584754,,202505,,ALERTA,SUMINISTROS MATERIALES RENTA Y FLETES PARA OBRAS SA DE CV,PERSONA MORAL,5765 - PLAYA DEL CARMEN OFNA PRINCIPAL,BANCA COMERCIAL,483,9,0,7.80,TRANSP.MATERIALES DE CONSTRUC
EFE,9240200078701,2023-12-29,2024-02-08,MD,MXP,,2024-02-28,,MCO,800000.00,D5631652,00745765000120584754,,202401,,NOTIFICACION,"SUMINISTROS, MATERIALES,RENTA Y FLETES PARA OBRAS SA DE CV",PERSONA MORAL,5765 - PLAYA DEL CARMEN OFNA PRINCIPAL,BANCA COMERCIAL,97,1,0,7.71,
EFE,9240200078702,2023-12-29,2024-02-08,MP,MXP,,2024-02-28,,MCO,1560000.00,D5631652,00745765000120584754,,202401,,NOTIFICACION,"SUMINISTROS, MATERIALES,RENTA Y FLETES PARA OBRAS SA DE CV",PERSONA MORAL,5765 - PLAYA DEL CARMEN OFNA PRINCIPAL,BANCA COMERCIAL,86,6,0,7.71,
EFE,2503315305201,2025-03-31,2025-04-22,R7,MXP,7.87676530,2025-05-12,,MCO,5600000.00,D5631652,00745765000120584754,,202504,0,ALERTA,"SUMINISTROS, MATERIALES,RENTA Y FLETES PARA OBRAS SA DE CV",PERSONA MORAL,5765 - PLAYA DEL CARMEN OFNA PRINCIPAL,BANCA COMERCIAL,96,11,0,7.75,UB;BACOM
ATM,2025020758,2025-02-28,2025-03-25,RX,MXP,7.31668245,2025-04-14,2025-03-28,PRI,24237.26,E1332464,00743607001529864740,1198373,202503,,ALERTA,JOVIBIANO SANTIAGO CARMEN,PERSONA FISICA,3607 - D.F. SERVICIOS BANCARIOS AL PERSONAL,BANCA COMERCIAL,55,7,0,7.20,
EFE,2501315997401,2025-01-31,2025-02-07,R7,MXP,9.68108075,2025-02-27,2025-02-13,RES,1181647.00,E1395002,00747696000124019989,1180636,202502,0,ALERTA,MUNICIPIO DE ELDORAD O,PERSONA MORAL,7696 - GOBIERNO SINALOA,BEYG,83,5,0,7.79,MB;BACOM;BEYG
EFE,2412316727501,2024-12-31,2025-01-10,R7,MXP,9.29643009,2025-01-30,2025-01-14,RES,726672.00,E1395002,00747696000124019989,1168766,202501,0,ALERTA,MUNICIPIO DE ELDORADO,PERSONA MORAL,7696 - GOBIERNO SINALOA,BEYG,76,4,0,7.79,MB;BACOM;BEYG
