NU_CLIENTE|CD_RETORNO|NB_CLIENTE|TP_PERSONA|CD_SUBTIPO|NB_BANCA_CLIENTE|NB_SUC_GESTORA|FH_APERTURA|NB_REGIMEN_SIMPLIF|NB_ACTIVIDAD|NB_COMP_EMPLEADO|NB_REL_NEGOCIO|NB_ANTIG_NEGOCIO|IM_INSTRUMENTO|CD_ENT_FED_ORIGEN|CD_ENT_FED_DESTINO|IM_TRANS_INT|CD_ENT_FED_INT_ORI|CD_ENT_FED_INT_DES|IM_TRANS_NACIONAL|CD_ENT_FED_NAL_ORI|CD_ENT_FED_NAL_DES|IM_EFECTIVO|TO_DEPOSITO_EFE|CD_ENT_FED_CLIENTE|NB_JUST_TRANS|NB_JUST_EFECTIVO|NB_PUESTO_PER_PEP|NB_PERSONA_PEP|TP_RELACION_PEP|NB_RELACION_PEP|FA_RIESGO|CD_MEDIO_RIESGO|CD_PAIS_RESIDENCIA|CD_NACIONALIDAD|NB_JUST_CUENTA|NB_PROCEDENCIA_REC|NB_FUENTE_INGRESO|NB_CONYUGE|FH_NACIMIENTO|TP_REL_PER|PC_PARTICIPACION|NB_CLIENTE_TERCERO|NU_PODER_TERCERO|NB_RAZON_TERCERO|NB_PUNTO_ASIGNADO|CD_ACTIVIDAD_ECON|IM_INSTRUMENTO_MON|IM_TRANSF_ORIGEN|IM_NEG_CAL_RIESGO|IM_DOM_CUENTA|CD_PROD_SUBPROD|NB_SUCURSAL|IM_TOTAL_TRANSAC|FH_ANIV_CLIENTE|CD_IND_RIESGO|FH_MONIT_CLIENTE|CD_CAL_MONITOREO|CD_MONIT_CUENTA|CD_SIST_DETEC|CT_EMPLEADO|NU_FAC_TP_CTE|NU_FAC_ACT_ECON|NU_FAC_OCUP|NU_FAC_RGO_PAIS|NU_FAC_PROD_SERV|NU_FAC_OP_HAB|NU_FAC_INTERV|NU_FAC_SUC|NU_FAC_CANAL|NU_FAC_ANIGUEDAD|NU_FAC_EDAD|NU_CALIF_TOTAL|NB_MOTIVO_RIESGO|CD_CASO|FH_CAMB_RIESGO|FH_ALTO_RIESGO|FH_MODIF_RIESGO|CD_ORIG_FAC_BAJO|CD_ORIG_FAC_ALTO|FH_PROCESO|NB_FRECUENCIA|IM_OP_ENV_USD|NU_OP_ENV_USD|IM_OP_REC_USD|NU_OP_REC_USD|TX_PROP_CTA_USD|TX_MOTIVO_MOD_USD|ST_SPID|ST_CALIF_SPID|NU_OP_MON|NU_OP_INT|NU_OP_NAC|NU_OP_EFE|NB_NOMBRE_PR|FH_NACIMIENTO_PR|CD_RFC_PR|NB_NOMBRE_GR_PR|CD_CURP_PR|CD_FEA_PR|NB_OCUPACION_PR|CD_ACTIVIDAD_PR|CD_CALLE_PR|NU_EXT_PR|NU_INT_PR|CD_COLONIA_PR|CD_POSTAL_PR|CD_ESTADO|NB_POBLACION|CD_PAIS|IM_TP_CLIENTE|IM_ACTIVIDAD_ECON|IM_OCUPACION|IM_RIESGO|IM_PRODUCTO|IM_OPERATIVA|IM_INTERVINIENTE|IM_SUCURSAL|IM_CAPTACION|IM_ANTIGUEDAD|IM_EDAD|IM_TOTAL_RBA
D1714830|00|SERVICIOS INDUSTRIALES E INGENIERIA CIVIL CMJ S DE RL DE CV|M|31|CONSOLIDADO BANCA COMERCIAL|1513   PLAZA PLATINUM|||||001 BBVA MEXICO ES PROVEEDOR SECUNDARIO SERV. F|001 MENOS DE 1 ANO|000 300 000|||000 300 000|||010 000 000|CH|CH|000 014 000|010 000 000|CH|ACTIVIDADES PROPIAS DE LA EMPR|RECEPCION Y PAGO DE CREDITOS|||||B||MEX||RECEPCION DE PAGOS|07 ACTIVIDAD PROPIA DEL NEGOCIO|07 INGRESOS POR SERV.||||||||||03.000|01.000|01.000|00.000|00.000|00.000|05.500||||0000|||6|0.65|1.04|0.91|0.26|0.56|1|0.25|0.6|0.18|0.6|0.3|6.35||968335|30/04/23|01/01/01|01/01/01||RBT|31/08/23|MENSUAL|200000|10|200000|12|RECEPCION Y PAGO DE CREDITOS|APERTURA DE CUENTA EN DOLARES|S|MEDIO|5|0|50|1||||||||||||||||||||||||||||
A4782243|00|ARIADNE GARZA HUGHES|F|32|CONSOLIDADO BANCA COMERCIAL|4485 MONTERREY CENTRO PRINCIPAL|||ESTUDIANTE||003 BBVA MEXICO ES PROVEEDOR PRINCIPAL SERV. FI|001 MENOS DE 1 ANO|000 100 000|||000 100 000|||000 100 000|||000 010 000|000 100 000||||||||C||MEX|MEX||||||||||||999|00.000|00.000|00.500|00.000|00.000|00.250|01.250||||0000||||0|0|0|0|0|0|0|0|0|0|0|0||994651|29/01/18|01/01/01|01/01/01||RBT|31/10/23||0|0|0|0|||||0|0|0|0||||||||||||||||||||||||||||
D1714830|00|SERVICIOS INDUSTRIALES E INGENIERIA CIVIL CMJ S DE RL DE CV|M|31|CONSOLIDADO BANCA COMERCIAL|1513   PLAZA PLATINUM|||||001 BBVA MEXICO ES PROVEEDOR SECUNDARIO SERV. F|001 MENOS DE 1 ANO|000 300 000|||000 300 000|||010 000 000|CH|CH|000 014 000|010 000 000|CH|ACTIVIDADES PROPIAS DE LA EMPR|RECEPCION Y PAGO DE CREDITOS|||||B||MEX||RECEPCION DE PAGOS|07 ACTIVIDAD PROPIA DEL NEGOCIO|07 INGRESOS POR SERV.||||||||||03.000|01.000|01.000|00.000|00.000|00.000|05.500||||0000|||6|0.65|1.04|0.91|0.26|0.56|1|0.25|0.6|0.18|0.6|0.3|6.35||1061041|30/04/23|01/01/01|01/01/01||RBT|27/03/24|MENSUAL|200000|10|200000|12|RECEPCION Y PAGO DE CREDITOS|APERTURA DE CUENTA EN DOLARES|S|MEDIO|5|0|50|1||||||||||||||||||||||||||||
A4782243|00|ARIADNE GARZA HUGHES|F|32|CONSOLIDADO BANCA COMERCIAL|4485 MONTERREY CENTRO PRINCIPAL|||ESTUDIANTE||003 BBVA MEXICO ES PROVEEDOR PRINCIPAL SERV. FI|001 MENOS DE 1 ANO|000 100 000|||000 100 000|||000 100 000|||000 010 000|000 100 000||||||||C||MEX|MEX||||||||||||999|00.000|00.000|00.500|00.000|00.000|00.250|01.250||||0000||||0|0|0|0|0|0|0|0|0|0|0|0||1071288|29/01/18|01/01/01|01/01/01||RBT|20/04/24||0|0|0|0|||||0|0|0|0||||||||||||||||||||||||||||
D1714830|00|SERVICIOS INDUSTRIALES E INGENIERIA CIVIL CMJ S DE RL DE CV|M|31|CONSOLIDADO BANCA COMERCIAL|1513   PLAZA PLATINUM|||||001 BBVA MEXICO ES PROVEEDOR SECUNDARIO SERV. F|001 MENOS DE 1 ANO|000 300 000|||000 300 000|||010 000 000|CH|CH|000 014 000|010 000 000|CH|ACTIVIDADES PROPIAS DE LA EMPR|RECEPCION Y PAGO DE CREDITOS|||||B||MEX||RECEPCION DE PAGOS|07 ACTIVIDAD PROPIA DEL NEGOCIO|07 INGRESOS POR SERV.||||||||||03.000|01.000|01.000|00.000|00.000|00.000|05.500||||0000|||6|0.65|1.04|0.91|0.26|0.56|1|0.25|0.6|0.18|0.6|0.3|6.35||1084150|30/04/23|01/01/01|01/01/01||RBT|18/05/24|MENSUAL|200000|10|200000|12|RECEPCION Y PAGO DE CREDITOS|APERTURA DE CUENTA EN DOLARES|S|MEDIO|5|0|50|1||||||||||||||||||||||||||||
D1714830|00|SERVICIOS INDUSTRIALES E INGENIERIA CIVIL CMJ S DE RL DE CV|M|31|CONSOLIDADO BANCA COMERCIAL|1513   PLAZA PLATINUM|||||001 BBVA MEXICO ES PROVEEDOR SECUNDARIO SERV. F|002 DE 1 A 3 ANOS|000 300 000|||000 500 000|MEX|EUA|015 000 000|CH|CH|000 014 000|015 800 000|CH|RECEPCION Y PAGO A PROCEDORES|RECEPCION Y PAGO DE CREDITOS|||||A||MEX||RECEPCION DE PAGOS|07 ACTIVIDAD PROPIA DEL NEGOCIO|07 INGRESOS POR SERV.||||||||||04.000|01.000|00.750|00.000|00.000|00.000|06.250||||0000|||6|0.65|1.04|0.91|0.26|0.56|1|0.25|0.6|0.18|0.6|0.3|6.35||1176615|31/10/24|31/10/24|01/01/01||RBT|30/01/25|MENSUAL|200000|10|200000|12|PAGO A PROVEEDORES Y RECEPCION DE COBRANZA|APERTURA DE CUENTA EN DOLARES|S|ALTO|5|10|300|5||||||||||||||||||||||||||||
E1332464|00|JOVIBIANO SANTIAGO CARMEN|F|32|CONSOLIDADO BANCA COMERCIAL||||||||000 000 000|||000 000 000|||000 000 000|||000 000 000|000 000 000||||||||C||MEX|MEX|||||||||||||00.000|00.000|00.000|00.000|00.000|00.000|00.000||||0000||||0|0|0|0|0|0|0|0|0|0|0|0||1198373|31/10/24|01/01/01|01/01/01||RBT|28/03/25||0|0|0|0|||||0|0|0|0||||||||||||||||||||||||||||
D5631652|00|SUMINISTROS  MATERIALES RENTA Y FLETES PARA OBRAS SA DE CV|M|31|CONSOLIDADO BANCA COMERCIAL|5765 PLAYA DEL CARMEN OFNA PRINCIPAL|||||001 BBVA MEXICO ES PROVEEDOR SECUNDARIO SERV. F|002 DE 1 A 3 ANOS|005 000 000|||000 300 000|||005 000 000|QR|QR|000 014 000|010 000 000|QR|RECEPCION DE PAGOS|RECEPCION DE COBRANZA|||||B||MEX||RECEPCION DE PAGOS|04 VENTA DE ACTIVOS|04 INGRESOS POR SERV.||||||||||03.000|00.250|00.750|00.000|00.000|00.000|04.500||||0000|||5|0.65|1.04|0.65|0.26|0.56|0.1|0.25|0.6|0.18|0.6|0.3|5.19||1197600|31/10/23|01/01/01|01/01/01||RII|26/03/25||0|0|0|0|||N||100|0|100|0||||||||||||||||||||||||||||
A4782243|00|ARIADNE GARZA HUGHES|F|32|CONSOLIDADO BANCA COMERCIAL|4485 MONTERREY CENTRO PRINCIPAL|||ESTUDIANTE||003 BBVA MEXICO ES PROVEEDOR PRINCIPAL SERV. FI|001 MENOS DE 1 ANO|000 100 000|||000 100 000|||000 100 000|||000 010 000|000 100 000||||||||C||MEX|MEX||||||||||||999|00.000|00.000|00.500|00.000|00.000|00.250|01.250||||0000||||0|0|0|0|0|0|0|0|0|0|0|0||1185772|29/01/18|01/01/01|01/01/01||RBT|20/02/25||0|0|0|0|||||0|0|0|0||||||||||||||||||||||||||||
