CD_ALERTA|CD_SISTEMA|NU_PREGUNTA|TX_RESPUESTA
202501008301|MDE|0|F
202501008301|MDE|1|69999001700
202501008301|MDE|2|N
202501008301|MDE|2.1|Por que es menor de edad
202501008301|MDE|3|1
202501008301|MDE|4|N
202501008301|MDE|5|-
202501008301|MDE|6|6
202501008301|MDE|6.1|Por que las operaciones no concuerdan a un menor de edad
202501008301|MDE|7|S
202501008301|MDE|7.1|Por que las operaciones no concuerdan a un meor de edad
202501008301|MDE|8|N
202501008301|MDE|9|-
202501008301|MDE|10|-
202501008301|MDE|11|N
202501008301|MDE|12|-
202501008301|MDE|13|-
2501000828|CBI|0|B
2501000828|CBI|1|41110271000
2501000828|CBI|2|S
2501000828|CBI|2.1|-
2501000828|CBI|3|2
2501000828|CBI|4|N
2501000828|CBI|5|-
2501000828|CBI|6|1
2501000828|CBI|6.1|YA QUE SUS DEPOSITOS REGULARMENTE SON ALTOS DERIVADOS A LA CONSTRUCCION
2501000828|CBI|7|N
2501000828|CBI|7.1|NORMALES Y POR UNICA OCACION
2501000828|CBI|8|N
2501000828|CBI|9|-
2501000828|CBI|10|-
2501000828|CBI|11|N
2501000828|CBI|12|-
2501000828|CBI|13|-
2501315997401|EFE|0|G
2501315997401|EFE|1|Gobierno Municipal
2501315997401|EFE|2|Principlaes clientes son los contribuyentes/ciudadanos
2501315997401|EFE|3|S
2501315997401|EFE|3.1|-
2501315997401|EFE|4|1
2501315997401|EFE|5|N
2501315997401|EFE|6|-
2501315997401|EFE|7|-
2501315997401|EFE|8|-
2501315997401|EFE|9|CC
2501315997401|EFE|9.1|Banca de Gobierno
2501315997401|EFE|10|Es municipio de reciente creación el pasado 1 de noviembre 2024.
2501315997401|EFE|11|2
2501315997401|EFE|11.1|Porque son pagos de impuestos que realizan los contribuyentes/ciudadanos en las oficinas de recaudación del municipio de Eldorado, siendo así actividades recurrentes, ya iniciamos con la contratación de productos electrónicos para disminuir el uso de efectivo. 
2501315997401|EFE|12|N
2501315997401|EFE|12.1|Porque son pagos de impuestos que realizan los contribuyentes/ciudadanos en las oficinas de recaudación del municipio de Eldorado, siendo así actividades recurrentes, ya iniciamos con la contratación de productos electrónicos para disminuir el uso de efectivo. 
2501315997401|EFE|13|Se han realizado múltiples visitas desde el mes de julio del 2024, antes que se constituyera formalmente el municipio, se confirma que el domicilio registrado es correcto y cuneta con logo y nombre de el municipio de Eldorado en el exterior.
2501315997401|EFE|14|N
2501315997401|EFE|15|-
2501315997401|EFE|16|-
2501315997401|EFE|17|-
2501315997401|EFE|17.1|-
2501315997401|EFE|18|-
2501315997401|EFE|18.1|-
2501315997401|EFE|19|N
2501315997401|EFE|20|-
2501315997401|EFE|21|-
2503001736|CHQ|0|F
2503001736|CHQ|1|71210151300
2503001736|CHQ|2|S
2503001736|CHQ|2.1|-
2503001736|CHQ|3|2
2503001736|CHQ|4|N
2503001736|CHQ|5|-
2503001736|CHQ|6|2
2503001736|CHQ|6.1|CLIENTE CON TRANSACCIONALIDAD CORRESPONDIENTE A SU ACTIVIDAD ECONOMICA
2503001736|CHQ|7|N
2503001736|CHQ|7.1|CLIENTE CON TRANSACCIONALIDAD CORRESPONDIENTE A SU ACTIVIDAD ECONOMICA
2503001736|CHQ|8|N
2503001736|CHQ|9|-
2503001736|CHQ|10|-
2503001736|CHQ|11|N
2503001736|CHQ|12|-
2503001736|CHQ|13|-
