CD_FOLIO_CONSEC|CD_CASO|FH_PROCESO|CD_REFERENCIA|NU_CUENTA|FH_REPORTE|CD_ORG_REGULADOR|CD_ENTIDAD|FH_FOLIO|TP_TRANSACC|NB_CORRESPONSAL|NB_ENTIDAD_ORIGEN|NB_ENTIDAD_DESTINO|CD_BIC_ABA|TX_DAT_DESTINATARI|TX_DATOS_ORDENANTE|NB_OPER_ORIGEN|NB_OPER_DESTINO|CD_INSTRUMENTO|TX_MENSAJE|NB_APODERA_LEGAL|CD_FIEL|IM_INST_CAMBIO|NU_CLIENTE|CD_FOLIO_ANTERIOR|CD_MONEDA|CD_BIC_EMISOR|CD_BIC_RECEPT|IM_INSTRUMENTO|CD_PAIS_ORI|CD_PAIS_BENEF|TP_ETIQUETA_DES|TX_DIRECCION_DES|TP_ETIQUETA_ORD|TX_DIRECCION_ORD|NB_DESTINATARIO|NB_ORDENANTE|NB_CTE_NORMALIZADO|ST_POS_LIQUIDADA|ST_POS_CANCELADA|TP_LIQUIDADA|NB_REP_FINAL
2024-MT103|1176615|30/01/25|1198549880011002|00741513380119752161|17/01/24|01-002|40-012|16/01/24|E|BCMRMXMMAPYM|BCMRMXMMAPYM|IRVTUS3NXXXX|//FW026005092?WELLS FARGO BANK, NAT|:/4600988?1/GREG KITT ENTERPRISES INC?2/4903 GAETZ AVENUE RED DEER ALBERT?3/US/UNITED STATES|/0074.1513.38.0119752161?1/SERVICIOS INDUSTRIALES E INGEN?2/C JOSE MARIANO ACOSTA 3723?2/JOSE MARIA PONCE DE LEON CHIHUAHU?3/MX/MEXICO|USD39235|USD39235|12|CASIOPEA002|ARMANDO SILVESTRE CONTRERAS ANCHONDO|0|39235|D1714830||USD|BCMRMXMMAPYM|IRVTUS3NXXXX|39235|MX|US||||REPORTE_FINAL||||||EXTRANJERO|
2024-MT103|1176615|30/01/25|1198634919011002|00741513380119752161|24/01/24|01-002|40-012|24/01/24|E|BCMRMXMMAPYM|BCMRMXMMAPYM|IRVTUS3NXXXX|//FW026005092?WELLS FARGO BANK, NAT|:/4600988?1/GREG KITT ENTERPRISES INC?2/4903 GAETZ AVENUE RED DEER?3/US/UNITED STATES|/0074.1513.38.0119752161?1/SERVICIOS INDUSTRIALES E INGEN?2/C JOSE MARIANO ACOSTA 3723?2/JOSE MARIA PONCE DE LEON CHIHUAHU?3/MX/MEXICO|USD6500|USD6500|12|007|ARMANDO SILVESTRE CONTRERAS ANCHONDO|0|6500|D1714830||USD|BCMRMXMMAPYM|IRVTUS3NXXXX|6500|MX|US||||REPORTE_FINAL||||||EXTRANJERO|
2024-MT103|1176615|30/01/25|1198976970011002|00741513380119752161|26/02/24|01-002|40-012|23/02/24|E|BCMRMXMMBPYM|BCMRMXMMBPYM|CIBCCATTXXXX|BANK OF MONTREAL?129 RUE SAINT-JACK|:/4600988?1/GREG KITT ENTERPRISES INC?2/4903 GAETZ AVENUE RED DEER ALBERT?3/CA/CANADA|/0074.1513.38.0119752161?1/SERVICIOS INDUSTRIALES E INGEN?2/C JOSE MARIANO ACOSTA 3723?2/JOSE MARIA PONCE DE LEON CHIHUAHU?3/MX/MEXICO|USD100|USD100|12|NEVACO FALTANTE|ARMANDO SILVESTRE CONTRERAS ANCHONDO|0|100|D1714830||USD|BCMRMXMMBPYM|CIBCCATTXXXX|100|MX|CA||||REPORTE_FINAL||||||EXTRANJERO|
2024-MT103|1176615|30/01/25|1198635217011002|00741513380119752161|24/01/24|01-002|40-012|24/01/24|E|BCMRMXMMAPYM|BCMRMXMMAPYM|IRVTUS3NXXXX|//FW026005092?WELLS FARGO BANK, NAT|:/4600988?1/GREG KITT ENTERPRISES INC?2/4903 GAETZ AVENUE RED DEER ALBERT?3/US/UNITED STATES|/0074.1513.38.0119752161?1/SERVICIOS INDUSTRIALES E INGEN?2/C JOSE MARIANO ACOSTA 3723?2/JOSE MARIA PONCE DE LEON CHIHUAHU?3/MX/MEXICO|USD39235|USD39235|12|008|ARMANDO SILVESTRE CONTRERAS ANCHONDO|0|39235|D1714830||USD|BCMRMXMMAPYM|IRVTUS3NXXXX|39235|MX|US||||REPORTE_FINAL||||||EXTRANJERO|
2024-MT103|1176615|30/01/25|1198483566011002|00741513380119752161|11/01/24|01-002|40-012|10/01/24|E|BCMRMXMMBPYM|BCMRMXMMBPYM|BKTRUS33XXXX|HZCBCN2HFYB|:/3301040160010596206?1/HANGZHOU DARLLY?2/XINDENG INDUSTRIAL PARK 311404?3/CN/CHINA|/0074.1513.38.0119752161?1/SERVICIOS INDUSTRIALES E INGEN?2/C JOSE MARIANO ACOSTA 3723?2/JOSE MARIA PONCE DE LEON CHIHUAHU?3/MX/MEXICO|USD6190|USD6190|12|006|ARMANDO SILVESTRE CONTRERAS ANCHONDO|0|6190|D1714830||USD|BCMRMXMMBPYM|BKTRUS33XXXX|6190|MX|CN||||REPORTE_FINAL||||||EXTRANJERO|
2024-MT103|1176615|30/01/25|1198469511011002|00741513380119752161|10/01/24|01-002|40-012|09/01/24|E|BCMRMXMMBPYM|BCMRMXMMBPYM|BKTRUS33XXXX|HZCBCN2HFYB|:/3301040160010596206?1/HANGZHOU DARLLY FILTRATION?2/XINDENG INDUSTRIAL PROVINCE 31140?3/CN/CHINA|/0074.1513.38.0119752161?1/SERVICIOS INDUSTRIALES E INGEN?2/C JOSE MARIANO ACOSTA 3723?2/JOSE MARIA PONCE DE LEON CHIHUAHU?3/MX/MEXICO|USD12922.56|USD12922.56|12|005|ARMANDO SILVESTRE CONTRERAS ANCHONDO|0|12922.56|D1714830||USD|BCMRMXMMBPYM|BKTRUS33XXXX|12922.56|MX|CN||||REPORTE_FINAL||||||EXTRANJERO|
2024-MT103|1176615|30/01/25|1198689909011002|00741513380119752161|30/01/24|01-002|40-012|29/01/24|E|BCMRMXMMAPYM|BCMRMXMMAPYM|TDOMCATTXTOR|BANK OF MONTREAL?129 RUE SAINT-JACK|:/4600988?1/GREG KITT ENTERPRISES INC?2/PO BOX 454 201 WATERLOO STREET VE?3/CA/CANADA|/0074.1513.38.0119752161?1/SERVICIOS INDUSTRIALES E INGEN?2/C JOSE MARIANO ACOSTA 3723?2/JOSE MARIA PONCE DE LEON CHIHUAHU?3/MX/MEXICO|USD6500|CAD7886.01|12|NEVACO DLS 001|ARMANDO SILVESTRE CONTRERAS ANCHONDO|0|5850.1545|D1714830||CAD|BCMRMXMMAPYM|TDOMCATTXTOR|7886.01|MX|CA||||REPORTE_FINAL||||||EXTRANJERO|
2024-MT103|1176615|30/01/25|1198943928011002|00741513380119752161|22/02/24|01-002|40-012|21/02/24|E|BCMRMXMMBPYM|BCMRMXMMBPYM|IRVTUS3NXXXX|BOFMCAM2|:/4600988?1/GREG KITT ENTERPRISES INC?2/4903 GAETZ AVENUE RED DEER ALBERT?3/CA/CANADA|/0074.1513.38.0119752161?1/SERVICIOS INDUSTRIALES E INGEN?2/C JOSE MARIANO ACOSTA 3723?2/JOSE MARIA PONCE DE LEON CHIHUAHU?3/MX/MEXICO|USD30000|USD30000|12|NEVACO DLS 015|ARMANDO SILVESTRE CONTRERAS ANCHONDO|0|30000|D1714830||USD|BCMRMXMMBPYM|IRVTUS3NXXXX|30000|MX|CA||||REPORTE_FINAL||||||EXTRANJERO|
2024-MT103|1176615|30/01/25|1198563692011002|00741513380119752161|18/01/24|01-002|40-012|17/01/24|E|BCMRMXMMBPYM|BCMRMXMMBPYM|IRVTUS3NXXXX|//FW026005092?WELLS FARGO BANK, NAT|:/4600988?1/GREG KITT ENTERPRISES INC?2/4903 GAETZ AVENUE RED DEER ALBERT?3/US/UNITED STATES|/0074.1513.38.0119752161?1/SERVICIOS INDUSTRIALES E INGEN?2/C JOSE MARIANO ACOSTA 3723?2/JOSE MARIA PONCE DE LEON CHIHUAHU?3/MX/MEXICO|USD6500|USD6500|12|NEVACO 004|ARMANDO SILVESTRE CONTRERAS ANCHONDO|0|6500|D1714830||USD|BCMRMXMMBPYM|IRVTUS3NXXXX|6500|MX|US||||REPORTE_FINAL||||||EXTRANJERO|
2024-MT103|1176615|30/01/25|1198943907011002|00741513380119752161|22/02/24|01-002|40-012|21/02/24|E|BCMRMXMMAPYM|BCMRMXMMAPYM|CIBCCATTXXXX|BANK OF MONTREAL?129 RUE SAINT-JACK|:/4600988?1/GREG KITT ENTERPRISES INC?2/4903 GAETZ AVENUE RED DEER ALBERT?3/CA/CANADA|/0074.1513.38.0119752161?1/SERVICIOS INDUSTRIALES E INGEN?2/C JOSE MARIANO ACOSTA 3723?2/JOSE MARIA PONCE DE LEON CHIHUAHU?3/MX/MEXICO|USD6500|USD6500|12|NEVACO DLS 014|ARMANDO SILVESTRE CONTRERAS ANCHONDO|0|6500|D1714830||USD|BCMRMXMMAPYM|CIBCCATTXXXX|6500|MX|CA||||REPORTE_FINAL||||||EXTRANJERO|
2024-MT103|1176615|30/01/25|1198880878011002|00741513380119752161|15/02/24|01-002|40-012|15/02/24|E|BCMRMXMMBPYM|BCMRMXMMBPYM|IRVTUS3NXXXX|BOFMCAM2|:/4600988?1/GREG KITT ENTERPRISES INC?2/4903 GAETZ AVENUE RED DEER ALBERT?3/CA/CANADA|/0074.1513.38.0119752161?1/SERVICIOS INDUSTRIALES E INGEN?2/C JOSE MARIANO ACOSTA 3723?2/JOSE MARIA PONCE DE LEON CHIHUAHU?3/MX/MEXICO|USD39235|USD39235|12|NEVACO DLS 011|ARMANDO SILVESTRE CONTRERAS ANCHONDO|0|39235|D1714830||USD|BCMRMXMMBPYM|IRVTUS3NXXXX|39235|MX|CA||||REPORTE_FINAL||||||EXTRANJERO|
2024-MT103|1176615|30/01/25|1198624633011002|00741513380119752161|24/01/24|01-002|40-012|23/01/24|E|BCMRMXMMBPYM|BCMRMXMMBPYM|BKTRUS33XXXX|PCBCCNBJHUX|:/43050180363600000223?1/CHANGSHA SUPER DRILL IMPORT Y EXP?1/ORT CO LTD?2/FENGYUBEI ROAD LIU YANG HIGH 9?3/CN/CHINA|/0074.1513.38.0119752161?1/SERVICIOS INDUSTRIALES E INGEN?2/C JOSE MARIANO ACOSTA 3723?2/JOSE MARIA PONCE DE LEON CHIHUAHU?3/MX/MEXICO|USD16553.6|USD16553.6|12|NEVADO DLS 008|ARMANDO SILVESTRE CONTRERAS ANCHONDO|0|16553.6|D1714830||USD|BCMRMXMMBPYM|BKTRUS33XXXX|16553.6|MX|CN||||REPORTE_FINAL||||||EXTRANJERO|
2024-MT103|1176615|30/01/25|1198469417011002|00741513380119752161|09/01/24|01-002|40-012|09/01/24|E|BCMRMXMMBPYM|BCMRMXMMBPYM|BKTRUS33XXXX|HZCBCN2HFYB|:/3301040160010596206?1/HANGZHOU DARLLY FILTRATION?2/XINDENG INDUSTRIAL PROVINCE 31140?3/CN/CHINA|/0074.1513.38.0119752161?1/SERVICIOS INDUSTRIALES E INGEN?2/C JOSE MARIANO ACOSTA 3723?2/JOSE MARIA PONCE DE LEON CHIHUAHU?3/MX/MEXICO|USD42674.64|USD42674.64|12|004|ARMANDO SILVESTRE CONTRERAS ANCHONDO|0|42674.64|D1714830||USD|BCMRMXMMBPYM|BKTRUS33XXXX|42674.64|MX|CN||||REPORTE_FINAL||||||EXTRANJERO|
2024-MT103|1176615|30/01/25|1198483633011002|00741513380119752161|11/01/24|01-002|40-012|10/01/24|E|BCMRMXMMBPYM|BCMRMXMMBPYM|BKTRUS33XXXX|HZCBCN2HFYB|:/3301040160010596206?1/HANGZHOU DARLLY?2/XINDENG INDUSTRIAL PARK 311404?3/CN/CHINA|/0074.1513.38.0119752161?1/SERVICIOS INDUSTRIALES E INGEN?2/C JOSE MARIANO ACOSTA 3723?2/JOSE MARIA PONCE DE LEON CHIHUAHU?3/MX/MEXICO|USD3845|USD3845|12|007|ARMANDO SILVESTRE CONTRERAS ANCHONDO|0|3845|D1714830||USD|BCMRMXMMBPYM|BKTRUS33XXXX|3845|MX|CN||||REPORTE_FINAL||||||EXTRANJERO|
2024-MT103|1176615|30/01/25|1198466596011002|00741513380119752161|09/01/24|01-002|40-012|09/01/24|E|BCMRMXMMAPYM|BCMRMXMMAPYM|IRVTUS3NXXXX|//FW063116025?AMERICAN MOMENTUM BAN|:/240401302418?1/JOHAN FROSE?2/270 US HWY 385 SOUTH SEMINOLE TX?3/US/UNITED STATES|/0074.1513.38.0119752161?1/SERVICIOS INDUSTRIALES E INGEN?2/C JOSE MARIANO ACOSTA 3723?2/JOSE MARIA PONCE DE LEON CHIHUAHU?3/MX/MEXICO|USD25493|USD25493|12|003|ARMANDO SILVESTRE CONTRERAS ANCHONDO|0|25493|D1714830||USD|BCMRMXMMAPYM|IRVTUS3NXXXX|25493|MX|US||||REPORTE_FINAL||||||EXTRANJERO|
2024-MT103|1176615|30/01/25|1198804461011002|00741513380119752161|08/02/24|01-002|40-012|08/02/24|E|BCMRMXMMBPYM|BCMRMXMMBPYM|IRVTUS3NXXXX|//FW021000021?JPMORGAN CHASE BANK, |:/7900739901?1/AWC WINNING TOGETHER?2/6655 EXCHEQUER DRIVE BATON ROUGE?3/US/UNITED STATES|/0074.1513.38.0119752161?1/SERVICIOS INDUSTRIALES E INGEN?2/C JOSE MARIANO ACOSTA 3723?2/JOSE MARIA PONCE DE LEON CHIHUAHU?3/MX/MEXICO|USD16750|USD16750|12|NEVACO 010|ARMANDO SILVESTRE CONTRERAS ANCHONDO|0|16750|D1714830||USD|BCMRMXMMBPYM|IRVTUS3NXXXX|16750|MX|US||||REPORTE_FINAL||||||EXTRANJERO|
2024-MT103|1176615|30/01/25|1198880782011002|00741513380119752161|15/02/24|01-002|40-012|15/02/24|E|BCMRMXMMAPYM|BCMRMXMMAPYM|CIBCCATTXXXX|BANK OF MONTREAL?129 RUE SAINT-JACK|:/4600988?1/GREG KITT ENTERPRISES INC?2/PO BOX 454 201 WATERLOO STREET VE?3/CA/CANADA|/0074.1513.38.0119752161?1/SERVICIOS INDUSTRIALES E INGEN?2/C JOSE MARIANO ACOSTA 3723?2/JOSE MARIA PONCE DE LEON CHIHUAHU?3/MX/MEXICO|USD1|USD1|12|NEVACO DLS 010|ARMANDO SILVESTRE CONTRERAS ANCHONDO|0|1|D1714830||USD|BCMRMXMMAPYM|CIBCCATTXXXX|1|MX|CA||||REPORTE_FINAL||||||EXTRANJERO|
2024-MT103|1176615|30/01/25|1198624420011002|00741513380119752161|24/01/24|01-002|40-012|23/01/24|E|BCMRMXMMBPYM|BCMRMXMMBPYM|BKTRUS33XXXX|PCBCCNBJHAX|:/41014224000220012029?1/LUOYANG COMBAT TUNGSTEN AND MOLYB?1/DENUM MATERIAL CO?2/ROOM D0801 WORLD TRADE CENTER?3/CN/CHINA|/0074.1513.38.0119752161?1/SERVICIOS INDUSTRIALES E INGEN?2/C JOSE MARIANO ACOSTA 3723?2/JOSE MARIA PONCE DE LEON CHIHUAHU?3/MX/MEXICO|USD6568|USD6568|12|NEVADO DLS 007|ARMANDO SILVESTRE CONTRERAS ANCHONDO|0|6568|D1714830||USD|BCMRMXMMBPYM|BKTRUS33XXXX|6568|MX|CN||||REPORTE_FINAL||||||EXTRANJERO|
2024-MT103|1176615|30/01/25|1198774153011002|00741513380119752161|06/02/24|01-002|40-012|06/02/24|E|BCMRMXMMAPYM|BCMRMXMMAPYM|WFBIUS6SXXXX|WFBIUS6SXXXX|:/52310087005778819?1/IRON PLANET?2/5667 GIBRALTAR DRIVE SUITE 200?3/US/UNITED STATES|/0074.1513.38.0119752161?1/SERVICIOS INDUSTRIALES E INGEN?2/C JOSE MARIANO ACOSTA 3723?2/JOSE MARIA PONCE DE LEON CHIHUAHU?3/MX/MEXICO|USD2145.62|USD2145.62|12|NEVACO 009|ARMANDO SILVESTRE CONTRERAS ANCHONDO|0|2145.62|D1714830||USD|BCMRMXMMAPYM|WFBIUS6SXXXX|2145.62|MX|US||||REPORTE_FINAL||||||EXTRANJERO|
2024-MT103|1176615|30/01/25|1198689936011002|00741513380119752161|30/01/24|01-002|40-012|29/01/24|E|BCMRMXMMBPYM|BCMRMXMMBPYM|TDOMCATTXTOR|BANK OF MONTREAL?129 RUE SAINT-JACK|:/4600988?1/GREG KITT ENTERPRISES INC?2/4903 GAETZ AVENUE RED DEER ALBERT?3/CA/CANADA|/0074.1513.38.0119752161?1/SERVICIOS INDUSTRIALES E INGEN?2/C JOSE MARIANO ACOSTA 3723?2/JOSE MARIA PONCE DE LEON CHIHUAHU?3/MX/MEXICO|USD39235|CAD47601.15|12|NEVACO DLS002|ARMANDO SILVESTRE CONTRERAS ANCHONDO|0|35312.4178|D1714830||CAD|BCMRMXMMBPYM|TDOMCATTXTOR|47601.15|MX|CA||||REPORTE_FINAL||||||EXTRANJERO|
2023-MT103|1176615|30/01/25|1198366276011002|00741513380119752161|29/12/23|01-002|40-012|29/12/23|E|BCMRMXMMAPYM|BCMRMXMMAPYM|BKTRUS33XXXX|PCBCCNBJHUX|:/43050180363600000223?1/CHANSHA SUPER DRILL IMPORT Y EXPO?1/RT?2/FENGYUBEI ROAD LIU YANG HIGH TECH?3/CN/CHINA|/0074.1513.38.0119752161?1/SERVICIOS INDUSTRIALES E INGEN?2/C JOSE MARIANO ACOSTA 3723?2/JOSE MARIA PONCE DE LEON CHIHUAHU?3/MX/MEXICO|USD7094|USD7094|12|PAGO NEVACO 29 DCICIEMBRE|ARMANDO SILVESTRE CONTRERAS ANCHONDO|0|7094|D1714830||USD|BCMRMXMMAPYM|BKTRUS33XXXX|7094|MX|CN||||REPORTE_FINAL||||||EXTRANJERO|
2023-MT103|1176615|30/01/25|1198335424011002|00741513380119752161|28/12/23|01-002|40-012|27/12/23|E|BCMRMXMMAPYM|BCMRMXMMAPYM|BKTRUS33XXXX|ICBKCNBJ|:/0408011009300092786?1/CANGZHOU GREAT?2/NO. 2 JIANSHE NORTH STREET, YINGZ?3/CN/CHINA|/0074.1513.38.0119752161?1/SERVICIOS INDUSTRIALES E INGEN?2/C JOSE MARIANO ACOSTA 3723?2/JOSE MARIA PONCE DE LEON CHIHUAHU?3/MX/MEXICO|USD55650|USD55650|12|PAGO NEVACO DLS|ARMANDO SILVESTRE CONTRERAS ANCHONDO|0|55650|D1714830||USD|BCMRMXMMAPYM|BKTRUS33XXXX|55650|MX|CN||||REPORTE_FINAL||||||EXTRANJERO|
2023-MT103|1176615|30/01/25|1198345998011002|00741513380119752161|28/12/23|01-002|40-012|28/12/23|E|BCMRMXMMBPYM|BCMRMXMMBPYM|IRVTUS3NXXXX|//FW074900356?FIRST FINANCIAL BANK,|:/2770296495?1/T Y T CARBIDE INC?2/LOWRY AVENUE 17409?3/US/UNITED STATES|/0074.1513.38.0119752161?1/SERVICIOS INDUSTRIALES E INGEN?2/C JOSE MARIANO ACOSTA 3723?2/JOSE MARIA PONCE DE LEON CHIHUAHU?3/MX/MEXICO|USD38500|USD38500|12|PAGO NEVACO 002|ARMANDO SILVESTRE CONTRERAS ANCHONDO|0|38500|D1714830||USD|BCMRMXMMBPYM|IRVTUS3NXXXX|38500|MX|US||||REPORTE_FINAL||||||EXTRANJERO|
2024-MT103|1185772|20/02/25|01738770846K5006|00744485002914964810|17/07/24|01-002|40-012|17/07/24|R|WFBIUS6WAFFX|WFBIUS6WAFFX|BCMRMXMMBCOR|BCMRMXMMPYM|/012580029149648100?CARLA CHAVEZ RIVERA?BALCON DE LA CANADA 3014?MONTERREY?MX|/134063404?DISTROKID LLC?34 THIRD AVENUE?NEW YORK US 10003|MXN2589.09|MXN2589.09|12|DOC100722081907521 THANKS FOR USING?DISTROKID EARNINGS FROM SELLINGSTR?EAMING MUSIC|||145.5878|A4782243||MXN|WFBIUS6WAFFX|BCMRMXMMBCOR|2589.09|US|MX||||REPORTE_FINAL||||X||ALTERNO|
2024-MT103|1185772|20/02/25|01776298625M5005|00744485002914964810|07/10/24|01-002|40-012|04/10/24|R|WFBIUS6WBFFX|WFBIUS6WBFFX|BCMRMXMMACOR|BCMRMXMMPYM|/012580029149648100?CARLA CHAVEZ RIVERA?BALCON DE LA CANADA 3014?MONTERREY?MX|/134063404?DISTROKID LLC?34 THIRD AVENUE?NEW YORK US 10003|MXN2511.06|MXN2511.06|12|DOC100722087132077 THANKS FOR USING?DISTROKID EARNINGS FROM SELLINGSTR?EAMINGMUSIC|||129.5129|A4782243||MXN|WFBIUS6WBFFX|BCMRMXMMACOR|2511.06|US|MX||||REPORTE_FINAL||||||MIDAS|
2023-MT103|1185772|20/02/25|01606967787B2007|00744485002914964810|08/08/23|01-002|40-012|08/08/23|R|WFBIUS6WAFFX|WFBIUS6WAFFX|BCMRMXMMBCOR|BCMRMXMMPYM|/012580029149648100?CARLA CHAVEZ RIVERA?BALCON DE LA CANADA 3014?MONTERREY?MX|/134063404?DISTROKID LLC?34 THIRD AVENUE?NEW YORK US 10003|MXN3379.71|MXN3379.71|12|DOC100722059379315 THANKS FOR USING?DISTROKID EARNINGS FROM SELLING/ST?REAMING MUSIC|||198.1595|A4782243||MXN|WFBIUS6WAFFX|BCMRMXMMBCOR|3379.71|US|MX||||REPORTE_FINAL||||||MIDAS|
