CD_ALERTA|CD_SISTEMA|FH_ENVIO|FH_RESPUESTA|FH_RECORDATORIO|FH_VENCIMIENTO|CD_USUARIO|TX_COMENTARIO|ST_CUESTIONARIO|CD_USR_RESP|TP_CUESTIONARIO|CD_OFICINA_GEST|FH_ENVIO_SIA|TM_VENCIMIENTO_SIA|FH_RESPUESTA_SIA|NB_BANCA|ST_OPI|ST_BTS|TP_FASE
202501008301|MDE|14/03/25||01/01/00|21/03/25|M906670||6|M906670|F|4485|14/03/25|21/03/25 06:04:25.000000000|14/03/25|BACOM|||I
2025020758|ATM|25/04/25||01/01/00|01/05/25||No se envio cuestionario: No se encontro usuario de acuerdo a perfil.|7||F|3607|24/04/25|01/05/25 21:41:39.000000000||BACOM|||I
2501000828|CBI|22/02/25||01/01/00|01/03/25|MB81030||6|MB81030|B|1513|22/02/25|01/03/25 06:05:43.000000000|24/02/25|BACOM|||I
2501315997401|EFE|01/03/25||01/01/00|08/03/25|MB84995||6|MB84995|G|7696|01/03/25|08/03/25 06:12:25.000000000|04/03/25|BEYG|||I
2503001736|CHQ|17/04/25||01/01/00|24/04/25|MB49662||6|MB49662|F|5765|17/04/25|24/04/25 06:01:39.000000000|21/04/25|BACOM|||I
