CD_USUARIO|CD_CENT_COSTO|CD_PUESTO|NB_EMPLEADO|NB_APPATERNO|NB_APMATERNO
MB78894|5258|ZD0|PATRICIA NOHEMI|ALANIS|SILVA
MB78894|5258|ZD1|PATRICIA NOHEMI|ALANIS|SILVA
MI29444|5258|ZH0|MONSERRAT|MORALES|SANTANA
MB02837|5258|5B6|KENIA|CARDOZA|SANCHEZ
MI37652|5258|ZH0|ARIANNA MARIEL|PEREZ|RODRIGUEZ
MB65098|5258|9T2|VALERIA|ESPIRICUETA|OLIVARES
MI26420|5258|9SX|FRANCISCO ALBERTO|MORALES|MARTINEZ
MI26420|5258|ZH0|FRANCISCO ALBERTO|MORALES|MARTINEZ
MB92665|5258|ZD0|SINDY VIANEY|RODRIGUEZ|MARTINEZ
MB23833|5258|9TG|CLAUDIA ESTHELA|CABELLO|LOPEZ
MI07839|5258|ZH0|CARLOS ALBERTO|GARZA|HERNANDEZ
MI07839|5258|9T2|CARLOS ALBERTO|GARZA|HERNANDEZ
MB46556|5258|9TG|LORENA LIZETH|ZARAGOZA|GARCIA
MI27253|5258|ZH0|JOB|PEÃA|GAONA
MB93870|5258|ZD1|YOANA YAZMIN|GAMA|CAVAZOS
MI25164|5258|ZD1|FLOR AZUCENA|ALANIS|ALMAGUER
MB65065|0720|5B6|EDGAR LEONEL|MARTINEZ|VILLALPANDO
MI29781|0720|ZD1|DIANA JOHALY|ALDANA|RODRIGUEZ
MI39357|0720|ZD1|DENISSE ADRIANA|JAUREZ|RAMIREZ
MB92261|0720|9T2|NOE|VAZQUEZ|QUIROZ
MB38416|0720|9TG|MONICA|UGALDE|QUILLO
MI00922|0720|9T2|DIANA PAOLA|LOPEZ|PIÃA
MI00922|0720|ZD1|DIANA PAOLA|LOPEZ|PIÃA
MB50244|0720|9TG|JOHANA GUADALUPE|RANGEL|OLMOS
MI17388|0720|ZH0|IVAN ISAI|CORONA|NOVELO
MB59967|0720|ZD0|JAZMIN|VELAZQUEZ|NIEVES
MI21174|0720|ZH0|VANESSA|ARREDONDO|MENDEZ
M906389|0720|ZD0|NALLELY|MORA|MARTINEZ
M826708|0720|5B6|ENRIQUE|NIETO|MARTINEZ
MI19886|0720|ZH0|JAIR|VERGARA|LARA
MI30094|0720|ZH0|ERICK DANIEL|HERNANDEZ|HERRERA
MI34240|0720|ZD1|JOSE|SANCHEZ|GUZMAN
MB94033|0720|9T3|MARIA FERNANDA|TINOCO|GONZALEZ
MB82178|0720|5B6|LILIANA MARGARITA|GAONA|GARCIA
MB82178|0720|ZD0|LILIANA MARGARITA|GAONA|GARCIA
MB82178|0720|ZD1|LILIANA MARGARITA|GAONA|GARCIA
MB46875|0720|9T3|ARTURO|RODRIGUEZ|GARCIA
MI28654|0720|ZH0|YARENI|TELLO|GABRIEL
MI11320|0720|ZD1|YADIRA|AGUIÃAGA|ESTRADA
MI11320|0720|ZH0|YADIRA|AGUIÃAGA|ESTRADA
MB99393|0720|9T3|OSCAR MANUEL|ALVIZO|CRUZ
MB99393|0720|9T2|OSCAR MANUEL|ALVIZO|CRUZ
M231454|0720|9TG|GUSTAVO|BARRON|CHAVEZ
MI30051|0720|ZD1|GERARDO|NERI|ALCANTARA
MI16932|0720|ZH0|ANDRES|ERIZA|.
MI02412|0031|ZD1|DAVID MARTIN|AVILA|GUTIERREZ
MI14795|0031|9T2|LUIS OMAR|CABRERA|ESPINO
MI00602|0031|9TZ|JOSE GUILLERMO|COBOS|COVARRUBIAS
MI26358|0031|ZD2|ABIGAIL|RODRIGUEZ|HUERTA
MI28805|0031|ZD0|ANGEL|GALLARDO|HERNANDEZ
MI19045|0031|ZH0|TALIA PAMELA|ARREOLA|AGUILERA
MI39571|0031|ZD1|BRENDA ORLENDA|ZACARIAS|VALDIVIA
MB97947|0031|ZH0|SIDY NANCY|GARCIA|RUIZ
MI23431|0031|ZD1|ANAID|TRUJILLO|ROSAS
M906830|0031|9TZ|VERONICA NALLELY|SANCHEZ|HUERTA
MB87870|0031|6QF|RUBEN|DONJUAN|OLIVARES
MI23431|0031|ZD2|ANAID|TRUJILLO|ROSAS
MI27468|0031|ZD1|ISRAEL|GONZALEZ|GONZALEZ
MI31839|0031|ZH0|DANIEL ALONSO|HERNANDEZ|MARTINEZ
MI08743|0031|ZD0|DANIEL ALFONSO|TORRES|MANJARREZ
MB99626|0031|9T3|AKETZALLI BELEM|TREJO|RUBIO
MI02004|0031|9T2|MARIA FERNANDA|MONSALVO|ALTAMIRA
MI39118|0031|ZH0|ANTONIO|MACEDO|JURADO
MI27834|0031|ZH0|FRANCISCO ALEXIS|HERNANDEZ|AGUILAR
MI09569|0031|ZD1|ANGEL LEVY|MANRIQUE|GARCIA
MB73227|0031|9T2|MARICARMEN|VERA|DOMINGUEZ
MI35680|0031|ZD1|ERICK DANIEL|MOLINA|SANTIAGO
MI38617|0031|ZH0|ANDRES|LUCAS|SILVA
MB99624|0031|9T2|AMAYRANI ALONDRA|ROJAS|VALLES
MB54368|0031|ZD1|GENOVEVA DEL CARMEN|MENDOZA|MORENO
MI29076|0031|9T2|JOSE ALEJANDRO|MARTINEZ|GARCIA
MI22397|0031|9SX|HECTOR FRANCISCO|CASTILLO|ROMERO
MI30105|0031|9T2|MANUEL ALEJANDRO|LOPEZ|VELASCO
MI08743|0031|ZD1|DANIEL ALFONSO|TORRES|MANJARREZ
MB83375|0031|6QF|JESSICA|BAUTISTA|RAMIREZ
MI25837|0031|ZD1|GUSTAVO ANTONIO|GUERRERO|MARTINEZ
MI03340|0031|9T2|ABRAHAM|GONZALEZ|SOTO
MI27248|0031|ZD1|JORGE LUIS|CASTAÃEDA|VARA
MI08255|0031|ZH0|NATALIA|CASTALDE|CARMONA
MI23879|0031|ZD1|BRITANI BELEN|LUGO|ROBLES
MI23879|0031|ZD0|BRITANI BELEN|LUGO|ROBLES
M819018|0031|9TH|SILVIA EDITH|LEON|MACIEL
MI22397|0031|ZH0|HECTOR FRANCISCO|CASTILLO|ROMERO
MB38426|0031|9TH|SONIA STEPHANY|GACHUZ|DURAN
M906830|0031|5B6|VERONICA NALLELY|SANCHEZ|HUERTA
MB73538|0031|9T3|ESTEBAN|HERNANDEZ|RODRIGUEZ
MI36331|0031|9T2|MANUEL|BAZAN|GONZALEZ
MB59677|0031|9TH|ALFREDO|GALVAN|ZARATE
MB54370|0031|ZD0|ERIC VALENTIN|GARCIA|CALDERA
MB81403|0031|ZD1|IAN OMAR|GONZALEZ|TORRES
MI24906|0031|ZH0|MONICA YAJAIRA|ZEA|QUINTERO
MI40993|0031|9T2|ARIEL GERARDO|SUAREZ|MARTINEZ
MI08255|0031|9T2|NATALIA|CASTALDE|CARMONA
MB41383|0031|9TZ|BRENDA|ALVAREZ|RODRIGUEZ
MI27245|0031|9T2|DANNA PAOLA|GOMEZ|NOCHEBUENA
MI25837|0031|ZD2|GUSTAVO ANTONIO|GUERRERO|MARTINEZ
MI30114|0031|ZD1|ESAU|ALVAREZ|ALCANTARA
MB63452|0031|9TH|AYLIN MERCEDES|DE LA GARZA|RAMIREZ
MB95498|0031|9T2|OCTAVIO CESAR|FLORES|TREJO
MB86180|0031|ZD1|HAYDE STEFANY|CASTILLO|SANCHEZ
MB47065|0031|6QF|JOSE MAURICIO|PEREZ|GARCIA
MI23950|0031|ZH0|IVO||
MB89124|5765|ZD1|GABRIELA ALEJANDRA|MENDOZA|DOMINGUEZ
MB69628|5765|ZD1|BRENDA IVETTE|NUÃEZ|POOL
MB61914|5765|9TZ|ZULEMA|BRIONES|MINA
MI31622|5765|9T2|JESUS|RIVERA|REYES
MI27730|5765|ZD1|REYNA LOURDES|MENA|NOH
MI30973|5765|9T2|CARMEN|ARIAS|REYES
MI24841|5765|9SX|RICARDO RAMIRO|CAUICH|TEC
MI21694|5765|ZH0|JOBHANI|GARRIDO|CHIMA
MB49662|5765|9TH|GUADALUPE DEL ROSARIO|ENRIQUEZ|GARCIA
MB93248|5765|9T3|FERNANDO|GUATEMALA|FRIAS
MI22274|5765|9T2|MARIA JOSE|MEDINA|ALCALA
MI10403|5765|ZH0|EDGAR|VERA|BETANZOS
MB35040|5765|ZD0|PATRICIA|LOPEZ|HERNANDEZ
MI17267|5765|ZH0|ANGELA BEATRIZ|RENDON|LARA
MI30973|5765|ZH0|CARMEN|ARIAS|REYES
MI24535|5765|9SX|ESMERALDA|RUIZ|ROJAS
MB69184|5765|ZH0|JACQUELINE|XOOL|GARCIA
MI22395|5765|9SX|ROSALBA MONSERRAT|FRANCO|REYES
MI21694|5765|9SX|JOBHANI|GARRIDO|CHIMA
MI01757|5765|ZD1|NESTOR ARTURO|PEÃA|VARGAS
MI22795|5765|9SX|SANTIAGO|DAVILA|GARCIA
MI10403|5765|ZD1|EDGAR|VERA|BETANZOS
MI24535|5765|ZH0|ESMERALDA|RUIZ|ROJAS
MI22795|5765|ZH0|SANTIAGO|DAVILA|GARCIA
MI10274|5765|9T2|MIGUEL ANGEL|COLLI|HERRERA
MI22274|5765|ZH0|MARIA JOSE|MEDINA|ALCALA
MB92030|5765|9T3|MARIA GUADALUPE|SANCHEZ|BAÃUELOS
MI17274|5765|ZD1|EDWIN ISIDRO|AYALA|TAPIA
MI09692|5765|9T2|ERWIN ALEXANDER|BALAM|BALAM
MI08754|5765|9T2|RAMON|VALENZUELA|PEREZ
MI31622|5765|ZH0|JESUS|RIVERA|REYES
MI08687|5765|ZH0|HUMBERTO|MARTINEZ|MORALES
MI01757|5765|ZH0|NESTOR ARTURO|PEÃA|VARGAS
MI00692|5765|6QF|EDGAR RAFAEL|JIMENEZ|MARTINEZ
MI24841|5765|ZH0|RICARDO RAMIRO|CAUICH|TEC
MI24535|5765|9T2|ESMERALDA|RUIZ|ROJAS
MI29766|5765|ZH0|VIELI CAROLINA|GURRIA|VALDEZ
MI22395|5765|ZH0|ROSALBA MONSERRAT|FRANCO|REYES
MB89268|5765|ZD1|ANGELICA DE JESUS|ARANA|JIMENEZ
MB80736|5765|ZD1|ANA RUTH|RODRIGUEZ|HERNANDEZ
MB90699|5765|6QF|MARYCARMEN|TECUAPETLA|NIC
MI22274|5765|9SX|MARIA JOSE|MEDINA|ALCALA
MI10274|5765|ZH0|MIGUEL ANGEL|COLLI|HERRERA
MI21696|1073|ZH0|SERGIO ARMANDO|INES|ZENON
MB66374|1073|ZD0|ISI JANNETT|MENDEZ|VELAZQUEZ
MB70195|1073|ZD1|LEILANI GISELLE|MARQUEZ|TRIANO
MI36495|1073|ZH0|LOURDES|GARCIA|SANCHEZ
MI01642|1073|9T2|ANGELICA ROSALIA|VAZQUEZ|ROMERO
MI20691|1073|9T2|JOSSELYN SOFIA|CHAVEZ|RODRIGUEZ
MI36352|1073|ZD1|MARLON ALBERTO|TUZ|RAMOS
MB00208|1073|5B6|IRIS AURORA|SALAZAR|RAMIREZ
MI20456|1073|9T2|JOEL JONATHAN|KUMUL|OY
MB67542|1073|ZD1|ERIC ORLANDO|TUYU|OJEDA
MB83128|1073|9TG|MIGUEL ANGEL|VAZQUEZ|MELENDEZ
MI26032|1073|ZH0|GERDAH MITZI|MAYER|LOPEZ
MB95027|1073|9TG|JOSE GUSTAVO|LOPEZ|LANDEROS
MB32183|1073|ZD1|MARIA MAGDALENA|FLORES|JIMENEZ
MB62585|1073|9T2|DAVID ALBERTO|CHAN|ITZA
MI20459|1073|ZH0|ARELI ABIGAIL|BE|HOIL
MB65786|1073|5B6|JUANITA ELIZABETH|SALDIVAR|GARCIA
MB94444|1073|ZD1|ALAN FREDERIK|QUINTAL|CHAN
MB74279|1073|9TG|JOSE ANTONIO|BARRAZA|CASTILLO
MI05289|1073|9T2|CELINA|FRANCO|CASTILLO
MI00883|1073|ZH0|JUAN NICOLAS|CHAY|BALAM
MI00883|1073|9T2|JUAN NICOLAS|CHAY|BALAM
MI27595|1073|ZH0|ALEXIS ARTURO|SANTIAGO|ARROYO
MI12743|1073|ZH0|FERNANDO ALEXIS|TZIU|ARGUELLO
MI15269|1073|ZH0|LAURA CITLALI|TADEO|AREVALO
MI20512|1073|ZD2|MARIO EDUARDO|AVILA|ACOSTA
MI20512|1073|ZD1|MARIO EDUARDO|AVILA|ACOSTA
MI10002|4485|9T2|RAUL|RIOS|CAVAZOS
MI40970|4485|ZD1|JOSE DE JESUS|MARTINEZ|BENAVIDES
MB17597|4485|5B6|NANCY NALLELY|NEVAREZ|PEREZ
MB56887|4485|5B6|ADRIANA SCARLET|IRACHETA|VAZQUEZ
M906670|4485|9TG|JUAN IVAN|MALDONADO|GAUNA
MI30612|4485|9T2|LUIS GERARDO|HERNANDEZ|CARRILLO
MB94440|4485|9TG|RAFAEL GERARDO|SANTOS|BARRERA
MI20031|4485|ZH0|ESTHELA SANJUANITA|OBREGON|SALAZAR
MI00993|4485|ZD1|JUAN ALBERTO|RODRIGUEZ|CASTILLO
MB44511|4485|5B6|JOHANA DENISSE|ACEVEDO|GONZALEZ
MB94499|4485|ZD0|VANESSA JAZMIN|PEÃA|RODRIGUEZ
MB69783|4485|9TG|FRANCIA BEATRIZ|RODRIGUEZ|MEDINA
MI01006|4485|9T2|SARAELIA|MENDEZ|GARCIA
MI01003|4485|ZD1|TERESA DE JESUS|PATRACA|JIMENEZ
M524052|4485|ZD0|BRENDA NOHEMI|ALVAREZ|MEDINA
MI34935|4485|ZH0|VALERIA MICHELLE|RANGEL|MORENO
MB94499|4485|ZD1|VANESSA JAZMIN|PEÃA|RODRIGUEZ
MB87534|4485|9T3|EDIH YASHIEL|ROMERO|MEDELLIN
MI12314|4485|ZD0|JENNIFER MADELEIN|LOPEZ|PEDROZA
MI20031|4485|9SX|ESTHELA SANJUANITA|OBREGON|SALAZAR
MI02034|4485|9T2|JOSE DANIEL|ORTIZ|ALFEREZ
MI15540|4485|ZD1|IRENE ALEJANDRA|VILLAFUERTE|OLIVAS
MI38151|4485|ZD1|ALAN|ALFARO|ACOSTA
MI36723|4485|ZH0|JORGE LUIS|MORALES|BARBOZA
MI10054|4485|ZH0|ERICK AZAEL|SEGURA|LOPEZ
MB86692|4485|ZD1|ROCIO JAQUELINE|IBARRA|DE LA FUENTE
MB83795|4485|9T3|SCARLETT SINAI|DELGADO|RAMIREZ
MI09699|0610|1T2|ALMA ISELA|SERRALDE|FLORES
MB65421|0610|ZD1|LIDIA GUADALUPE|LOPEZ|TORRES
MI16136|0610|6QF|VICTOR NOEL|VALENZUELA|PARDO
MB68569|0610|9T2|CARLOS ALBERTO|BASTIDAS|SANDOVAL
MI14015|0610|ZD1|JESUS HUMBERTO|CARRASCO|QUINTERO
MI21720|0610|ZD1|PAUL ISAAC|PEREZ|BARRAZA
MI20864|0610|ZD1|KAREN DARLENE|CARRILLO|LUGO
MI20864|0610|ZD2|KAREN DARLENE|CARRILLO|LUGO
MI00084|0610|ZH0|HECTOR MANUEL|SAÃUDO|CAMACHO
MI11586|0610|ZH0|YARALENI|DURAN|ARAUJO
MB07437|0610|5B6|MAYTE|FLORES|SANCHEZ
MI00246|0610|ZH0|GEORGINA|ANGULO|AGUILAR
MB80410|0610|9T3|YUBEL ABIGAIL|ROJO|LOPEZ
MI12857|0610|9T2|JESUS ALONSO|CASTRO|GALVEZ
MI40202|0610|ZH0|ANA PAULA|BASTIDAS|SANCHEZ
MI03087|0610|ZD0|CARLOS ALFONSO|ROBLES|GARCIA
MI11226|0610|ZD1|ESCARLETH|FLORES|BASTIDAS
MI00110|0610|9T3|DALIA SUGEY|ZAZUETA|ACOSTA
M908624|0610|ZD0|RAFAEL|URETA|VALENZUELA
MI25633|0610|1T1|ALEJANDRA KARINA|NUÃEZ|EGUILETA
MI15220|0610|ZH0|VIANCA LIZBETH|RIVERA|LEYVA
MI15214|0610|ZD1|YANIRA|SANDOVAL|VALENZUELA
MB84424|0610|9T2|ALMA YESENIA|DUARTE|ARAUJO
M813927|0610|9TZ|JANETH GUADALUPE|JUAREZ|ALFARO
MI03104|0610|9T2|JASYDE|URETA|SEPULVEDA
MA27692|0610|1T0|TLALOC|RAMOS|RAMOS
MI19026|0610|ZD1|CELENE GUADALUPE|ZAZUETA|MIRANDA
MB83429|0610|9T3|CHRISTIAN GEOVANNI|ALEJOS|ARCE
MI20170|0610|ZD1|JAQUELINE|MADRID|OLIVAS
MI14842|0610|ZD1|MARIA LUISA|GARCIA|CAMACHO
MI04570|0610|ZD1|JOSE ALBERTO|DURAN|BERNAL
MI21720|0610|ZD2|PAUL ISAAC|PEREZ|BARRAZA
MB00336|0610|1T2|DANIEL|ROMERO|CEJA
MI18297|0610|ZD0|FRANCISCO GIOVANNI|ROSAS|VILLARREAL
MB58373|0610|9TH|ADRIANA SARAHI|DOMINGUEZ|ESQUER
MI10412|0610|9T2|TANIA GUADALUPE|URIARTE|RUBIO
M382165|0610|6QF|LILIAN|ARAUJO|ESPINOZA
MB66750|0610|ZD1|CLAUDIA BERENICE|FLORES|AVILA
MB52751|0610|KV0|LILIA|MEDINA|RAMIREZ
MB59032|0610|9TZ|NAITHIELY CRISTINA|BOJORQUEZ|CORRALES
MI18297|0610|ZD1|FRANCISCO GIOVANNI|ROSAS|VILLARREAL
MI20170|0610|9T2|JAQUELINE|MADRID|OLIVAS
MB96294|0610|9T2|GRACIELA KARINA|ABOYTE|HERRERA
M382219|0610|ZD0|CARMEN ALICIA|PAYAN|MOLINA
MI19026|0610|9T2|CELENE GUADALUPE|ZAZUETA|MIRANDA
MI27577|0610|ZH0|LUIS FELIPE|CASTRO|SOTO
MB65928|0610|ZD0|FRIDA GUADALUPE|SILVA|PEREDA
MI16136|0610|ZD0|VICTOR NOEL|VALENZUELA|PARDO
MI03880|0610|ZH0|SANTOS ALEJANDRO|GARCIA|CHAVEZ
MB66019|0610|9T2|ALMA NAYELY|CARRILLO|GUTIERREZ
MI30999|0610|1T1|LUIS CARLOS|HAM|GOMEZ
MI21720|0610|ZD0|PAUL ISAAC|PEREZ|BARRAZA
MB75861|0610|ZD1|KARELY|HERNANDEZ|MALFABON
MI28690|0610|ZD1|PATRICIA ANAHI|MENDOZA|MORALES
MI20193|0610|9T2|CARMEN NALLELY|ACOSTA|PACHECO
MB95692|0610|6QF|NILY ANGELICA|BELTRAN|REYES
MI23384|0581|9T2|KARLA ALETHIA|REYES|DE LA TORRE
MI03402|0581|ZH0|JASSIEL|COLON|MANZANO
MI09590|0581|ZH0|ILSE PATRICIA|VELAZQUEZ|FLORES
MB94399|0581|9TG|JOSE GABRIEL|PINEDA|GALEANA
MB80189|0581|9T3|OSVALDO|ROJAS|SANTIAGO
MB41734|0581|9TG|SERAFIN|MANRIQUE|SALAS
MB53669|0581|5B6|JAZMIN|GARCIA|ANGUIANO
MB19947|0581|ZD0|MAYRA|SALMERON|PINEDA
MB93634|0581|ZD1|FLORISEL|FLORES|CORTEZ
MB18973|0581|ZD0|LIDIA KAREN|VELEZ|BAÃOS
MI34263|0581|ZH0|JOSE ISMAEL|ALDERETE|MORENO
MI24563|0581|9T2|MARTIN DANIEL|MARTINEZ|GALLARDO
MI28066|0581|9T3|LESLIE JAZMIN|PEREZ|NUÃEZ
MI27976|0581|9T2|ALAN JAIR|CLEMENTE|PADILLA
MI15118|0581|ZH0|YENNI GUADALUPE|BELLO|RENDON
MB74562|0581|ZD1|ERNESTINA|ROMERO|IGNACIO
MI25972|0273|ZH0|JORGE ALBERTO|LEAL|VALENZUELA
MB93619|0273|ZD1|FATIMA JUDITH|LOZANO|CASTRO
MI25188|0273|ZD2|ALAN IVAN|LOPEZ|GUERRERO
MI18139|0273|9T2|CINTHIA NALLELY|CARDONA|TORRES
MI40414|0273|ZH0|MONICA YOSELIN|QUEZADA|GODOY
MB27234|0273|9T3|ARMIDA ESTYBALI|FABELA|LOZANO
MI09027|0273|ZD1|AIDEE PATRICIA|NUÃEZ|RUIZ
M547719|0273|ZD0|VERONICA ISABEL|PAZ|SANTOS
MB94479|0273|ZH0|ANNA KAREN|GUERRA|MEZA
MB87580|0273|ZD1|MONICA LILIANA|IBARRA|SAUCEDO
MI28641|0273|ZH0|ALEXIS|MILLAN|MENDOZA
MB48237|0273|ZD1|EDUARDO|LICON|LANDEROS
MB94480|0273|9T3|RUBEN ALEJANDRO|PARADA|OLIVAS
MI17524|0273|ZH0|ISRAEL|GUIGON|BARRERA
M906219|0273|5B6|ALONDRA LIZETH|PORTILLO|SANDOVAL
MB55014|0273|ZD1|MILAGROS|MARES|HERNANDEZ
MI22928|0273|ZD1|LIZBETH CITLALI|MORENO|BUSTILLOS
MI10739|0273|9T2|DANIEL GUERRERO|DELGADO|FLORES
MI41712|0273|ZH0|ALONDRA VIRIDIANA|HERNANDEZ|ANAYA
M242985|0273|5B6|ISAURA|FLORES|CORRAL
MI14179|0273|ZH0|DAILEN ALONDRA|PALOMINO|PORTILLO
MI22928|0273|ZD2|LIZBETH CITLALI|MORENO|BUSTILLOS
MB90001|0273|9T2|PABLO|CASTRO|MENDIAS
M101174|0273|9TG|JUAN CARLOS|ROJAS|GARCIA
MB71756|0273|9T3|IVAN ALEJANDRO|RASCON|MENDOZA
MB77351|0273|9TG|GUADALUPE|TORRES|SALAS
MB98284|0273|ZD1|BRENDA IDALY|ROSALES|LOPEZ
MI23840|0273|9T2|DALIA YASMIN|ORTIZ|BAJO
MI01365|0273|ZD1|YESSENIA|IBARRA|ESCUDERO
MI20305|6698|ZH0|DIEGO|BARRIOS|GARCIA
MB29108|6698|9T2|BLANCA CECILIA|ORDOÃEZ|SANCHEZ
MI32630|6698|ZD1|DELMAR EMMANUEL|JIMENEZ|VELAZQUEZ
MI05015|6698|9T2|XIMENA|SAAVEDRA|ESCOBEDO
MI27540|6698|ZD1|LUIS FERNANDO|VAZQUEZ|CASTRO
MI20716|6698|ZH0|SERGIO EMILIO|PEREZ|ESPINOSA
MI30134|6698|ZH0|PAOLA VIVIANA|ARCEO|CARDEÃA
MI19063|6698|9SX|WENDY LUCERO|JONAPA|DE LA CRUZ
MB62896|6698|ZD1|LUIS ALBERTO|GUIRAO|PRADO
MI01440|6698|6QF|JOSE ANGEL|GUTIERREZ|DE LOS SANTOS
MI31747|6698|ZH0|ROMAN|HIDALGO|AGUIRRE
MI27540|6698|ZH0|LUIS FERNANDO|VAZQUEZ|CASTRO
MB76011|6698|ZD1|AMBAR|OCEGUERA|PEREDA
MI27540|6698|9T2|LUIS FERNANDO|VAZQUEZ|CASTRO
MI02018|6698|9T2|NELLY RUBI|GORDILLO|GOMEZ
MI20305|6698|9SX|DIEGO|BARRIOS|GARCIA
MI20159|6698|9SX|CESAR FABIAN|MENDOZA|VALDEZ
MB98387|6698|ZD1|DANIEL|ORANTES|MONTESINOS
MB15044|6698|ZD0|VICTOR HUGO|VILLATORO|JIMENEZ
MI13193|6698|ZD1|MAIRA PAMELA|RIVERA|GORDILLO
MB87651|6698|ZD1|PAOLA IVETH|RODRIGUEZ|VAZQUEZ
MI13827|6698|9T2|JOSE ALEXIS|GOMEZ|PIMENTEL
MI12406|6698|ZH0|ANDREA|BALCAZAR|MORALES
M912340|6698|ZD0|NAXHIELY|FUENTES|DE LA CRUZ
MB01321|6698|9TZ|MAGDA YESENIA|MENDEZ|VAZQUEZ
MB80136|6698|6QF|FRANCISCO EDUARDO|CRUZ|CORDOVA
MB90242|6698|9T3|RICARDO|NUÃEZ|CANO
MI19583|6698|ZD1|SHEYLA YURENIS|SANCHEZ|SANTIAGO
M914131|6698|9TH|XAVIER|HERNANDEZ|TORRES
M813701|6698|9T3|ALBA MARIA|CRUZ|SILIAS
MI19063|6698|ZH0|WENDY LUCERO|JONAPA|DE LA CRUZ
MI19583|6698|ZD2|SHEYLA YURENIS|SANCHEZ|SANTIAGO
MB63281|6698|ZD0|ALICIA AGLAEL|DE LA CRUZ|LEON
MI20159|6698|ZH0|CESAR FABIAN|MENDOZA|VALDEZ
MI32630|6698|ZH0|DELMAR EMMANUEL|JIMENEZ|VELAZQUEZ
MB48028|6698|ZD1|GEMA GUADALUPE|DIAZ|LOPEZ
MI01155|6700|9T2|JOSE MANUEL|PIOQUINTO|BELTRAN
MI17371|6700|ZH0|CESAR ALBERTO|SANTIAGO|PINEDA
MI08802|6700|ZH0|CLAUDIA NAYELI|RODRIGUEZ|PEREZ
MB10575|6700|9TZ|RICARDO|MELCHOR|SANCHEZ
MB95796|6700|9T3|MAURICIO ALEXANDER|PEREZ|QUIROZ
MB74340|6700|9T3|JOSE AGUSTIN|JACOME|GOMEZ
MI10369|6700|ZD1|KATYA GISSEL|BRINGAS|MORALES
MB88875|6700|ZD0|ALFREDO|RUIZ|DOMINGUEZ
MI24903|6700|ZD1|BLANCA DALI|INDILI|PEREZ
MB90184|6700|9T2|CLAUDIA|HERNANDEZ|TOALA
MI23364|6700|ZD1|ALEXIS|GONZALEZ|DOMINGUEZ
MI02018|6700|9T2|NELLY RUBI|GORDILLO|GOMEZ
MI20821|6700|ZH0|ARTURO CUAUHTEMOC|MARTINEZ|MARTINEZ
MI19213|6700|9T2|MARIO ARTURO|ALQUISIRIS|ORTEGA
MI03449|6700|ZD0|SANDY BERENICE|ESPINOSA|MARROQUIN
MI32722|6700|ZH0|GABRIELA|CASTELLANOS|SANTIAGO
MB82552|6700|ZD0|KENIA GUADALUPE|CRUZ|VERA
MB95796|6700|9T2|MAURICIO ALEXANDER|PEREZ|QUIROZ
MI17371|6700|9T2|CESAR ALBERTO|SANTIAGO|PINEDA
MI04633|6700|ZH0|JESUS|VELAZQUEZ|SOLIS
MB48663|6700|ZD0|BRENDA ELIZABETH|LARA|MEZA
MI17397|6700|ZH0|DULCE GABRIELA|NUCAMENDI|LOPEZ
MB82552|6700|ZD1|KENIA GUADALUPE|CRUZ|VERA
MB50121|6700|ZD0|MISAEL YSMAEL|PEREZ|PEREZ
MI19213|6700|9SX|MARIO ARTURO|ALQUISIRIS|ORTEGA
MI14427|6700|ZD1|JOEL ISAAC|CLEMENTE|MOLINA
MB00100|6700|9T3|MAYELI DEL CARMEN|GOMEZ|FLORES
MI30102|6700|ZD1|CINTHIA RUBI|SARMIENTO|DOMINGUEZ
MB80732|6700|6QF|ANDREA|BAEZA|SANTIAGO
MI12406|6700|ZD1|ANDREA|BALCAZAR|MORALES
MI32629|6700|ZD1|ERIKA YESENIA|LOPEZ|MANGA
MB11934|6700|9TH|ADRIANA|LEON|MATIAS
MB55600|6700|9TZ|JORGE ALBERTO|PEREZ|MORALES
MI19213|6700|ZH0|MARIO ARTURO|ALQUISIRIS|ORTEGA
MI23364|6700|ZD2|ALEXIS|GONZALEZ|DOMINGUEZ
MI10623|6700|ZD1|ARIANA MONSERRAT|JOSE|PEREZ
MB29108|6700|9T2|BLANCA CECILIA|ORDOÃEZ|SANCHEZ
MB14548|6700|9TH|DANYA BRASIL|CAMPOS|PAULIN
MB02014|6713|ZD1|CLAUDIA|CRUZ|SALINAS
M171730|6713|5B6|ELSA DEL ROCIO|MEZA|CRUZ
MB96188|6713|ZD1|LILIANA GRISEL|GOMEZ|MOTA
MB96188|6713|ZH0|LILIANA GRISEL|GOMEZ|MOTA
MB79357|6713|ZD1|GIOVANNA|ZARATE|CRUZ
MB94774|6713|9T2|MELVIN ALEXIS|DAMIAN|LOPEZ
MB79357|6713|ZH0|GIOVANNA|ZARATE|CRUZ
M906719|6713|9TG|DOMINGO|MARTINEZ|CRUZ
MI12194|6713|9T2|JAVIER|RAYO|HERNANDEZ
MB47952|6713|ZD0|CHRISTIAN|TRINIDAD|CRUZ
MB99554|6713|ZH0|TERESA DE JESUS|CABALLERO|GIRON
MB88453|6713|ZD1|ROSEMBERGS ALTOBELLY|CRUZ|CRUZ
MB75043|6713|ZD1|JOSE CARLOS|MONDRAGON|ARREOLA
M816779|6713|9T3|AMIR|CHACON|LOPEZ
MB94774|6713|ZD1|MELVIN ALEXIS|DAMIAN|LOPEZ
MI32161|6713|ZD1|BETSARAI|BRINDIS|RAMIREZ
MB49618|7696|9LZ|HECTOR NAHUM|ZAZUETA|CORRALES
M381897|7696|UW1|ROMULO|ROMO|GALVEZ
M382148|7696|9LZ|ENRIQUE|CASTRO|ARMENTA
MB17152|7696|6UB|MARCELA|MILAN|COPPEL
MB58511|7696|4L7|KARLA MARIANA|OSUNA|NORIZ
MB13352|7696|VG0|ROBERTO|AMEZCUA|ANGULO
MB84995|7696|VG0|OMAR SALVADOR|PEREZ|FONSECA
MB58511|7696|VR2|KARLA MARIANA|OSUNA|NORIZ
MB17152|7696|9TV|MARCELA|MILAN|COPPEL
MB95692|7696|VR2|NILY ANGELICA|BELTRAN|REYES
MB81030|1513|9TG|SAMANTHA GISELLE|PORTILLO|OCHOA
M906670|0296|9TG|JUAN IVAN|MALDONADO|GAUNA
MB49662|5765|9TH|GUADALUPE DEL ROSARIO|ENRIQUEZ|GARCIA
MB84995|7696|VG0|OMAR SALVADOR|PEREZ|FONSECA
MB84995|6406|YON|OMAR SALVADOR|PEREZ|FONSECA
MB81030|0354|9T3|SAMANTHA GISELLE|PORTILLO|OCHOA
M906670|4474|9TH|JUAN IVAN|MALDONADO|GAUNA
M906670|4485|9TG|JUAN IVAN|MALDONADO|GAUNA
MB81030|5036|9TG|SAMANTHA GISELLE|PORTILLO|OCHOA
