CD_CASO|CD_OFICINA|TP_OFICINA|NB_OFICINA|CD_RIEGO|NB_RIESGO|CD_FUNCIONARIO|NB_FUNCIONARIO|CD_LOCALIDAD|NB_LOCALIDAD|CD_MERCADO|NB_MERCADO|CD_DIVISION|NB_DIVISION|CD_BANCA|NB_BANCA
1176615|1513|G|  PLAZA PLATINUM|3|MEDIO MEDIO|000000||0919269|CHIHUAHUA||||||
1176615|7921|R|CUMPLIMIENTO|0||||1001002|CIUDAD DE MEXICO||||||
1180636|7696|G|GOBIERNO SINALOA|1|BAJO|122200|ROMULO ROMO GALVEZ|3616176|CULIACAN|||2134|DIVISION NOROESTE|2450|RED BCA DE EMPRESAS Y GOBIERNO DIRECCION
1180636|7921|R|CUMPLIMIENTO|0||||1001002|CIUDAD DE MEXICO||||||
1185772|4485|G|MONTERREY CENTRO PRINCIPAL|6|EXTREMO|013620|RAFAEL GERARDO SANTOS BARRERA|2340009|MONTERREY|3376|DZ MONTERREY VISTA HERMOSA|3370|DIV. NORESTE|2200|OPERATIVO CREDITO AL CONSUMO
1185772|7921|R|CUMPLIMIENTO|0||||1001002|CIUDAD DE MEXICO||||||
1197600|5765|G|PLAYA DEL CARMEN OFNA PRINCIPAL|6|EXTREMO|504950|GUADALUPE DELROSARIO ENRIQUEZ GARCIA|3405699|PLAYA DEL CARMEN|3082|DZ CANCUN|2660|DIV. SURESTE|2200|OPERATIVO CREDITO AL CONSUMO
1197600|7921|R|CUMPLIMIENTO|0||||1001002|CIUDAD DE MEXICO||||||
1198373|3607|G|D.F. SERVICIOS BANCARIOS AL PERSONAL|2|MEDIO BAJO|112350||1001002|CIUDAD DE MEXICO|2577|DZ COYOACAN|3170|DIV. METROPOLITANA ADJUNTA II|2200|OPERATIVO CREDITO AL CONSUMO
1198373|7921|R|CUMPLIMIENTO|0||||1001002|CIUDAD DE MEXICO||||||
